name,latitude,longitude
Shrawan Yeshwante Chowk (Parel) #1,18.987599384235878,72.84149438251103
Janta Colony Or Shiv Mandir (Kandivali West) #1,19.200081166266997,72.83399578711989
Indian Hume Pipe Company (Antop Hill) #1,19.021741831243375,72.86613475243807
Hindustan Oil Mill (Asalpha) #1,19.10687738832836,72.89143067638062
Wadala Truck Terminal (Sion) #1,19.034564611953815,72.87437335858964
Khar Telephone Exchange (Khar West) #1,19.070231941734235,72.83416123619365
Reay Road Railway Station (Byculla) #1,18.976181953385787,72.84549836135962
Chhatrapati Shivaji Maharaj Terminus (Fort) #1,18.93991184059522,72.83827180601989
Kendriya Vihar Sector 12 (Navi Mumbai) #1,19.037473525829995,73.06577666749384
Calico Chemicals (Trombay) #1,19.022365249839236,72.8978235858965
Dockyard Road Railway Station (Mazgaon) #1,18.96626809504709,72.84448416742742
Anjuman College (Chor Bazaar) #1,18.961694220757668,72.82584095920134
Kanjur Village (Kanjurmarg East) #1,19.13253653724531,72.93620325950718
Shastri Nagar (Goregaon West) #1,19.160363408106527,72.83497533221772
Tata Power House (Vikhroli West) #1,19.11597933576417,72.91617254815627
Bhoomi Acres Thane #1,19.260821834760648,72.9790518777899
Kamothe Junction (Navi Mumbai) #1,19.02364478162244,73.09826911959439
AH Ansari Chowk (Byculla West) #1,18.973990182589684,72.83235926331614
Kolbad (Thane) #1,19.204124772223295,72.97729874020432
Strand Cinema (Colaba) #1,18.91732281040448,72.82745144388632
Juhu Bus Station #1,19.10664497118487,72.8269418630834
Gundecha Park (Kandivali East) #1,19.21199896528274,72.87752882791855
Catering College Or Suryavanshi Kshatriya Sabhagruha Hall (Dadar) #1,19.023876745633014,72.83506778157997
Model Town (Mulund West) #1,19.184637022817494,72.94435149379636
Acharya Atre Chowk (Worli) #1,18.9991297882133,72.81727170184317
N G Park (Dahisar East) #1,19.243031491836053,72.87151097081151
Subhash Nagar (Jogeshwari East),19.135903614551292,72.85145374013322
Mhada Colony Hiranandani (Powai) #1,19.115166,72.905225
E S I S Hospital Worli #1,19.003936361842563,72.81779962439916
Byculla Station East (Chinchpokli) #1,18.97655535714313,72.83358655952455
Nana Chowk (Tardeo) #1,18.96200149482051,72.8141872130485
Mira Bhayandar Mahanagar Palika #1,19.30173184178472,72.84821973062368
Lokmanya Tilak Hospital (Sion) #1,19.037908963180563,72.86115048756456
Shree Ram Mill (Worli) #1,18.998421574208518,72.82106907357598
Ramesh Nagar (Sainik Nagar) #1,19.132177747486367,72.84303975452242
Maharishi Arvind Chowk (Mulund West) #1,19.17469909748285,72.95096081072187
Sheetal Sarovar (Mira Bhayandar) #1,19.28202098302501,72.86800966778233
Prarthana Samaj (Girgaon) #1,18.957066362070243,72.82036487950849
Terna Vidyalaya (Navi Mumbai) #1,19.03854338526013,73.0146526538886
Diamond Market (Bandra East) #1,19.065836055115778,72.86748316592269
Lalji Pada Police Chowki (Kandivali West) #1,19.203764,72.83409471440936
Akshay (Bandra West) #1,19.051617669820484,72.83141984263372
Gujrat Society Or Dayaldas Road (Vile Parle) #1,19.097014483638127,72.8509509997115
Chunabhatti (Sion) #1,19.051828211725695,72.86733285123204
Shruti Park #1,19.2254920676291,72.98067567735436
Rana And Sons (Kandivali West) #1,19.210438756519768,72.8267252674232
Vashi Highway (Navi Mumbai),19.068576613058227,72.99609730030585
Mandvi Post Office #1,18.95580017393171,72.83290357949114
Poisar Depot (Kandivali West) #1,19.21409654573768,72.85101982975344
Municipal Office OR Bhabha Hospital (Bandra West) #1,19.05739552063626,72.83391351041604
PWD Office (Powai) #1,19.130028825278043,72.89657083097698
Lakshminarayan Residency,19.219072150553128,72.95975948497247
Maharana Pratap Chowk (Mazgaon) #1,18.969151975889357,72.84067227116394
Vashi Railway Station,19.06426636191997,72.99775547965811
Hitko Company (Mira Bhayandar) #1,19.27995265602823,72.87721751145506
Manekji Cooper School,19.08832763464215,72.8272164343586
Srushti,19.27019128217122,72.8686363853941
Fairmont #1,19.114822158651045,72.91349022304725
Maharshi Arvind Chowk (Mulund West) #1,19.17596610937983,72.95223188533687
Versova Link Road (Andheri West) #1,19.123309541296884,72.82429122147848
Kandivali Telephone Exchange (Kandivali West) #1,19.211361737282473,72.85156967055225
Four Bungalows Market (Andheri West) #1,19.128492343604634,72.82557665306713
Canara Bank,19.05880650082374,72.86374428697681
R K Studio (Chembur) #1,19.0478418927404,72.90693928282073
Aarey Hospital Or Municipal School (Goregaon) #1,19.148436078298694,72.87656657729816
Adarsh Nagar Naka (Goregaon) #1,19.150887652992708,72.88221363864898
Hari Om Super Market Waghbil (Thane) #1,19.257386855535742,72.97425021959637
Bethany Hospital (Thane) #1,19.22023770803878,72.96204950429915
Adarsh High School (Bhakti Park) #1,19.024311415957445,72.87684752151537
St Mary School (Santacruz East) #1,19.078258279068066,72.86849333221771
Kamraj Nagar (Kandivali West) #1,19.210082258000572,72.83570526533555
Kailash Industrial Estate (Vikhroli West) #1,19.11213390035383,72.91784867026378
Nerul Bus Station #1,19.038993982251668,73.02005834311989
Ishwarbhai Patel Road (Goregaon West) #1,19.161181661798473,72.85383598977295
Mahim (Mahim West) #1,19.041312607355092,72.84089980241203
Gautam Nagar (Andheri East) #1,19.118712,72.870153
Ahilyabai Holkar Chowk Or Eros Cinema (Churchgate) #1,18.932603851986727,72.82776164807545
Muchhala College (Thane) #1,19.26281174189819,72.96827942270187
Dindoshi Bus Station,19.175711462585245,72.86551123371221
Shivaji Nagar Junction #1,19.0618309738536,72.91897551018619
Shree Saibaba Complex (Goregaon) #1,19.168690800244722,72.86734597668648
Bhuleshwar (Kalbadevi) #1,18.952266489233832,72.82970427147215
Gateway Plaza (Powai) #1,19.12304557185953,72.91283016327849
Anand Nagar (Dahisar East) #1,19.257377031859292,72.86544164141037
Mahatma Gandhi Hospital Or Panvel Naka (Navi Mumbai) #1,19.018838385031778,73.10482470986254
Vakola Police Station #1,19.080265928743483,72.85101390008232
Tata Oil Mill or Hindustan Lever Ltd (Sewri) #1,18.980845151002505,72.85741206994057
Pawar Nagar Bus Station Thane #1,19.229011547416697,72.96635720705177
Vikhroli Station Road West (Vikhroli West) #1,19.11218122046429,72.92614062331724
Swapna Nagari Or Yogi Hill (Mulund West) #1,19.182749167802815,72.94201431807947
Phoenix Chemicals (Byculla) #1,18.985380173290935,72.83752816319465
Pleasant Park Mira Road (Mira Bhayandar) #1,19.275416606668415,72.87713409325407
Bamandaya Pada (Andheri East) #1,19.12295837722901,72.88693081072189
Pandit Paluskar Chowk Or Marwadi School (Girgaon) #1,18.957600148320427,72.81837011656762
August Kranti Maidan (Tardeo) #1,18.96299390219195,72.81056397668648
Madh Temple #1,19.14059452972894,72.7911764254718
Fire Brigade Centre Or Kharodi Colony (Malad) #1,19.195302797513374,72.82202810375689
Raj Kumar (Andheri West) #1,19.126690383563215,72.83897606994059
Mohammed Estate Or Kapadia Nagar (Santacruz East) #1,19.073812298514554,72.87100182849552
Kala Nagar (Bandra East) #1,19.05311212265055,72.84695920953321
Wilson College (Gamdevi) #1,18.956638529710396,72.8102042828207
I I T Market (Powai) #1,19.128072109115994,72.91907408159734
Pandurang Wadi (Goregaon West) #1,19.173628962376508,72.85068284540365
Swavalamban Bhavan,19.060789216893802,72.86248859694157
Borivali Station West (Borivali West) #1,19.230246633359407,72.8566556150384
Jai Mahakali Mandir (Borivali) #1,19.241360763264865,72.86383515661917
Nana Chowk (Tardeo) #2,18.96210480390933,72.81250308407878
Mano Bina Apartment (Andheri West) #1,19.11614189950238,72.84098967886212
Hira Mongi Navneet Hospital (Mulund West) #1,19.171090642796422,72.95048842819058
Behram Baug (Andheri West) #1,19.146798583645502,72.83650069109585
Siddharaj Society (Borivali East) #1,19.234962082754855,72.87218698042628
Hutatma Chowk (Fort) #1,18.932542011280518,72.83112485537663
Patkar Compound (Bhandup West) #1,19.159361379390514,72.93092728282069
Barkat Ali Dargah (Antop Hill) #1,19.01992153825867,72.86566477269315
Hindustan Company (Vikhroli West) #1,19.121595105842275,72.92556969634727
Bharat Diamond Bourse (Bandra East) #1,19.064076132791676,72.86548128559063
Ishwarbhai Patel Road (Goregaon West) #2,19.16124346847172,72.85392943435858
Parsi General Hospital (Cumballa Hill) #1,18.968297218886395,72.80341009631252
Balkum Naka (Thane) #1,19.2213897184838,72.98975785734895
Vikas Vidyalaya (Vikhroli) #1,19.118204565024918,72.93745215736627
Amrutvan Society (Goregaon) #1,19.172088224951985,72.86476225985056
Shivaji Nagar Junction #2,19.062804766749082,72.91840625090883
Ghatkopar Station East (Ghatkopar East) #1,19.08510229450718,72.90856292381905
Andheri Market (Andheri West) #1,19.12336596902914,72.84347608465576
Ram Mandir (Goregaon West) #1,19.152110618913287,72.84445470275257
Ram Ganesh Gadkari Chowk (Shivaji Park) #1,19.0259906116757,72.840778122396
Khadi Bhandar (Fort) #1,18.93679882270403,72.8338853110364
Bhayandar Railway Station West (Mira Bhayandar) #1,19.312150342285772,72.85181930560847
Virwani Estate (Goregaon) #1,19.169767265410748,72.85981492094622
Foreign Post Office (Fort) #1,18.935063128565233,72.8403119650297
Chakala Market (Kalbadevi) #1,18.949427033997157,72.83491727947379
Pandya Hospital (Borivali West) #1,19.233412564072587,72.85327376992319
Adarsh Nagar,19.015940256391918,72.82311709908245
Maitri Park (Chembur) #1,19.049969661710385,72.90475764141036
Bal Bharti (Kandivali West) #1,19.20023401939754,72.84883543130016
Bank Of Baroda BKC (Bandra East) #1,19.06129919845068,72.86306645568472
Strand Cinema (Colaba) #2,18.91720768,72.82740082
Bhakti Bhavan Sector 46,19.0123,73.0131
Jai Mahakali Mandir (Borivali) #2,19.24142375614039,72.86433035945855
Kadam Pada (Mulund West) #1,19.178541460864547,72.94708772854757
Lokhandwala Complex Junction (Andheri West) #1,19.14145420625409,72.8316286874604
Antop Hill Extension (Sangam Nagar) #1,19.024598001057928,72.87016210929679
General Arun Kumar Vaidya Marg Junction (Goregaon) #1,19.173995705620534,72.85845598519066
Nav Society,19.102279831445706,72.85324022607745
Shangrila Company (Bhandup West) #1,19.1556614137159,72.93743419233653
Sahar Post And Tar Colony No 2 (Vile Parle) #1,19.101463596212536,72.86321276715326
Vallabh Park (Ghatkopar East) #1,19.077959096071954,72.9124017754631
Dr K B Hedgewar Chowk (Mulund West) #1,19.16382896732089,72.9383688340354
Delta Tower #1,18.970974593832242,73.0132065831439
Kharghar Gram Panchayat (Navi Mumbai) #1,19.04495438054218,73.07910587595502
Jankidevi Vidyalaya (Andheri West) #1,19.13987164704729,72.82083817790983
Nirmal Life Style Or Hoechst Company (Mulund West) #1,19.165815312037726,72.93830908713721
Gandhi Nagar (Bhandup West) #1,19.125302826078336,72.92619775468971
North Bombay School (Ghatkopar West) #1,19.096562793486868,72.90787659447389
Dhokali Naka #1,19.227230053824083,72.98073221242781
Government Law College (Churchgate) #1,18.935636805586743,72.82420096197129
Ghatkopar Bus Station (Mankur) #1,19.0880923833258,72.91832381072187
Colaba Bus Station Post Office #1,18.911178399522637,72.82089911599061
Sai Amrut Society (Borivali West) #1,19.240698103295344,72.85854646904039
Durga Nagar (Goregaon) #1,19.138338686719973,72.87209888066243
Jaibhim Nagar (Goregaon) #1,19.17033003502578,72.87478863835193
Vidya Nagari (Santacruz East) #1,19.072525765616398,72.86094188649082
Poonam Chember Or Shivsagar Estate (Worli) #1,18.992024508832873,72.8142202821598
Marathon Chowk Teen Hath Naka (Thane) #1,19.18739606828896,72.9641025423279
Airoli Sector No 16 (Navi Mumbai) #1,19.14989704644277,72.9927475656414
Lallubhai Compound Police Chowki (Govandi East) #1,19.052999,72.927126
Fish Market (Dahisar East) #1,19.247929995343142,72.8690195165596
Ghatkopar Police Station (Ghatkopar West) #1,19.087075028247735,72.89998145490219
Kala Vidyalaya (Malad West) #1,19.18173427509227,72.81330743355133
Adarsh Market (Navi Mumbai) #1,19.013005757384708,73.01790838467313
Post and Telegraphs #1,19.169291328795193,72.94549305975389
State Bank Employees Colony (Malad East) #1,19.180354350042716,72.85434638773155
Sant Gadge Maharaj Chowk (RTO Colony),18.98138544207112,72.82587832944776
Bandra Talkies Or Shroff Eye Hospital (Bandra West) #1,19.06083640754369,72.83721963252356
Worli Dairy #1,18.99769362871616,72.81180344820834
M H B Colony (Jogeshwari East) #1,19.13375944763911,72.86286120705175
Mulund West Check Naka Bus Station #1,19.183007100569036,72.95356724070156
Jain Mandir Om Nagar,19.108431512242188,72.86798809048413
Tapeshwar Mandir (Goregaon) #1,19.136614673419263,72.88901155704305
Matunga Station West,19.030006628962205,72.84703613128282
N M Joshi Marg Police Station (Lower Parel) #1,18.991316224947937,72.83149249264241
Hindustan Company (Vikhroli West) #2,19.121892876366786,72.92538562975362
Bal Bharati Vidyalaya Kharghar (Navi Mumbai) #1,19.033684332303512,73.06249420219639
Motilal Nagar Post Office (Goregaon West) #1,19.159223054517646,72.84066559230185
Mira Road Sector 10 (Mira Bhayandar) #1,19.27585638330247,72.85985873811447
Blossom Company (Andheri East) #1,19.11700997673035,72.88158942566348
Akshay (Bandra West) #2,19.05227430881654,72.8324779740901
Saibaba Road (Parel) #1,18.99475894012928,72.84119896225977
Dattani Park (Kandivali East) #1,19.211649969032262,72.86857798557331
Smallscale Industries (Goregaon) #1,19.16099603467031,72.8570550874257
Dyaneshwar Nagar (Sewri) #1,19.005542116746224,72.85411755034923
CGS Dispensary (Antop Hill) #1,19.02979222359818,72.86302754509784
Nehru Nagar Or Shantaram Raut Chowk,19.06145155667271,72.87994832084944
Dr Ambedkar Chowk (Goregaon) #1,19.17354103110973,72.85709993808076
Manjiri Paradise Sector 35 Kharghar (Navi Mumbai) #1,19.069127885255636,73.0754251457095
Mahavir Nagar Or Link Road,19.214727532788025,72.8380113119626
Cheeta Camp (Trombay) #1,19.038529086530218,72.94465522147844
Vashi Village (Navi Mumbai) #1,19.06962560962061,72.98749533527612
Tata Nagar Or Sambhaji Nagar (Govandi East) #1,19.0519455973292,72.9214579244997
R C F Colony,19.14980949110272,72.94892433837916
Tunga Village (Powai) #1,19.12127559599054,72.8910820058284
Sunder Nagar (Mira Bhayandar) #1,19.28435244788476,72.87118930976963
Pali Hill Naka,19.060283267579145,72.82953407576895
Bandra Colony Bus Station,19.06161309735056,72.85074725148584
Kora Kendra (Andheri West),19.13405056023849,72.8320225128975
Maharashtra Nagar (Bandra East) #1,19.06473516886278,72.85160392423107
Kamani (Kurla West) #1,19.084977178156105,72.88714831807945
Yashwantrao Chavan Pratishthan (Churchgate) #1,18.92666886392534,72.82701701972519
Sector 35 Kharghar (Navi Mumbai) #1,19.069475400356488,73.07293929944036
Vasudeo B Phadke Chowk (Marine Lines) #1,18.942994425516066,72.82808996751118
Navrang Hotel (Navi Mumbai) #1,19.03937133869459,73.06737059478331
Yerala Medical Centre (Navi Mumbai) #1,19.031676018724724,73.06080925062037
Jijamata Udyan (Byculla) #1,18.981401730673603,72.83466450735759
Indira Nagar (Sewri) #1,18.992711165768537,72.8545864056274
Pushpa Heritage,19.210666602172907,72.83873406994054
Chhatrapati Shivaji Maharaj Chowk (Vile Parle) #1,19.110169767915565,72.84934472300769
Tolani Naka (Andheri East) #1,19.129627137701917,72.86561109602404
Gurunanak Vidyalaya (Andheri East) #1,19.129909808229122,72.86306331779097
Jaibhim Nagar (Goregaon) #2,19.17027018175653,72.87479366749383
Tata Colony (Bandra East) #1,19.06058057289571,72.85794129724742
Chandan Cinema (Juhu) #1,19.114938324203152,72.8276771368227
Dr Shyamaprasad Mukherji Garden (Lokmanya Tilak Nagar) #1,19.23073300304716,72.85076269969416
Dmonte Garden (Bandra West) #1,19.059662274080225,72.82611602885345
Diamond Market (Bandra East) #2,19.06656613761214,72.86587716625309
Ambika Mill Bus Depot or Haji Usman Seth Rakhangi Chowk (Mahalakshmi) #1,18.988044580174613,72.8228839009175
Rani Laxmibai Chowk (Sion) #1,19.047237261387373,72.86551571440936
Khedekar Wadi (Mulund East) #1,19.166628994173244,72.95443879600668
Malad Station East Or Poddar Park (Malad East) #1,19.184608200736427,72.85008858006812
Rashmi Rathi Society (Kandivali West) #1,19.21532294147898,72.83588499971152
DY Patil Stadium,19.0425047539312,73.02822078711986
S Bridge Or Mandlik Chowk (Chinchpokli) #1,18.98107851397161,72.83203751219399
Pipe Line (Mulund West) #1,19.17759421729049,72.94012929141904
Nelco (Andheri East) #1,19.117243146821842,72.86290405187847
Patidar Colony (Borivali) #1,19.240663627577927,72.86473499426769
Vasudeo B Phadke Chowk (Marine Lines) #2,18.942239053041387,72.82941109401956
Marwa Road Junction (Andheri East) #1,19.10911684120698,72.88764645184374
Parsi Colony Juhu #1,19.099702880659017,72.827558266931
Kopra Village (Navi Mumbai) #1,19.03725953551007,73.07296834110451
Best Nagar (Goregaon West) #1,19.153259630432746,72.84183428310921
RTO Camp Ghodbunder (Mira Bhayandar) #1,19.28431827666556,72.88997739327145
Mulund Toll Naka Or Mhada Colony (Mulund East) #1,19.17003270785976,72.96712174049281
I N S Ashwini Hospital (Colaba) #1,18.901400709218603,72.81456684713132
Shantivan Road Junction Oshiwara (Andheri West) #1,19.15136200627999,72.83169154647767
Deonar Depot (Chembur) #1,19.045571658500368,72.91076984846212
Mhada Colony (Chedda Nagar) #1,19.06269519731794,72.91554530642271
Samana Pariwar (Goregaon) #1,19.176149933966364,72.87622906994058
Marve Village (Malad West) #1,19.195534377194384,72.79988246407747
Gandhi Market (Sion) #1,19.03281631592156,72.85909833441066
Darya Mahal (Malabar Hill) #1,18.953124859200337,72.79750288008546
Vashi Sector 10 And 15 (Navi Mumbai) #1,19.08104121798568,72.99909939355992
Acharya Garden Or Diamond Garden (Chembur) #1,19.052633042557655,72.89909899999999
Shree Krishna Nagar Shantivan (Borivali) #1,19.23351544439966,72.86409246073056
Bank Of Baroda Malad West,19.178649416736366,72.83409102331353
Scout Camp Or Gyansagar Vidyalaya (Andheri West) #1,19.14605073053986,72.8334081107392
Motilal Nagar Number 2 (Goregaon West) #1,19.163489938324084,72.8357597668648
Maharashtra State Co Operative Bank (Navi Mumbai) #1,19.069840883476285,73.00199911224935
Bhagwati Hospital (Borivali West) #1,19.2405940789435,72.85447268220904
Sanskriti Apartment (Kandivali East) #1,19.213246749445435,72.86367790247483
Malad Depot (Malad West) #1,19.184103066519004,72.83507407299903
Narmada Or Vartak Nagar (Thane) #1,19.210549378192795,72.96165178063107
Jagatdeo Narayan Verma Chowk or Kapol Niwas (Matunga East) #1,19.0246527948398,72.85338658618495
Deonar Fire Brigade Colony (Govandi East) #1,19.055722830965067,72.92216181655027
Madkebuwa Chowk (Parel) #1,19.002717755069476,72.8384699214611
Marathi Vidyalaya Ghatkopar East #1,19.08862431956646,72.91687343741702
Pathan Wadi (Malad East) #1,19.181208408627242,72.85866001967811
Wadavli Village Or Borla Society (Chembur) #1,19.04608366156196,72.90135908130881
Ismail Yusuf College (Jogeshwari East) #1,19.137522064125534,72.85507437024643
Garware Chowk (Vile Parle) #1,19.109230054586718,72.85205579323672
Kamlakar Walawalkar Udyan,19.152831832824887,72.82830130030584
Mulund Railway Station (Mulund West) #1,19.171564356179356,72.95490170587917
Maxus Mall Bhayander West,19.29472283372857,72.85024086083942
Sewree Railway Phatak (Sewri) #1,18.9927267808344,72.85078620122336
Magathane Telecom Exchange (Kandivali East) #1,19.216144216170427,72.86693651901436
Huma Cinema (Bhandup West) #1,19.12927748616198,72.92581263558199
Prathamesh Complex (Andheri West) #1,19.13745447728303,72.83721969109583
Vikhroli Bus Station East #1,19.110315097875024,72.92903587454556
JB Nagar (Andheri East) #1,19.112410605096795,72.86664926009166
Gandhi Nagar (Bhandup West) #2,19.12522204962409,72.92382668192054
Hare Ram Hare Krishna (Juhu) #1,19.11307626717506,72.82615724479199
Walmiki Nagar,19.067253251808,72.8543064052167
Post And Telegraphs (Mulund West) #1,19.171230003197824,72.94358960038603
Vashinaka M M R D A Colony (Chembur) #1,19.030963775568708,72.90313005491446
Ghodbunder Village Junction (Mira Bhayandar) #1,19.286921431573965,72.89387865745307
Matunga Labour Camp (Dharavi) #1,19.038462955792774,72.85309611408614
B P T Colony Wadala East (Antop Hill) #1,19.017665176867226,72.86410326062989
Indian Oil BKC,19.058913889019472,72.86480141771015
Bhayandar Station East (Mira Bhayandar),19.312246858482517,72.85355078406141
Juhu Shopping Centre (Andheri West) #1,19.115641947807593,72.8348756153269
Khar S V Road (Khar West) #1,19.069891127460497,72.83779101165676
Parsi General Hospital (Cumballa Hill) #2,18.968567996578795,72.80358242824173
Chunabhatti Bus Terminus (Sion) #1,19.051487213855548,72.8686503571472
Saint Andrew Church (Bandra West) #1,19.054725726076708,72.82574971192788
Milap Talkies (Kandivali West) #1,19.196279346770083,72.84752805245542
Khewra Circle #1,19.232799455422875,72.96974996553564
Navghar Phata #1,18.899921404406548,72.98469759211555
Sadbhakti Mandir (Jogeshwari East) #1,19.12947,72.849959
Dr Bhadkamkar Marg Junction (Grant Road) #1,18.960266062688184,72.8171654142567
St Joseph Technical School (Kurla West) #1,19.080927141762118,72.8886503524728
Oberoi Woods (Goregaon) #1,19.16915291598448,72.8645286239252
Riddhi Siddhi Society (Mulund East) #1,19.16946136890218,72.95481181378031
Madh Church Or Madh Beach #1,19.144578063732823,72.79019041410349
General Arun Kumar Vaidya Marg Junction (Goregaon) #2,19.17578247722791,72.85938556001852
Shrirang Society Thane #1,19.20613742471293,72.98012674117948
Fire Brigade Centre Or Kharodi Colony (Malad) #2,19.196642420840696,72.82168048710251
Sarvodaya Hospital (Ghatkopar West) #1,19.088738847252422,72.90690226285412
Chhatrapati Shivaji Maharaj Talao (Bhandup West) #1,19.147599718493627,72.92961510491084
Kanheri Caves,19.206828617567083,72.90398765503026
Bhayander Station East,19.30972485583617,72.85328011907782
Terna Engineer College Koperkhairane (Navi Mumbai) #1,19.11117284524373,73.0034248662357
State Bank (Andheri East) #1,19.115247,72.879792
Mahatma Phule Market (Fort) #1,18.943887097300667,72.83446450735758
Doordarshan,19.00631344113094,72.81965507054356
Chowpati Band Stand (Malabar Hill) #1,18.955779294014487,72.80912719233655
Ruby Mill Or Zarapkar Stores (Dadar) #1,19.024103155453684,72.84506589454091
Hanuman Mandir (Bhandup West) #1,19.157499977517084,72.94351037330482
Bhakti Palace (Dahisar West) #1,19.255957020498908,72.84963540054225
Bharatmata Cinema (Parel) #1,18.994794,72.83843322
Shivraj Bhavan,19.00630602295812,72.8345624490738
Century Mills (Lower Parel) #1,19.00632631081547,72.82466561047887
Gagandeep (Vile Parle West) #1,19.113808167923658,72.83668205245542
Samata Nagar Building Number 3 and 5 (Kandivali East) #1,19.205818717840163,72.8679143122511
Hindustan Chowk (Mulund West) #1,19.176902999999996,72.93859164141035
Siddharth Nagar (Thane) #1,19.18247475691656,72.9706883509774
Income Tax Office (Bandra East) #1,19.059048020448063,72.85467022176695
Babulnath Junction (Gamdevi) #1,18.960240193371835,72.80938273599195
Dahisar Station Road East (Dahisar East) #1,19.248616957609823,72.8624444432454
Tagore Nagar No 5 (Vikhroli) #1,19.124987099981176,72.92893432309863
Indian Bank Hiranandani Thane West #1,19.253875335105494,72.98162911933755
Reliance Fresh Corner (Navi Mumbai) #1,19.046870969084353,73.07506852990966
Wadala Station Or P And T Quarters #1,19.016613859757864,72.85859745074464
Hanuman Mandir (Bhandup West) #2,19.151701565924455,72.93324297668647
Dharivli Village (Madh) #1,19.169555967078807,72.79566064141036
Kabutarkhana (Dadar) #1,19.018568241334982,72.84001781932018
Aksa Chowpathy #1,19.173104835222347,72.79720774754458
Rajshree Cinema,19.2509842513989,72.86349302054354
Adarsh Nagar (Malad East) #1,19.18744368807427,72.86306530919265
Additional Police Commissioner Office (Bandra West) #1,19.062349055304832,72.82226458312654
Mahavir Nagar Extension Or Parijat Society (Kandivali) #1,19.214455000000008,72.83953700000004
Khanda Gaon Netrajyot Hospital #1,19.00977448044572,73.10746310055227
Sewree Naka (Parel) #1,18.99762467158344,72.84980259589321
Khindipada (Mulund - Goregaon Link Rd) #1,19.166609915813474,72.92971644018697
Kranti Nagar Andheri,19.10843850407978,72.86604763558198
Panchsheel Apartment (Borivali West) #1,19.213450320544496,72.84136131779098
Mindspace Airoli #1,19.163197783116747,73.00000268220899
Adishakti Nagar Or Pipe Line (Mulund West) #1,19.18538186986992,72.9463498840094
Hemgiri Society (Borivali) #1,19.236491057984036,72.86395633426162
Desai Bungalow (Thane) #1,19.205079294954423,72.97807855717429
N L Complex Junction (Dahisar East) #1,19.260174403739153,72.86529680766346
APMC Fruit And Vegetable Market (Navi Mumbai) #1,19.07654297797731,73.00974692088414
Gadkari Quarry (Trombay) #1,19.019504000000012,72.90771700000002
Madkebuwa Chowk (Parel) #2,19.004435314057453,72.8410079358878
Bahalepada (Goregaon) #1,19.163773245977534,72.88464292394258
Abhishek Apartments (Andheri West) #1,19.120871999999995,72.82643653067113
Mumbai Central Station Or S T Depot (Dalal Estate),18.96881271940255,72.82039798251486
Acharya Udyan (Chembur) #1,19.053397264138344,72.89995591016054
Ganesh Mandir Or Kastur Park (Borivali West) #1,19.223722854361043,72.84872307825042
Helan Kelar Institute (Navi Mumbai) #1,19.113415046187697,73.0120012281723
SG Barve Road Junction (Chembur) #1,19.056546596714313,72.8874114037971
Sunflower Society (Kandivali East) #1,19.21449919674979,72.87438377442407
Nehru Planetarium N S C I,18.98686007412943,72.81428794171619
Income Tax Office (Marine Lines) #1,18.938446878432632,72.82722752484273
Ulave Node #1,18.971997562383386,73.03455112059376
Deonar Police Station (Govandi East) #1,19.058210761418472,72.91788592117261
Colaba Bus Station (Cuffe Parade) #1,18.913903612163505,72.82267236164809
Juhu Shopping Centre (Andheri West) #2,19.115471198529917,72.834918195395
Maheshwari Udyan (Matunga East) #1,19.026722343739124,72.85467458133697
Dadar Railway Station West #1,19.018046571222552,72.84163180133957
Poddar Hospital,19.003267654223134,72.81590621288014
Navy Nagar Colaba #1,18.907375403185032,72.80862683377565
Nava Gaon (Dahisar West) #1,19.251371050008192,72.85372798834327
Goregaon Check Naka No 2 (Andheri East) #1,19.12611931780908,72.87959330890419
Kurla Level Crossing (Kurla West) #1,19.058516455625433,72.87140329782439
Kamani (Kurla West) #2,19.084188659474382,72.88417508390523
Garware Chowk (Vile Parle) #2,19.109194889657136,72.85208328587912
Jungal Mangal Road,19.150563274673775,72.9338430349703
Nalanda Society (Ghatkopar East) #1,19.07485322474648,72.91270208159735
Maratha Colony (Santacruz East) #1,19.07390975665034,72.84700543626309
Mulund Railway Station West (Mulund West) #1,19.17401666525089,72.95440630281263
Chikoowadi (Borivali West) #1,19.219545342335767,72.8394770582838
Dainik Shivner (Worli) #1,18.9932,72.8224
Lalji Pada (Kandivali West) #1,19.201421839107926,72.83384927422239
Bhandup Station East (Kanjurmarg East) #1,19.142635405404587,72.93929532266442
600 Tenament Gate (Govandi East) #1,19.05443913479321,72.92122510156393
Bawla Masjid (Lower Parel) #1,18.994760955438835,72.83147278129147
Kalwa Bridge (Thane West) #1,19.197342701457988,72.98326645824909
Rawli Camp (Sion) #1,19.03661013114057,72.86905302608345
Gandhi Nagar Thane #1,19.21829573813713,72.97021759478329
Sewree Court (Sewri) #1,18.99654595570741,72.85298306411217
New India Bank,19.28169770615039,72.8605062300768
Dr Suchak Chowk (Malad East) #1,19.187548050047607,72.85007775214959
Ghobandar Village (Mira Bhayandar) #1,19.291670507404433,72.88934841104506
Gothivali Village Or Rabale Railway Station (Navi Mumbai) #1,19.13775816746447,73.00309908159733
Balkum Pada Number 1 (Thane) #1,19.22179406338257,72.99118532220587
Bawla Masjid (Lower Parel) #2,18.994450278916368,72.83133418621969
Badhwar Park,18.919843951486605,72.82581506440069
Khareghat Road,19.0191,72.8512
AH Ansari Chowk Or New Nagpada (Madanpura) #1,18.966593731716035,72.83261344324539
Raj Bucket Factory (Mira Bhayandar) #1,19.288053151784027,72.88972862392521
L And T Gate No 6 (Powai) #1,19.12395796091024,72.89272472883606
Crown Cooperative Housing Society (Thane) #1,19.25884441477025,72.97890906140191
Maharana Pratap Chowk (Mazgaon) #2,18.968446195434744,72.84139940215829
Priyadarshini Or A T I (Sion) #1,19.053627313815117,72.88100472476414
Marina Enclave #1,19.202435759820492,72.8165742883606
Poonam Nagar (Jogeshwari East) #1,19.13587560200153,72.87013254815625
Parsi Agyari (Malabar Hill) #1,18.94953770767294,72.8008840095322
Delta Tower #2,18.971246631332566,73.01351035887814
Rambhau Bhogale Municipal School (Byculla) #1,18.98203550893344,72.84086580183508
Unit No 7 Aarey Colony (Goregaon) #1,19.158176240172367,72.87905981510781
Haffkine Institute (Parel) #1,19.001184545279205,72.84468241381501
Lokmanya Tilak Hospital (Sion) #2,19.03759088013959,72.86084223313526
Oshiwara Police Station (Andheri West) #1,19.14823706754228,72.83124705274389
Muktai Nagar #1,19.211063273759684,72.9771512972474
Tractor Gate Number 3 Or Vasa Hospital (Kandivali East) #1,19.20082581887919,72.87099250499104
Kala Nagar (Bandra East) #2,19.0536161622844,72.84888811379768
Vashi Highway,19.068947398223262,72.99609094754457
Shakti Nagar (Dahisar East) #1,19.259768798139966,72.86187985457899
Padmashree Mohammed Rafi Chowk Bandra,19.054819532992006,72.83778452236126
Lashyachandi Society (Goregaon) #1,19.172032716345566,72.87131008713722
Kamraj Nagar (Kandivali West) #2,19.208657517287968,72.83513341687349
G T Hospital (Kalbadevi) #1,18.946075974864584,72.83171732944776
Nehru Nagar (Kurla) #1,19.061771119595285,72.88358910491087
Dr B R Ambedkar Udyan (Chembur) #1,19.06007558374986,72.90128341514253
E S I S Hospital (Mulund West) #1,19.17918220011563,72.94531096502975
Erla (Vile Parle West) #1,19.107261087525508,72.8402475706043
B K C Telephone Exchange (Bandra East) #1,19.070673426058693,72.8711945452052
Parsi Agyari (Malabar Hill) #2,18.94938164913243,72.80040467915057
Unit No 2 And 3 (Goregaon) #1,19.16489645424211,72.86745583097695
Airoli Sector No 4 Or Sai Clinic (Navi Mumbai) #1,19.15554157150861,72.9957493297362
Baiganwadi Junction (Shivaji Nagar) #1,19.05871080036114,72.92507650955058
Juhu Nagar Vashi (Navi Mumbai) #1,19.084509327757242,73.00161191257428
Vidya Vihar S T Workshop (Vidyavihar West) #1,19.080852736720793,72.89085290368749
Belpada Village (Navi Mumbai) #1,19.028971316954568,73.06033392423103
Cuffe Parade Police Station (Colaba) #1,18.911903930204858,72.81812965612554
Mitha Nagar (Goregaon West) #1,19.163212499072827,72.83704399417161
Silver Park #1,19.28205270831836,72.8740232828207
Dharan Talao Or Ashtagandha Scotiey (Navi Mumbai) #1,19.010895982766325,73.01645354509785
Vazira Naka (Borivali West) #1,19.23023132819988,72.84373426897098
Municipal Colony Sector B (Goregaon) #1,19.173456737118055,72.87757212181901
Parel Village or Sant Gora Kumbhar Chowk #1,19.00057907742694,72.84605431473256
Sewree Railway Station West (Sewri) #1,18.9985697576744,72.8533866006117
Hira Park (Malad East) #1,19.18628393516525,72.86041441964342
Everard Society (Everard Nagar) #1,19.049328246264384,72.87754802637194
Hutatma Chowk O C S,18.936243164192494,72.8307355947833
Vaishali Nagar (Mulund West) #1,19.187150291026267,72.9457120250596
Railway Hotel Or Charni Road Junction (Girgaon) #1,18.960927888589225,72.81996938190318
Dhobi Ghat Navy Nagar (Colaba) #1,18.906932,72.812916
Krishna Vatika (Dahisar East) #1,19.26328741821974,72.86129373275995
Madanpura,18.969865853850834,72.82810865583706
Maharashtra Nagar (Bhandup West) #1,19.139871,72.928382
Maharashtra Nagar (Borivali West) #1,19.228642334906784,72.85133481349182
Anand Nagar Police Chowky (Thane) #1,19.17361845167801,72.9686263518958
Anita Nagar,19.19719725051639,72.87591831779096
Jaslok Hospital (Tardeo) #1,18.97310606370811,72.8093561803913
Sangharsh Nagar Chandivali (Powai) #1,19.108416444915918,72.90122923178883
Dattani Park (Kandivali East) #2,19.211765985026116,72.86920335858964
State Bank (Andheri East) #2,19.114969492072582,72.87979736441804
Hari Bhakti Dovel Company (Mira Bhayandar) #1,19.281733087202266,72.88978102637195
Kamal Amrohi Studio (Goregaon) #1,19.133638433248187,72.87471530498028
M I D C Or Pass Port Office,19.19211790573685,72.95516566807079
Dr Ambedkar Road (Khar West) #1,19.07011479890988,72.82936591228581
Mhada Colony Malvani (Malad West) #1,19.179074102072807,72.81292457620938
Kala Killa (Dharavi),19.048030861004584,72.85917066472389
Thane Station East #1,19.18519619571957,72.9755779674559
Dr Shyamaprasad Mukherji Chowk Or Museum (Fort) #1,18.925058771447656,72.83237764733988
Vatsalabai Desai Chowk (Mahalakshmi) #1,18.978135386166215,72.81143407714549
Wadala Truck Terminal Main Gate (Sion) #1,19.03612390146619,72.87923048987246
Milan Subway (Vile Parle) #1,19.090319689187204,72.84403250620365
Ravi Kiran Society,19.18067033281858,72.816907291419
Goverdhan Nagar Borsapada (Kandivali West) #1,19.21214690857402,72.84692083762428
Gharkul (Navi Mumbai) #1,19.037972073113657,73.07796347991693
C G S Colony (Kanjurmarg East) #1,19.141920064329657,72.93830025396726
Nency Colony (Borivali) #1,19.237685670908448,72.86376879066445
Sewree Railway Station Phatak (Sewri) #1,19.000648887821782,72.85568449570083
Telephone Exchange (Bandra West) #1,19.05129660588705,72.83630753955792
New D N Nagar (Juhu) #1,19.118453,72.829808
Janta Nagar,19.2129841679164,72.86095264242896
Hanuman Chowk (Mulund East) #1,19.170211665271214,72.95898101194523
Nerul Bus Station (Navi Mumbai),19.039916599572035,73.01956872664309
D A V College (Kanjurmarg East) #1,19.138921024959252,72.93579308713723
Shivaji Nagar Bus Station #1,19.066159784357417,72.92783265029718
Mahatma Phule Market (Fort) #2,18.946703439556927,72.83531594171616
BEST Colony (Wadala) #1,19.00539127101767,72.8483732481389
Juhu Shopping Centre (Andheri West) #3,19.115924206430922,72.83516797610952
Sanjay Nagar (Jogeshwari East) #1,19.13804545721986,72.85516618956662
Everard Nagar (Chembur) #1,19.05063356977386,72.87489305828379
Sheetal Cinema (Kurla West) #1,19.082477393658213,72.88221913012885
Hanuman Chowk (Mulund East) #2,19.169212424578305,72.95963424597852
Kherwadi Junction (Bandra East) #1,19.062207049326673,72.84635846655893
Kandivali Indu Estate Nagar Or Ganesh Nagar (Kandivali West) #1,19.204037137372914,72.82741319014359
Navapada Or Unit No 5 (Goregaon) #1,19.157763905218584,72.8762966969242
Mulund Goregaon Link Road (Mulund West) #1,19.160432803003108,72.94674399111318
Gandhi Market (Sion) #2,19.033866646360675,72.85954139355992
Kapilvastu Buddha Vihar (Santacruz East) #1,19.07485246506457,72.8606557171793
Amar Mahal (Chedda Nagar) #1,19.066212615538888,72.90034453344106
Kensington Sez (Powai) #1,19.11276481296378,72.910764317791
Sunder Galli (Byculla West) #1,18.976233769352177,72.83057365249013
B M C Ward Office (Matunga East) #1,19.030011408359538,72.85472073743439
Lokmanya Tilak Hospital (Sion) #3,19.03731945835534,72.8614331253395
Nagari Nivara Sector 1 And 2 (Goregaon) #1,19.172590808006078,72.88126117092752
Kharghar Grampanchayat Office #1,19.04387154293902,73.07256080056787
Priyadarshini (Sion) #1,19.052509815170907,72.87928458035658
Omkareshwar Mandir (Borivali) #1,19.23126048212618,72.86258438917396
Mumbai Central Station (Tardeo) #1,18.969050414839405,72.81844567943905
Banwari Compound (Dharavi) #1,19.045797873791837,72.8476731172354
Ghatkopar Pipe Line (Ghatkopar West) #1,19.088192054825853,72.90251065116261
A W Complex Limited (Antop Hill) #1,19.02081025091042,72.86592378834324
Prarthana Samaj Or Harkishandas Hospital (Girgaon) #1,18.95889150960209,72.8197191282244
Adarsh Vidyalaya (Kanjurmarg East) #1,19.13699525365647,72.9347058978591
Guru Teg Bahadur Nagar Station,19.037061296576134,72.86274750822304
Reserve Bank Colony (Chembur) #1,19.05131527939288,72.90323232304239
B P T Hospital (Wadala) #1,19.014545509462796,72.86308030030584
Vashi Sector No 19 (Navi Mumbai) #1,19.084054505480207,73.01190744047545
Uran Phata (Navi Mumbai) #1,19.033975916520614,73.02934154232787
Khira Nagar (Santacruz West) #1,19.087003049396714,72.83805669692423
Sarotapada Andheri West #1,19.13291452870259,72.83748683986377
Siddheshwar Society Gharonda (Navi Mumbai) #1,19.118915385303875,72.99919478711985
Sangam Nagar (Antop Hill) #1,19.02158402143675,72.86944416042472
Goddev Naka (Mira Bhayandar) #1,19.303890509075277,72.85857522234393
Uma Maheshwari Mandir (Saki Naka) #1,19.093586009991245,72.88639498251484
Veena Nagar Or Govardhan Nagar (Mulund West) #1,19.181946525055114,72.9468779342556
Swan Mill (Parel) #1,18.99478758782504,72.84879319996041
Filter Pada (Goregaon) #1,19.138861457225122,72.89443710796927
New Hind Mill Mhada Colony (Byculla) #1,18.983748247049625,72.84091844047548
Kala Nagar (Bandra East) #3,19.056370605654397,72.84629914876797
Rani Laxmibai Chowk (Sion) #2,19.046464,72.865613
Wagheshwari Mandir (Malad East) #1,19.175816802118625,72.87301256315993
Sarvodaya Parshwanath Nagar (Mulund West) #1,19.163910098049435,72.94705688066244
Chandivali Studio Or Petrol Pump (Powai) #1,19.11459957237958,72.89600431779098
Juhu Tara #1,19.090073287269878,72.8276120874257
Virwani Estate Or Sarvodaya Nagar (Goregaon) #1,19.170619769243125,72.85913030613422
Kandivali Indu Estate Nagar Or Ganesh Nagar (Kandivali West) #2,19.203844632858537,72.82763916625309
Amrapali Circle #1,19.222343187087418,72.96639484423106
Ekta Nagar (Kandivali West) #1,19.200980031749143,72.82795203497027
Dharavi Depot #1,19.051474885335615,72.85836686900566
Morarji Nagar (Goregaon) #1,19.133646630756733,72.89736197420503
Shalimar Industries Limited (Dharavi) #1,19.034695693679286,72.85322512545441
Haware Centurion Mall Nerul (Navi Mumbai) #1,19.024068892295677,73.02270952449875
Sewree Railway Station East (Sewri) #1,18.99784114201766,72.85463931502102
Oberoi Woods (Goregaon) #2,19.169093879558915,72.86455762975358
Metro Playing Cards (Santacruz East) #1,19.07390212304147,72.86943186594725
Navi Mumbai International Airport,18.98955053288287,73.05448698269242
Panchavati Housing Society Or Geetanjali Building (Malad East) #1,19.17783161596136,72.85592090339901
Tridev Apartmen (Mulund West) #1,19.18127909195594,72.94946753830223
Shree Krishna Nagar Shantivan (Borivali) #2,19.233051196419673,72.86429551509045
Ruia College (Dadar) #1,19.02144312798685,72.85068738669251
Kalina Market (Santacruz East) #1,19.07783449714882,72.86573459201335
Phoenix Chemicals (Byculla) #2,18.985409023714396,72.8375150874257
Jeevan Bima Nagar (Borivali West) #1,19.244006028599177,72.85005997056962
Tardeo Bus Station Or Rushi Mehta Chowk (Kamathipura) #1,18.964786222072433,72.82080208656025
NMMC Head Office Belapur (Navi Mumbai) #1,19.008901085065634,73.02519005245543
Ciba Company (Bhandup West) #1,19.13477417555521,72.92859971440936
Wamanrao Muranjan School (Mulund East) #1,19.173981249846726,72.96758886011887
Yoginagar Or Jayrajnagar (Borivali West) #1,19.234611266524247,72.84046522244174
Vashi Village (Chembur) #1,19.031407344051736,72.8871599650297
Rani Laxmi Chowk Or Roopam Cinema (Sion) #1,19.04133075234659,72.86504158312655
Sant Muktabai Hospital (Ghatkopar West) #1,19.097758138339636,72.9037787257776
Maharashtra Nagar (Bandra East) #2,19.065093370745807,72.85225333527612
Siemens Company #1,19.150828683278636,73.00086066472387
Dhobi Ghat Borivali (Borivali East) #1,19.231930800874327,72.86596112481259
Dadar Police Station #1,19.01422464472418,72.83535246407746
Oswal Park (Thane) #1,19.214754871949086,72.97602859755327
Bangur Nagar Police Chowky Or Post Office (Goregaon West) #1,19.16426678018377,72.8349763613991
Gandhi Nagar (Bandra East),19.05857364097649,72.84765033527613
Jain Mandir (Mira Bhayandar) #1,19.30551027854602,72.84980718528728
M H B Colony (Jogeshwari East) #2,19.133576680413785,72.86287998251485
Shantaram Pujare Chowk (Parel) #1,18.9900465,72.8358587
Kandar Pada Or Rushi Complex Extension (Dahisar West) #1,19.25759323389328,72.85193409315787
Thana Naka Or Cuff Nagar #1,18.997490771627756,73.10885290538633
Kalina (Santacruz East) #1,19.077300959234943,72.86213369969416
Eksar Village (Borivali West) #1,19.237613427605133,72.84535513988115
Irla Maseed (Vile Parle West) #1,19.111048458755565,72.83722130030583
Gorai Creek (Borivali West) #1,19.232864273310728,72.82628589203073
Kandar Pada Or Rushi Complex Extension (Dahisar West) #2,19.2574669406068,72.85206050210661
Poushmata Mandir (Thane) #1,19.281012419427384,72.95541183986377
Goddev Naka (Mira Bhayandar) #2,19.30399619545952,72.85856918737365
V J T I College (Matunga East) #1,19.022090446197986,72.85667520122337
Sardar Nagar Number 4 (Sion) #1,19.035264092990108,72.8674023119626
Nerul Sector 46 Or 48 (Navi Mumbai) #1,19.00945808741927,73.01553589889274
Nerul Sector 2 (Navi Mumbai) #1,19.044475700745465,73.01771497391653
Gol Building (Kurla West) #1,19.06733743568742,72.8749926788621
Gawan Gaon Refineries (Trombay) #1,19.00980692477814,72.89839244324541
Santacruz Station Road Or Kashibai Hospital,19.084227441594834,72.83736379017829
Gagandeep (Vile Parle West) #2,19.113699191314996,72.8368641073923
Shastri Nagar (Goregaon West) #2,19.15922158309281,72.83731597501973
L I C Colony (Pali Hill) #1,19.066142716921487,72.82984525644873
Mahalakshmi Mandir (Chembur) #1,19.046904516569924,72.91967346932887
Borivali Station West Or Jaya Talkies (Borivali West) #1,19.227974660959404,72.85580340186978
Hiranandani Garden (Powai) #1,19.115429056988617,72.90838345767212
Adarsh Nagar (Goregaon) #1,19.149998591760987,72.88272880018721
Dadasaheb Sarfare Chowk (Dadar) #1,19.01277607652735,72.84869849904774
Gorai Bridge (Borivali West) #1,19.226086843788032,72.82798791840264
Ganga Complex (Mira Bhayandar) #1,19.29018702314343,72.85728914337784
Garib Nagar (Thane) #1,19.271964090194682,72.96318489627946
Bharatiya Vidya Bhavan,18.95775860339526,72.81070171137821
C B D Belapur Bus Station (Navi Mumbai) #1,19.025613029347976,73.0418872095332
Shivdarshan (Bhandup West) #1,19.149323509128372,72.92725039355994
Shrimati Motiben Dalvi Hospital (Malabar Hill) #1,18.958377463287864,72.81039317208146
Sarvodaya Parshwanath Nagar (Mulund West) #2,19.164113459504932,72.94726706010638
Bahar Cinema (Andheri East) #1,19.112324221603163,72.85466354509781
Chaityabhoomi Shivaji Park,19.025887294947882,72.83498559935725
Rajendra Nagar (Borivali) #1,19.22102051972232,72.85760010519934
Nahur Railway Station (Bhandup West) #1,19.153699622129384,72.94362939938829
Karave Nagar Bus Station Sector 44,19.0148,73.0152
Homeguard Training School (Saki Naka) #1,19.091170485192894,72.89276865889548
Amurut Shakti Calilo Building (Powai) #1,19.107759143135116,72.89706124371816
Hanuman Mandir (Ghatkopar West) #1,19.093698663468555,72.90383170275257
Devika Nagar Or Eksar Koliwada (Borivali West) #1,19.239548042847193,72.84588775797798
Tagore Nagar No 3 (Vikhroli) #1,19.11974500631347,72.93237777155466
Dahisar Bridge Link Road (Dahisar West) #1,19.257987690841862,72.85316012529768
B D Patil Marg Or HPCL (Trombay) #1,19.019557392659504,72.89793993005945
Dhanvantari Hospital,19.17627129851823,72.95328058589651
Tata Power Centre Chembur (Trombay) #1,19.004227,72.90511
Kelkar College (Mulund East) #1,19.16283317478041,72.95668229141906
Royal Hotel (Juhu) #1,19.092079237229825,72.8280777699232
Municipal Garden (Vikhroli West) #1,19.110118999999994,72.91770728864908
Ghatkopar Pipe Line (Ghatkopar West) #2,19.08742466314247,72.90289655398463
Phatak Technical School,19.080901366289275,72.85020055981303
Nahur Village (Mulund West) #1,19.164628591271075,72.94763486887898
Sector 12 Panvel #1,18.998149382940895,73.12306662822436
Hanuman Chowk (Mulund East) #3,19.169332131863314,72.9594018996226
Santacruz Station East (Santacruz East) #1,19.081148671907386,72.84255618121439
Dr Ambedkar Udyan Powai #1,19.125765652515273,72.89351210110188
Chirag Nagar (Vidyavihar) #1,19.086597109602053,72.89809811073924
Kapur Bawdi (Thane) #1,19.217556995584115,72.97989293308315
Vile Parle (Vile Parle East) #1,19.10077725867997,72.84459290980436
JNPT Township #1,18.898223037489227,72.98211180412086
Gurudwara (Malad West) #1,19.18230400069746,72.81778096808813
Khari Gaon,19.30542,72.857854
Jarimari Or Bandra Talao,19.057690640243862,72.83672047821571
Sumer House Or Suraj Diamond (Andheri East) #1,19.121592613686467,72.8737325270357
Dr Cooper Hospital (Juhu) #1,19.10770465288531,72.83682552761269
B M C Ward Office (Matunga East) #2,19.0300942914404,72.85474354232788
Gadi Adda (Sewri) #1,18.994653608479947,72.85388131196262
Kharegaon Naka (Thane) #1,19.201830825737744,73.0016569383693
SIWS Sports Complex,19.02091799091653,72.85996315214958
Holy Spirit Hospital (Andheri East) #1,19.12663204969667,72.86700283680534
Noor Baug (Umerkhadi) #1,18.962532942656477,72.83691489283136
Don Bosco School (Borivali West) #1,19.23021385499895,72.84206505828382
Chhatrapati Shivaji Maharaj Chowk (Vile Parle) #2,19.112002702324904,72.84923699140165
Azad Nagar (Andheri West) #1,19.130550700942667,72.83751734416293
Bhandup Village (Mulund East) #1,19.14440366318585,72.9505564343586
Kamdhenu Oaklands #1,18.967812213812955,73.01257935394256
Hira Nagar (Mulund West) #1,19.161639535642376,72.9455644929309
Chinchvali Bunder Road (Malad West) #1,19.180267448502207,72.83629041314835
Jijamata Nagar (Mahalakshmi) #1,18.993131010320266,72.82019329447746
Gorai Bridge (Borivali West) #2,19.2260200461083,72.82808749541232
Tata Hospital (Parel) #1,19.004184299819826,72.84283684817362
Khar (Santacruz West) #1,19.07257277362427,72.83401880183506
Mahananda Dairy Or N S C Compound,19.149599021175927,72.8560838193202
St Anthony Church (Asalpha) #1,19.10641136893034,72.89362846321202
Shiv Mandir (Jogeshwari West) #1,19.128877010561382,72.8431566297536
St Pius School Mulund (Mulund West) #1,19.1665834459956,72.9449682044234
Duncan Company (Mulund West) #1,19.168127546721944,72.9393154690404
Central Labour Institute (Sion) #1,19.049061751644775,72.86586179294825
Agarkar Chowk (Andheri East) #1,19.117630286314867,72.84809772117018
Ahilyabai Holkar Chowk (Churchgate) #1,18.933338426265518,72.8287334817362
Mulund Court (Mulund West) #1,19.174657419325687,72.95799061255696
Grovel Company (Kandivali East) #1,19.201665700606565,72.85969197668648
Dr Ambedkar Statue Or Ahilyabai Holkar Chowk,18.92701889836932,72.8296835017054
Ijmima (Malad West) #1,19.18413896590581,72.83125168220903
Old Khar (Khar West) #1,19.06546913823083,72.83720066195391
Marol Lions Club (Andheri East) #1,19.109858092999005,72.87530551807052
Unit Trust Of India (Bandra West) #1,19.049842200829136,72.82813335027983
Sindhuwadi (Vidyavihar) #1,19.077750046418636,72.9038185947833
Marol Bhavan (Andheri East) #1,19.11227492399442,72.88313635499794
Mafco Market (Navi Mumbai) #1,19.070469535002534,73.00923522424844
Shilp Chowk (Navi Mumbai) #1,19.046875753805995,73.06984916902304
Aangan (Kandivali East) #1,19.20823132784069,72.87292206994059
Sector 35 Kharghar (Navi Mumbai) #2,19.06933312242631,73.0729133233309
Air Condition Market (Tardeo) #1,18.9729778782038,72.81448251041601
Babasaheb Worlikar Chowk (Prabhadevi) #1,19.01252045113657,72.82275401356124
Kandivali Telephone Exchange (Kandivali West) #2,19.21135730481268,72.85176346015358
Carnac Bunder (Masjid Bandar) #1,18.949923756576357,72.84076690674591
L I C Colony (Mulund East) #1,19.16468576307683,72.95447723896362
Charni Road Railway Station Or Parsi Agyari (Girgaon) #1,18.950997252989996,72.82107281236662
Smallscale Industries (Goregaon) #2,19.16083790534332,72.85709359535547
Navrang Talkies (Andheri West) #1,19.12470744697385,72.84172093559931
Shivram Society (Mulund West) #1,19.175717567400028,72.94434988562536
State Bank Juhu #1,19.110602,72.829852
Ambika Mill B Station Or H U Rakhangi Chowk (Worli) #1,18.989611228172933,72.82310599446011
Dadoji Kondev Nagar Or Khardev Nagar (Chembur) #1,19.057093781693887,72.90954140827512
S K Patil Hospital Malad East #1,19.18864739935333,72.85451583565137
Amar Nagar (Mulund) #1,19.168226003771398,72.93185884846211
Ekta Nagar (Kandivali West) #2,19.21367700000001,72.83692725367878
Kolsite Industrial Or Juchandra Society (Andheri West) #1,19.131888285427344,72.83529871135092
Container Corporation Of India (Bhandup East) #1,19.155529420296684,72.95297725673724
Mount Carmel Church Or Lilavati Hospital (Bandra West) #1,19.050922331673856,72.82743291257431
Acharya Vinoba Bhave Nagar Or Buddha Nagar (Kurla West) #1,19.0735623083884,72.88159453607841
Movie Time Cinema (Malad West) #1,19.188921670379145,72.83508554509783
Wagle Circle (Thane) #1,19.194598335313707,72.94958135276126
Satya Nagar (Borivali West) #1,19.2168286143606,72.84153042824171
Maharana Pratap Chowk (Mazgaon) #3,18.968404121390886,72.8404324723873
Mumbai Central S T Depot,18.968760491016244,72.82211177939818
Shilp Chowk (Navi Mumbai) #2,19.047577962564123,73.06984815472688
Old Custom House (Fort) #1,18.930260848604053,72.83525132638931
Indira Nagar Or Khalai Village (Vidyavihar West) #1,19.08199571455687,72.89395361036395
Raj Kapoor Chowk Or Bhabha Hospital (Anushakti Nagar) #1,19.04362130452954,72.92122014542731
Mukesh Chowk (Malabar Hill) #1,18.964324462101647,72.80389569721268
Chainani Elders Home (Mulund East) #1,19.16676349351713,72.96355037607476
Dockyard Road Railway Station (Mazgaon) #2,18.96608242965282,72.84424935991595
Pandit Paluskar Chowk (Girgaon) #1,18.954410540616244,72.81564586433126
Maroshi Naka Or Picnic Point (Goregaon) #1,19.13520159658309,72.88266754948377
Vidya Nagari North Gate (Santacruz East) #1,19.074061575949127,72.85205598834325
Dholedev Mandir Or Vasari Tekdi Number 2 (Malad West) #1,19.17395718142996,72.83985626151993
Khodadad Circle Or Pritam Hotel (Dadar) #1,19.016798901928937,72.84584469214995
Acharya Garden Or Diamond Garden (Chembur) #2,19.051978162443973,72.90144767638066
Jankidevi Vidyalaya (Andheri West) #2,19.1398904117483,72.82087913405276
Kishinchand Chellaram College (Fort) #1,18.928019239786444,72.82817859478334
Rani Laxmibai Chowk (Sion) #3,19.046431990957505,72.86565725644876
Vijay Vallabh Chowk (Bhuleshwar) #1,18.954963903457994,72.83211387487397
Sindhi Colony (Jogeshwari West) #1,19.144108603362664,72.84196847885133
Parel Village or Sant Gora Kumbhar Chowk #2,18.99943335265979,72.84635152189955
ST Lawrence High School (Kandivali East) #1,19.213040862872983,72.86215202893167
Diamond Market (Bandra East) #3,19.06678380686983,72.86588659646458
Shemaraoo Institute (Andheri East) #1,19.110815933908583,72.88367574056987
Hutatma Chowk or Siddharth College,18.934222824562752,72.8324771448948
Parsi General Hospital Coastal Road #1,18.97413075441266,72.80296086409449
Manav Kalyan Kendra Or Dahisar Phatak (Dahisar East) #1,19.24581403230428,72.86090600038177
Ganpat Patil Nagar (Borivali West) #1,19.253076709062096,72.84731296168282
Babhai Naka (Borivali West) #1,19.22864060467991,72.84848935276125
BKC Telephone Exchange (Santacruz East) #1,19.07150302878674,72.87196594754461
S U Pump Mulund West #1,19.18460823306819,72.94335514876796
Charkop Sector No 5 (Kandivali West) #1,19.215377534110093,72.82595459449485
Hubtown Solaris,19.115020712925908,72.85081243880694
Shri Ram Hospital Ovale Village (Thane) #1,19.275813251923513,72.95887349966215
Gulal Wadi Yadnik Chowk (Bhuleshwar) #1,18.956057682076576,72.8277293702464
Johnson And Johnson Company (Mulund West) #1,19.175050431098576,72.94201035668883
Rabale Police Station (Navi Mumbai) #1,19.145977033264913,73.00094732056094
Jhulelal Chowk (Andheri West) #1,19.143237443976282,72.82444493254091
Chembur Naka Or Swami Vivekanand Chowk #1,19.053120217297757,72.89428687802221
Shanti Dham,19.27074938060284,72.87299399620352
Shimpoli Naka (Borivali West) #1,19.223391668153752,72.8529034180274
Shitaladevi Temple (Mahim) #1,19.03527313764696,72.84364569900957
Gautam Nagar Or Deonar Pashuvadh Grah (Govandi East) #1,19.058415141984874,72.913949122396
Air India Quarters (Santacruz East) #1,19.08144748383111,72.87008460095193
Sisters Bungalow (Bandra West) #1,19.04877270744975,72.82049133002474
Vazira Naka (Borivali West) #2,19.230319017686938,72.84400550735761
Shital Baug (Malabar Hill) #1,18.9525149826852,72.80483183784438
Shri Ganesh Cooperative Housing Society (Navi Mumbai) #1,19.028291047261934,73.01653701194523
Johar Chowk Or Bhendi Bazar (Kumbharwada) #1,18.95967401428596,72.83188532596304
Subhash Tower (Thane) #1,19.208115830562292,73.01173498251485
Mahim Bus Station #1,19.042898900933416,72.84000443476457
G S Colony (Bandra East) #1,19.063779609144774,72.8476911515379
Khar 16th Road (Santacruz West) #1,19.0732968146349,72.83078534110449
J Mehta Marg (Malabar Hill) #1,18.950593272189195,72.79597509602404
Rawli Camp (Sion) #2,19.036719229503447,72.86868310271791
Brahmand Azad Nagar (Thane) #1,19.24099715106914,72.97559292700099
10th Road Chembur Church #1,19.05664765532679,72.9004386824975
Virwani Estate Or Sarvodaya Nagar (Goregaon) #2,19.171395983044807,72.85904369386577
Tata Hospital (Parel) #2,19.004382425847737,72.84289082763004
Sewree Naka (Parel) #2,18.99761449615197,72.849809100191
Tulshetpada,19.160737129872,72.93152812375637
Wilson College (Gamdevi) #2,18.955967365812803,72.81108895337296
Sambhaji Nagar Kandivali (Kandivali East) #1,19.20075955333167,72.86305244777101
Thakur Pakhadi (Borivali West) #1,19.234818829810692,72.8459741312828
Anand Nagar (Dahisar East) #2,19.25798753603807,72.86455234722136
Saint Xaviers High School Thane #1,19.240647589830747,72.9772572595072
Huma Cinema (Bhandup West) #2,19.129559087971362,72.925791513186
Transport Corporation (Mira Bhayandar) #1,19.269503887241495,72.87867759172487
Malad Station West Or Sainath Marg,19.188644300323542,72.84719899417163
Oberoi Mall #1,19.173742766998107,72.85915564546309
Ganesh Pada (Andheri East) #1,19.121444512336613,72.88573395556595
Technical School (Dahisar West) #1,19.24288430370934,72.85401943130015
Ajara Bank (Borivali West) #1,19.230981890597242,72.82537182791853
Marve Road Naka Or Shivanand Chowk (Malad West) #1,19.191476232724746,72.84598982791852
Jackeria Bunder (Parel) #1,18.98978638949749,72.84636845490219
Janata Market (Bhandup West) #1,19.14253601908242,72.93298211991453
Mahavishnu Or Samrat Hotel (Mira Bhayandar) #1,19.26526217500458,72.87525414349429
More Mall (Borivali West) #1,19.2147616865018,72.84003361474991
Borivali Station East #1,19.231140145744888,72.85831515142908
Chitranagry Entry Gate (Goregaon) #1,19.1655136130427,72.87824710768078
Mumbai Central Depot (Kamathipura) #1,18.968271268402862,72.82366928559064
Rajshiv Building (Dahisar East) #1,19.24379636057004,72.86723476774563
Rabale Village (Navi Mumbai) #1,19.142717993550868,73.00216076438332
Noor Baug (Umerkhadi) #2,18.962454830186882,72.8364527754631
Shreyas Cinema (Ghatkopar West) #1,19.093117019778983,72.91233066166545
Gopal Bhavan (Ghatkopar West) #1,19.090696672475374,72.90990648987247
Sikka Nagar Or Ganpati Mandir (Girgaon) #1,18.956086829894854,72.82340630030586
SG Barve Road Junction (Chembur) #2,19.056856412970163,72.88714608426056
Andheri Market (Andheri West) #2,19.123428910118214,72.84661945461369
K F C Market (Bandra West) #1,19.065680522008464,72.83418943741704
Sanpada Telphone Exchange Or Sant Nirankari Bhavan (Navi Mumbai) #1,19.05884502105321,73.01408510491086
Takka Gaon Or Takka Colony #1,18.97925317476233,73.1160341941803
ST Juna Thamba #1,19.213535702579424,72.95928249458967
Municipal School Antop Hill #1,19.025443423704036,72.86870771135091
Siddharth Nagar (Thane) #2,19.182502623043714,72.97044058191965
Jambhulpada Shiv Sena Office (Saki Naka) #1,19.093724435083494,72.89898076057435
Novelty Cinema Or Dr Bhadkamkar Road (Kamathipura) #1,18.961948482642057,72.81862357452823
Thakkar Bappa Colony (Kurla) #1,19.05778463379913,72.88674739355996
Airoli Sector No 17 (Navi Mumbai) #1,19.15220131588445,72.99298159143638
Com P K Kurne Chowk (Worli) #1,19.004412441977237,72.82061373610689
Don Bosco School Nerul (Navi Mumbai) #1,19.017607259959473,73.01449876657631
Narmada Or Vartak Nagar (Thane) #2,19.210020133789833,72.96177804300763
Shivneri Building (Borivali West) #1,19.22714215470098,72.8240255509262
Sarvodaya,19.09982571117769,72.85264436367319
Afghan Church (Colaba) #1,18.907025674864478,72.81663594783309
Azad Nagar (Wadala) #1,19.01371785,72.85548824
Madh Church Or Madh Beach #2,19.144203367744215,72.79020751318596
Durga Nagar (Goregaon) #2,19.138043040259173,72.87214380766343
Kannamwar Nagar 1 Pravin Hotel (Vikhroli) #1,19.116434328507335,72.93534215736626
Millennium Business Park,19.113899042093323,73.01637561226845
Vesave Or Yari Road Bus Station (Andheri West) #1,19.13960344229085,72.80858116137667
Shamrao Vithal Bank (Navi Mumbai) #1,19.05964023517376,73.00329176963473
Thakur Nagar Or Caves Road (Jogeshwari East) #1,19.137834506240214,72.85826692423105
Kokan Vikas (Goregaon) #1,19.143483532436075,72.87074889508915
Gokuldham Market (Malad East) #1,19.175620918997218,72.8696641576548
Shiravane Village (Navi Mumbai) #1,19.05001646653475,73.02237638467311
Wadala Church #1,19.018338601006104,72.85540670523403
Vasudeo B Phadke Chowk (Kalbadevi) #1,18.94499323,72.83036615
M H B Police Station (Borivali West) #1,19.232465884663856,72.84084130001737
Jay Ganga (Kandivali West) #1,19.212086503515167,72.82084869663572
Azad Flour Mill (Byculla) #1,18.985384534845085,72.84103423036528
Collector Bungalows (Goregaon) #1,19.15241005511034,72.87065470552253
Machhalimar (Andheri West) #1,19.13261431675631,72.81231125090883
Dr B Ambedkar Bhavan Vidya Nagari (Santacruz East) #1,19.071870049382092,72.85490547515727
Vitthal Mandir Or Wadala Market #1,19.016287903211325,72.85248735276127
Chakala Cigarette Company (Andheri East) #1,19.106722046984842,72.85963446627045
Diamond Park,19.083451256373777,72.85191665889548
Parsi Dharmashala Or Om Chambers (Malabar Hill) #1,18.96456034039255,72.80516877050019
Dr Shyamaprasad Mukherji Chowk (Fort) #1,18.925520967554316,72.83200081816625
Aare JVLR metro station #1,19.129266384015484,72.88381309264238
Shree Chhatrapati Shivaji Maharaj Chowk Nerul (Navi Mumbai) #1,19.0441945285807,73.023166072999
H P Nagar (Trombay) #1,19.027735889094508,72.89279786260033
Mahindra Company Gate Or B H A D Colony (Kandivali East) #1,19.205608,72.865646
Ware House (Andheri East) #1,19.10314481309272,72.86644408055831
Sewree Stores (Sewri) #1,18.987488438470944,72.85681986288881
Lokmanya Tilak Hospital (Sion) #4,19.035861334664904,72.85830460325195
SG Barve Road Junction (Chembur) #3,19.05721126053002,72.88827823619364
Utpal Sanghavi School (Juhu) #1,19.112666353883604,72.82827358254711
Rajhans Society (Borivali West) #1,19.236847940500923,72.85786626504705
National Dairy,19.191273495105584,72.83383480561767
Panjab Dairy (Mira Bhayandar) #1,19.278691850485128,72.88976802415569
Amulakh High School (Matunga East) #1,19.02500062075046,72.85983188897228
Atmaram Tower (Borivali West) #1,19.24615461053832,72.84539255369614
Kalpana Chawla Chowk (Borivali West) #1,19.240904812649532,72.8461602450805
Wagle Circle (Thane) #2,19.194731465314153,72.94976673812627
Gautam Nagar (Kandivali East) #1,19.20012922601803,72.87839798251484
Swati Studio,19.163216800370908,72.85268069969418
Parking,19.01361101327826,72.85186569807814
Wadi Bunder (Mazgaon) #1,18.957800325500084,72.8426996386404
Shastri Nagar (Santacruz West) #1,19.08747345972889,72.83438674978208
BMC Office R North (Dahisar East) #1,19.25131415633859,72.86485954344522
Madhav Nagar (Wadala) #1,19.01183867,72.8546028
Jambhulpada (Asalpha) #1,19.093904841524783,72.89966517790982
Goregaon Station East (Goregaon West) #1,19.165438620810566,72.85061384961605
Jaibhim Nagar (Goregaon) #3,19.13606939302872,72.89691809602402
Shastri Nagar (Goregaon West) #3,19.159269249422763,72.8372625398464
Pipe Line (Mulund West) #2,19.1849991823605,72.94792959449481
Malad Railway Station East (Malad East) #1,19.188329884602492,72.849875463789
Shanti Nagar (Santacruz East) #1,19.079768329343114,72.87443726256562
Khodadad Circle Dadar Workshop #1,19.0179,72.8497
Mercury Building (Kandivali East) #1,19.210222574644135,72.87490734110452
Marine Lines Station (Churchgate) #1,18.944267956005994,72.82509292776075
Mahul Market (Trombay) #1,19.015471731723657,72.8903362523089
Garlic Company (Agripada) #1,18.978909043171452,72.82843403745174
Charkop Village (Kandivali West) #1,19.208717115931005,72.81914993005944
Vijay Printing Press (Saki Naka) #1,19.10179137771161,72.88474038467311
Samrat Hotel,18.93096629877507,72.82647127670381
Marathon Chowk Teen Hath Naka (Thane) #2,19.187915691922957,72.96258340619708
Saibaba Mandir Or Kokan Bank (Shivaji Nagar) #1,19.064919719302207,72.9196622622771
Malad Depot (Malad West) #2,19.18378913461742,72.8357451018524
Mahatma Phule Nagar (Goregaon) #1,19.13849945258606,72.89619710768079
Mukand Company #1,19.18187631549061,72.99544526227716
B A P Market (Navi Mumbai) #1,19.07371125074612,73.0083949705696
Subhash Marg Hanuman Society (Vile Parle) #1,19.1048497798753,72.8521587788898
J V P D Bus Station (Juhu) #1,19.116024,72.831397
Balasaheb Thakre Trauma Centre or SRP Camp (Goregaon) #1,19.14263342684452,72.85539905072449
Doordarshan Colony (Goregaon) #1,19.16908638683738,72.87120214239839
Dr K B Hedgewar Chowk (Mulund West) #2,19.163635923740646,72.9389132302657
Chandivali Studio Or Petrol Pump (Powai) #2,19.114662556667138,72.89568853372955
Rushi Van Borivali (Borivali East) #1,19.236449021895695,72.87300193261002
Mano Bina Apartment (Andheri West) #2,19.116325002801805,72.84075096225979
Shivaji Nagar Bus Station #2,19.066248511728343,72.92788126533557
Vasant Vihar (Thane) #1,19.221984718885057,72.96996243741701
Ghatkopar Railway Station East,19.08509256573852,72.90798439337674
Jogeshwari Police Station (Jogeshwari East) #1,19.13948181066105,72.8550547221422
Amar Brass And Steel Company (Santacruz East) #1,19.071976911710106,72.86555992543244
I B P Company (Sewri) #1,19.004337319938802,72.85579308465577
Byculla Station East (Chinchpokli) #2,18.97625225281881,72.8336060055399
Jain Mandir (Bhandup West),19.149773946767972,72.9377388601189
Konkan Rail Vihar (Navi Mumbai) #1,19.022001879417783,73.01634887846947
Jarimari (Saki Naka) #1,19.09351060980496,72.8830472137456
Mahatma Gandhi Vidyalaya (Jogeshwari West) #1,19.14319368944666,72.83665482785824
Scout Camp Or Gyansagar Vidyalaya (Andheri West) #2,19.14589774962182,72.83342755675456
Vashi Naka (Chembur) #1,19.033069819367686,72.89617190732287
Dr Datta Samant Chowk or Saki Naka (Andheri East),19.1049946142429,72.88718457729816
Jay Maharashtra Nagar (Borivali) #1,19.221550473201077,72.86845172941302
Gothivali Village Or Rabale Railway Station (Navi Mumbai) #2,19.137146212200072,73.00311919816494
Wadala Truck Terminal Main Gate (Sion) #2,19.036362836036993,72.87999792117265
Veer Kotwal Udyan Plaza,19.024597691185072,72.8406993835311
Dr Ambedkar Udyan Powai #2,19.124678093298,72.89408132361936
Libra Society,19.19887974708167,72.82182115765475
General Arun Kumar Vaidya Marg Junction (Goregaon) #3,19.174565669443176,72.86122658693552
Bhoiwada Or Mane Master Chowk (Wadala) #1,19.00572369644944,72.84634322656034
Amboli Naka (Andheri West) #1,19.127597408864574,72.84619723982908
Matunga Railway Station West (Matunga East) #1,19.030321977912205,72.84759272606613
Gaondevi Naka Or Madhukun Building,19.15495623174348,72.93209287177564
Ekta Nagar (Bhandup West) #1,19.140703529479556,72.92664339661836
Police Camp #1,19.01126551484845,72.81767978518472
Kankia Seven Times Squre (Andheri East) #1,19.10858166655586,72.88441569262613
Township Municipal School (Malad West) #1,19.196207160076735,72.82504512764741
Behram Baug (Andheri West) #2,19.145703186701027,72.83681234416292
Dadar Fire Brigade,19.014268316982612,72.84532578406142
Raj Bucket Factory (Mira Bhayandar) #2,19.28797593625131,72.88986776351786
Lokmanya Nagar Thane #1,19.20891937211943,72.95150762708941
Parel ST Depot Or Sant Rohidas Chowk #1,19.010716498098432,72.83226140935723
Jain Mandir (Mulund East) #1,19.176957967312088,72.96643595643138
Veer Kotwal Udyan Plaza (Dadar West) #1,19.02109186430908,72.84183054232788
Health Centre (Santacruz East) #1,19.072483753072,72.86005111962608
Indian Hume Pipe Company (Antop Hill) #2,19.02169143326613,72.86617465029717
Backbay Bus Depot (Colaba) #1,18.90974500141983,72.81731131358856
ICICI Bank Or Sinhgad College (Powai) #1,19.11352749621328,72.89672525062038
Minatai Thakre Maidan Or Anacin Company (Ghatkopar West) #1,19.099522541636745,72.91763015459634
Ambawadi (Borivali) #1,19.241060654509724,72.85960315459631
Dr Shyamaprasad Mukherji Garden (Lokmanya Tilak Nagar) #2,19.230862795737693,72.85085657700968
Malvani Block No 6 (Malad West) #1,19.189802017495158,72.8198811079693
Gokuldham,19.17439021673275,72.86754990674588
Mazgaon Post Office #1,18.970678300545877,72.84015219626045
Shoppers Stop (Andheri West) #1,19.116406109301675,72.84226184234522
Dosti Acress,19.02499350384369,72.86617732335965
Nerul Sector 42 (Navi Mumbai) #1,19.015750909190462,73.01501719233654
Umarshi Bappa Chowk (Chembur) #1,19.05491941496679,72.8885914490738
Filmistan (Goregaon West) #1,19.164190106097827,72.84586079017829
Chhatrapati Shivaji Maharaj Terminus (Fort) #2,18.941034844818052,72.83312174937961
Pandit Paluskar Chowk (Girgaon) #2,18.953222886862648,72.81671788355965
Ashirwad Society (Powai) #1,19.112684305221162,72.89659584295407
Navpada (Kurla) #1,19.082475049442944,72.88989117208146
Kokani Pada Extension (Dahisar East) #1,19.246011855364284,72.87242646073055
Hitko Company (Mira Bhayandar) #2,19.280214695198495,72.87654595337295
B P T Hospital (Wadala) #2,19.01472928300255,72.86302989508917
Pratap Society (Andheri West) #1,19.129805251342187,72.82297008742567
Maharashtra Nagar #1,19.22996739515296,72.97002986882528
Marine Lines Railway Station #1,18.945436196295017,72.82437072883606
Worli Dairy #2,18.998163443096686,72.81148393005944
The Great Escape Water Park,19.450777835386827,72.94500650459632
Kapur Bawdi (Thane) #2,19.221101618034332,72.9777070055399
Gawanpada Fire Brigade Mulund East #1,19.17230639887301,72.96652207299898
Maroshi Naka Or Picnic Point (Goregaon) #2,19.13479267008581,72.88201811962604
Golden Chemicals (Mira Bhayandar) #1,19.261731263245835,72.87306390426447
Sunflower Society (Kandivali East) #2,19.214450123906907,72.87515625062036
Desai Municipal Hospital (Malad East) #1,19.17864730005322,72.85121084903906
Umarshi Bappa Chowk (Chembur) #2,19.05582970399631,72.88819848987247
Highland Garden (Andheri West) #1,19.14561782069962,72.82882137438276
Airoli Sector No 4 Or Corporation Bank (Navi Mumbai) #1,19.153496226615424,72.99957606621982
I T Park Main Gate (Malad East) #1,19.176229133878977,72.88125096197128
Ins Hamala Main Gate,19.191781261955583,72.79844581626176
Nane Pada Junction (Mulund East) #1,19.167587913272083,72.95342361065246
Saibaba Mandir Ghatkopar (Ghatkopar East) #1,19.078366729681136,72.9109100582838
National Hinduja Hospital,19.033078046990973,72.83857669671666
Vile Parle (Vile Parle West) #1,19.102218851331095,72.83945839327146
Veera Desai Road (Andheri West) #1,19.13460718127399,72.8375548542905
Ghatkopar Station West (Ghatkopar West) #1,19.0857,72.9076
Indira Nagar Or Khalai Village (Vidyavihar West) #2,19.082011557219616,72.89440623313521
Jain Mandir Versova (Mira Bhayandar) #1,19.285347866921928,72.89933322413536
Goregaon Check Naka No 3 #1,19.1372534514972,72.8912910527439
Coal Bunder (Sewri) #1,18.983328243080614,72.85830581626176
Muktai Nagar #2,19.21052342888969,72.97725842576025
Godrej (Bandra East) #1,19.05996355253777,72.86524124423995
Parel ST Depot Or Sant Rohidas Chowk #2,19.00825496754581,72.83306509221507
Golden Tobacco Company (Vile Parle West) #1,19.104913429627807,72.83961958615399
Pandit Paluskar Chowk Or Marwadi School (Girgaon) #2,18.95729669243992,72.81740485659839
National College (Khar West) #1,19.06419952242968,72.83719679629517
Geeta Nagar (Colaba) #1,18.913874216100417,72.8086378831439
Satyam Building,19.005565764089827,72.83280435858966
Pandit Paluskar Chowk Or Marwadi School (Girgaon) #3,18.957514533864597,72.81764659068585
Balasaheb Thackeray Trauma Center Or SRP Camp (Jogeshwari East) #1,19.140459246486653,72.85503415225193
Vikhroli Court #1,19.1160545314342,72.93654167055224
M H B Police Station (Borivali West) #2,19.232769125699154,72.8405760963125
Rushi Complex Extension Dahisar West #1,19.25706394406378,72.85144567638064
Goregaon Police Station (Goregaon West) #1,19.15857275538201,72.84595599723006
I T Park Main Gate (Malad East) #2,19.17614964904483,72.88114233250617
Albert Road Or Tanaji Malusare Chowk (Byculla) #1,18.98459527094875,72.84218518373825
Anand Nagar (Andheri West) #1,19.150244331101153,72.83598748404407
R R Education Vidyalaya (Mulund East) #1,19.167781780823397,72.96667636135959
Bhagat Singh Nagar (Goregaon West) #1,19.157034587844347,72.83528948652553
Borivali Station West (Borivali West) #2,19.22867432227488,72.85545178625439
Adiyta Apartment Chikoowadi (Borivali West) #1,19.220544232156957,72.84098313988116
Maharaja Bhuvan (Jogeshwari East) #1,19.137705573195113,72.85632563281203
Darukhana (Byculla) #1,18.972105180482973,72.84522245796062
Bandra Talkies (Bandra West) #1,19.059398783151742,72.83561010796929
Nardas Nagar (Bhandup West) #1,19.15157192609452,72.92854848987247
Vashi Bus Station (Navi Mumbai) #1,19.075535020447024,72.99780231779096
Swatantraveer Savarkar Chowk Bhayander East (Mira Bhayandar) #1,19.294671708436983,72.8572156239252
Interface Building No 16,19.184212865275352,72.82964160644008
Kharodi Village #1,19.196420090346155,72.81869610214092
Shivar Garden (Mira Bhayandar) #1,19.288316987326297,72.86552260644005
Mahapour Niwas Or Shivaji Park #1,19.02897861177261,72.83759681349181
Vaishali Nagar (Dahisar East) #1,19.251003632533365,72.87346615837936
Milind Nagar (Bhandup West) #1,19.158446,72.932077
Gaondevi Junction,19.082402098885062,72.85355964723873
Ware House (Andheri East) #2,19.10280075404571,72.8671803469329
Sukh Sagar (Gamdevi) #1,18.956985984552844,72.81295367199468
Behram Baug (Andheri West) #3,19.146877132442874,72.83658819816496
Lodha Complex (Mira Bhayandar) #1,19.292521377888498,72.85655331427532
Anjanabai Magar Swatantra Sainik Surve Chowk (Kurla West) #1,19.070248535005923,72.87528898834326
Orlem Church Or Valnai Village (Malad West) #1,19.19549884906959,72.83794082255221
Govandi Station Road West (Govandi East) #1,19.055250563338465,72.91636279017828
Amar Talkies (Chembur) #1,19.051811763821945,72.91048096283674
Kala Nagar Mhada Office (Bandra East) #1,19.05458856332076,72.84774828282067
C C I Colony (Goregaon West) #1,19.163126268657038,72.83949469663574
Guru Nanak School (Vikhroli West) #1,19.104198474013703,72.91755475711248
Bhagwati #1,18.973239830925227,73.01522778711988
Patthar Nagar (Bandra East) #1,19.063746895627126,72.85545136164808
Kamraj Vidyalaya (Dharavi) #1,19.041365925857765,72.85573057729816
Shivaji Nagar Road No 2 #1,19.06819325473972,72.92361693531087
Panvel St Bus Stand #1,18.99216602388788,73.11537887226845
Samata Nagar Bonkode (Navi Mumbai) #1,19.094936118770637,73.00581826533558
Mahant Road Vile Parle East #1,19.10066422226954,72.85199418718413
Parel Railway Workshop #1,18.999596868428174,72.83779078998045
Holy Cross School (Kurla West) #1,19.082382419960172,72.88590838773153
Vikhroli Depot (Vikhroli West) #1,19.102856917879347,72.91952496851243
Bunder Pakhadi Fish Market #1,19.211076791834017,72.83232431269558
Dattaguru Cooperative Housing Society (Chembur) #1,19.04792329546898,72.92021239938833
Goregaon Station East (Goregaon West) #2,19.165420569291197,72.85051393733025
Wadala Truck Terminal Main Gate (Sion) #3,19.036441606567752,72.88022637024642
Ramkrishna Mission (Santacruz West) #1,19.07599409881152,72.83417350152924
Fire Brigade Centre Or Kharodi Colony (Malad) #3,19.19594145086437,72.821552682209
Hiranandani Powai Bus Station Or Jalvayu Vihar #1,19.117629615729225,72.90544656491281
Mahim Phatak (Dharavi) #1,19.043204787485234,72.84884850429917
Khodadad Circle Or Bhave Chowk (Dadar) #1,19.01713753865841,72.84746359155132
Galaxy Apartments,19.054229815190148,72.82307489203072
White House (Malabar Hill) #1,18.950432193301463,72.80175369998261
Ghodapdeo (Byculla),18.98205741916489,72.8428122946305
Dongri Pada (Thane) #1,19.251060655390383,72.97346107548047
AH Ansari Chowk Or New Nagpada (Madanpura) #2,18.96715812140363,72.83278141658495
Upto 12 hrs,19.01368458739644,72.85242212268446
Mankhurd Octroi Naka (Vikhroli) #1,19.058024430121975,72.95554093865775
Yari Road (Andheri West) #1,19.139420616852693,72.80961024680181
Aarey Unit No 22 (Goregaon) #1,19.134155596879634,72.88605252761269
Barve Nagar (Ghatkopar West) #1,19.097990683177358,72.90186516960001
Teen Batti (Malabar Hill) #1,18.94753645551074,72.79697982249354
Kamani Oil Mill (Andheri East) #1,19.1133658807803,72.89052787481751
Hutatma Chowk (Fort) #2,18.934514074149803,72.83109848987245
Municipal Hospital (Dahisar West) #1,19.25258698346917,72.85868968469049
Airoli Sector No 5 (Navi Mumbai) #1,19.147966867946277,72.99889090922736
Rutu Tower (Thane),19.247933381086536,72.9789346647239
Mhada Colony Kandivali East #1,19.19605628834941,72.87251885264483
Hanuman Mandir (Bhandup West) #3,19.15491019943773,72.93496365029718
Goregaon Oshiwara Depot (Goregaon West) #1,19.152888246851894,72.83568534110452
Khar Police Station Or Sacred Heart School (Khar West) #1,19.073962290960694,72.83742566531666
Vasudeo B Phadke Chowk (Marine Lines) #3,18.943069173024366,72.82862033718064
Princess Street (Marine Lines) #1,18.94531679870334,72.82706057423975
Laxmi Industrial Estate (Andheri West) #1,19.135783081244366,72.83196658895494
Sahyadri Nagar (Kandivali West) #1,19.210389063330148,72.82882478406142
Dadoji Kondev Nagar Or Khardev Nagar (Chembur) #2,19.056089450808642,72.91008591840266
Acharya Marathe College (Chembur) #1,19.05895338725461,72.90763302331354
Santoshi Mata Mandir (Mulund West) #1,19.183222933454093,72.94819867055224
Malbar Hill Post Office (Malabar Hill) #1,18.949685921012932,72.79933654232786
Bhakti Park Mono Rail Station #1,19.029480945958962,72.87781139355995
SRA Colony Vashi Naka (Chembur) #1,19.030893822658147,72.90273685169012
Forest Club (Powai) #1,19.11437745819493,72.90712454815628
Ganesh Mandir (Ghatkopar West) #1,19.0958,72.9008
Koparkhairane Sec 2 (Navi Mumbai) #1,19.109426217605325,73.00184026533553
Milap Talkies (Kandivali West) #2,19.19714058902675,72.84767289174222
Shoppers Stop (Andheri West) #2,19.115460573304848,72.8431545659976
Aarey Metro Unit No 19 #1,19.132987963287864,72.88135842576027
Vakola Police Station or Hanuman Mandir (Santacruz East) #1,19.0787,72.8467
Mahatma Gandhi Swimming Pool (Kandivali West) #1,19.2054231444257,72.84483430030583
Wagle Ward Committee Office Or Automatic Company (Thane West) #1,19.187406847064725,72.95523327699233
Kamal Baug Or 14th Bungalow (Madh) #1,19.15564937446888,72.78794188897228
ST Juna Thamba #2,19.213462215152337,72.9590631317574
Venus Apartment,19.308744454655944,72.86083783250619
Shreyas Cinema (Ghatkopar West) #2,19.09227962921884,72.91108683127376
APMC Sector No 26 (Navi Mumbai) #1,19.086761972147162,73.01047438697415
Mahatma Gandhi Hospital (Parel) #1,18.99754585553692,72.8406212533903
Tagore Nagar Junction G R Jolly Marg (Vikhroli) #1,19.124318395180783,72.93276638773153
S K Patil Garden (Girgaon) #1,18.951007672732917,72.81966061993815
Maharana Pratap Chowk Mulund (Mulund West) #1,19.183519678814843,72.95349560986234
Bamandaya Pada (Andheri East) #2,19.12307875161899,72.88701898834326
Dadasaheb Phalke Chitranagry (Goregaon) #1,19.16324274676345,72.88762954509781
E S I S Colony Kandivali East,19.20021786469825,72.8549734369316
Unit No 10 Central Dairy (Goregaon) #1,19.15782773316831,72.86889432361939
Mandali Talav (Mira Bhayandar) #1,19.29948455901992,72.84973435639668
G S Colony (Bandra East) #2,19.063688971542195,72.84772954232788
Voice Roy Park (Kandivali East) #1,19.21163604965438,72.87316030613424
Shivaji Chowk (Mulund West) #1,19.17597115071402,72.93772066472386
Maharana Pratap Chowk (Mazgaon) #4,18.96924931589937,72.84072222730684
Mandvi Post Office #2,18.9561286829067,72.83263267638064
Bharati Vidyapeeth (Navi Mumbai) #1,19.02632645036004,73.05627597668649
Narsipada (Kandivali East) #1,19.201424184652836,72.86499998834326
BKC Telephone Exchange (Santacruz East) #2,19.07119995489065,72.87265575797798
Shivaji Nagar (Sewri West) #1,19.001305213653808,72.85364964723874
Ahilyabai Holkar Chowk (Churchgate) #2,18.931821072844773,72.8281927441763
Manpada (Thane) #1,19.235261800881304,72.97626735495423
Jeevan Bima Marg,18.92814500000001,72.8255981604247
G T Hospital (Kalbadevi) #2,18.94607597,72.83171733
Shreenath Complex (Mira Bhayandar) #1,19.292138066142893,72.86192255762005
Hiranandani Complex Junction (Navi Mumbai) #1,19.031791993318443,73.06571017410089
Sheetal Nagar MTNL (Mira Bhayandar) #1,19.283387794499347,72.86603540486594
Flora Hotel or Watumal Engineering College #1,19.00341113491459,72.81450128659671
Nahur Bus Station,19.16967550055523,72.9435067432628
Dr Ambedkar Chowk Or Indira Nagar,19.2048181113555,72.95000739887536
Hiranandani Telephone Exchange (Powai) #1,19.118203796589018,72.91515616931154
Kurar Village (Malad East) #1,19.185040236895443,72.85853417582294
Agarkar Chowk (Andheri East) #2,19.119334464561415,72.84849865808313
Skylark (Andheri West) #1,19.146419209533626,72.82359474528216
Century Mills (Lower Parel) #2,19.006227724485505,72.82463912366485
Priyadarshini (Sion) #2,19.052455182500314,72.879812440187
Antop Hill Extension (Sangam Nagar) #2,19.02458690735554,72.87012556419896
Akshar Complex Seawoods (Navi Mumbai) #1,19.01010158495279,73.01194233250615
Hiranandani (Powai) #1,19.12018949659628,72.90656361532689
E S I S Hospital Or Midc Police Station (Andheri East) #1,19.117841182128263,72.86745072416161
Tank Bunder (Parel) #1,18.98881197468468,72.84573714876795
Nitin Company Junction (Thane) #1,19.200090554859457,72.9638167075994
Kalina (Santacruz East) #2,19.077844659798036,72.86192162975358
Kamala Mill (Lower Parel) #1,19.00286046066204,72.82977718679666
Indian Oil (Andheri East) #1,19.102979869480897,72.87121811962605
Bhati Village (Madh) #1,19.158878200239627,72.78613250735758
Amrut Nagar (Ghatkopar West) #1,19.101236803338963,72.91188323036528
Sonawala Building,18.96728919513517,72.81682708159734
Gandhi Market (Vidyavihar) #1,19.081389567066786,72.90431371412087
Hpcl North Gate (Trombay) #1,19.02223385270685,72.90071795920133
Tunga Village (Powai) #2,19.120315438926994,72.89087044659234
Kane Nagar (Antop Hill) #1,19.029256211211727,72.8666445276127
Govandi Station Road West (Govandi East) #2,19.055324887588153,72.91621082270153
Borosil Glass Factory (Andheri East) #1,19.117346576793917,72.8834248120535
Shimpoli Telephone Exchange (Borivali West) #1,19.223933718642556,72.84033117456295
Nariman Point Fire Brigade,18.924217900758038,72.82471119245147
Vanita Samaj Or Chaityabhoomi (Shivaji Park) #1,19.027118071329795,72.83677834693289
M S E B Office (Navi Mumbai) #1,19.10672914874672,73.00251516042471
Chena Bridge (Mira Bhayandar) #1,19.275704930355072,72.9161930968895
Shrikrishna Garden Society (Mira Bhayandar) #1,19.269718574919064,72.87609511933758
Chembur Colony #1,19.044586668606563,72.89328462215221
Kensington Sez (Powai) #2,19.112879809277118,72.91068821011021
Wagheshwari Mandir (Malad East) #2,19.175726866859222,72.87315371440934
Vatsalabai Desai Chowk (Mahalakshmi) #2,18.978350291267073,72.81369827364541
Yogi Hill Mulund West #1,19.184284,72.938804
Adarsh Nagar (Worli) #1,19.015964184714893,72.82301770858098
Bangur Nagar Police Chowkey (Goregaon West) #1,19.165996400920786,72.83487823619366
Orkay Mill (Andheri East) #1,19.12093535165115,72.87057279600667
Nehru Nagar Dharavi #1,19.045476278197402,72.8591983526829
Aagari Pada (Goregaon) #1,19.158923015061905,72.88073664141034
Reserve Bank Colony C B D Belapur (Navi Mumbai) #1,19.02282996449713,73.04941848958397
M M R D A Colony Mahul (Trombay) #1,19.01764956500828,72.89029577269315
Dr M Iqbal Chowk (Umerkhadi) #1,18.962085986134696,72.83410867361069
Ruparel College (Matunga West) #1,19.02815083672394,72.84661786756324
Jijamata Nagar (Chembur) #1,19.02966442041528,72.88778906962756
Namaskar (Jogeshwari East) #1,19.138250616622184,72.8707023849616
Vikhroli Station Road East #1,19.109743,72.931999
C Cross Road (Andheri East) #1,19.12283491449339,72.87208071172236
Jarimari Mata Mandir Or S T Office (Worli) #1,18.99477697662478,72.81533678129146
Hanuman Society Building No 5 #1,19.103705368070163,72.85289430050986
Vikhroli Railway Station West (Vikhroli West) #1,19.110691705740393,72.9275745800681
Shastri Nagar (Goregaon West) #4,19.159943583519315,72.8358393297362
Ahilyabai Holkar Chowk (Churchgate) #3,18.933206642689466,72.82652670084809
National College (Khar West) #2,19.064061555964443,72.83483961809682
Kalidas Natyagruh (Mulund West) #1,19.17305208665888,72.94933955369616
Malad Station West Or Anand Marg (Malad West) #1,19.184490666557963,72.8482955070333
Divine Child High School (Andheri East) #1,19.11287130051541,72.8642598784829
D Mart Shopping Centre (Malad West) #1,19.186174244796543,72.83586016873457
Canteen Stores Department (Sewri) #1,18.981635956967704,72.85398591170885
Hira Park (Malad East) #2,19.186323833468418,72.86038156258299
Evershine Nagar (Malad West) #1,19.192659634162993,72.83469175768946
Navjeevan Vidyamandir,19.151653586786832,72.92990390674592
Jain Mandir Shanti Bagh,19.05650335194209,72.89575254786779
New Shakti Mill (Thane) #1,19.200758746906075,72.97555852761269
Sangam Nagar (Antop Hill) #2,19.02155549425459,72.86950618650819
Petroleum House,18.929218280269655,72.8250008981476
Malad Station East Or Poddar Park (Malad East) #2,19.184558802321174,72.85006913405276
Shakti Nagar (Dahisar East) #2,19.25975423860299,72.86192981072189
J Mehta Marg (Malabar Hill) #2,18.95053714480473,72.7958822245369
Walkeshwar (Malabar Hill) #1,18.946605408183487,72.79607030919267
Malvani Depot Or Gaikwad Nagar (Malad West) #1,19.18373866041685,72.81922169142356
B K C Telephone Exchange (Bandra East) #2,19.070732063626338,72.8724298917397
Pushpa Park (Malad East) #1,19.188534988476874,72.85811134364894
Srushthi,19.271247378168276,72.86772679279713
Rabale Village (Navi Mumbai) #2,19.142628040238776,73.00239478711987
Sukur Park Sahyadri Society (Thane) #1,19.19802516846816,72.9938250291419
Central Railway Goods Shed (Mazgaon) #1,18.960550856999394,72.84348457729816
Mangaldas Market,18.948211976383615,72.83148961809681
Bhandup Village East (Bhandup East) #1,19.149942936651463,72.9438804782157
D Souza Nagar,19.09583136585545,72.88768128864905
Garden Hotel #1,18.998631332987582,73.10907579441803
Military Camp (Santacruz East) #1,19.081942325865615,72.85799938190316
Wadala Road (Trombay) #1,19.02120782492076,72.89010376380632
Mulund Colony (Mulund West) #1,19.175000267022618,72.93697729655703
Santacruz Police Station (Santacruz West) #1,19.08437771076428,72.83584000305845
Rani Laxmibai Chowk (Sion) #4,19.04500461906515,72.86315200013368
Gautam Nagar Or Deonar Pashuvadh Grah (Govandi East) #2,19.059360763975594,72.91488990720798
Agarwal Municipal Hospital (Mulund West) #1,19.17848186957514,72.94577859365221
Cuffe Parade Machhimar Nagar (Colaba) #1,18.917897485771384,72.8247584313989
Bayer House (Powai) #1,19.11864641327443,72.91249786069584
Gaiwadi (Girgaon) #1,18.954333489996205,72.8199551515379
Samata Nagar Bus Station Kandivali East #1,19.2069286819414,72.86955824785042
Charkop Ekdant Society (Kandivali West) #1,19.217976938991445,72.82024212516592
Chinch Pada National Park (Borivali East) #1,19.222798322747632,72.8748574384872
Mhada Colony Bhoiwada Bilding No 5E,19.008419502683672,72.85156258499599
Ghati Pada (Mulund West) #1,19.187009333036983,72.94182118956661
Horniman Circle,18.93149130891272,72.83414977546308
Ketaki Pada (Dahisar East) #1,19.255790818507954,72.86934221144519
Reay Road Railway Station (Byculla) #2,18.9761,72.8439
Shantaram Pujare Chowk (Doctor Compound) #1,18.98834373694012,72.83648983097696
Civil Hospital Thane (Thane West) #1,19.198983576302503,72.97891720093487
Dadasaheb Sarfare Chowk (Dadar) #2,19.012700316985608,72.84882188066243
Aksa Chowpathy #2,19.173561463024733,72.79734554546309
Kamdhenu Oaklands #2,18.967961192470714,73.01274839809379
Mhadeshwar Mandir (Andheri West) #1,19.136597792603624,72.82362081655026
Navsena Gate Or Kirol Village Vidyavihar #1,19.08240778155873,72.89573531418431
Bela Nivas (Andheri East) #1,19.11451447863682,72.86166825633973
Jeevan Nagar (Andheri West) #1,19.132097508159667,72.83287204137562
600 Tenament Gate (Govandi East) #2,19.053279374736515,72.91938652580146
Atria Society (Thane) #1,19.2454736264802,72.98237850124073
Kasturba Gandhi Chowk (Bhuleshwar) #1,18.95507419123701,72.82590446932886
Konkan Rail Vihar (Navi Mumbai) #2,19.02197145049984,73.01671969386578
Shatabdi Hospital (Chembur) #1,19.049520612439235,72.91042785123207
Santacruz Depot (Vile Parle West) #1,19.091331903349886,72.83849138553857
Samrat Ashok Nagar (Chembur) #1,19.05543406353178,72.91054030336427
Military Out Post (Santacruz East) #1,19.08056983144005,72.8590285073576
Free Press Journal House (Nariman Point) #1,18.922988968529562,72.82352610770954
Advocate Paljibhai Boricha Chowk (Andheri West) #1,19.14682937403071,72.82841743961
Shivaji Chowk Kharghar Sector 8,19.043353372134312,73.06742975797795
Andheri Bus Station West (Andheri West) #1,19.120999912750076,72.84589219539501
Vinay High School (Chembur) #1,19.031002272457922,72.90044732917266
Jitendra Marg,19.1801471337917,72.85005481349182
Chaitanya Hospital (Mira Bhayandar) #1,19.29023606257977,72.86383329695892
Mulund West Check Naka Bus Station #2,19.183085632116047,72.95357830481375
Chalo Mumbai Darshan,19.09817756837314,72.82693828326748
Kankia Seven Times Squre (Andheri East) #2,19.108544251031628,72.88439585572173
Police Camp (Worli) #1,19.008195013457843,72.81463149512388
Shitaladevi Temple (Mahim) #2,19.035293174782534,72.84395100000002
Petrol Pump Or Maheshwari Mansion (Malabar Hill) #1,18.961449025404104,72.80161510796927
Khar Police Station Or Sacred Heart School (Khar West) #2,19.074265217098787,72.8376308543063
Khar Danda (Danda Village) #1,19.074428077342873,72.82261303612424
Juhu Bus Station #2,19.095705386059656,72.82818097697498
Kamani Oil Mill (Andheri East) #2,19.11336881670828,72.89072143741703
Atmaram Tower (Borivali West) #2,19.24588555307883,72.8452685015292
Parsi Wada (Vile Parle) #1,19.108728551524557,72.85571109602405
Gateway Plaza (Powai) #2,19.124067707868047,72.91392481349183
Hiradevi Mandir (Madh) #1,19.15761114232608,72.78655273495295
Wadala Church #2,19.018557809542404,72.85637045155526
V J T I College (Matunga East) #2,19.02384517010703,72.85470612453031
Jijamata Nagar (Chembur) #2,19.029373334183198,72.8878724576721
Saint Mary High School (Mazgaon) #1,18.969903633885835,72.8351715889549
Kurar Village (Malad East) #2,19.185868483194458,72.85834298251487
Sona Industries Premises (Jogeshwari East) #1,19.125953831844292,72.85400354394388
SIES College (Navi Mumbai) #1,19.0420781299734,73.02246463223504
Wadala Church #3,19.01918613294767,72.8572074141035
Pantnagar Police Station (Ghatkopar East) #1,19.086402982219017,72.91510102360202
Charni Road Railway Station Or Parsi Agyari (Girgaon) #2,18.95096966502272,72.82106409518732
Terna Vidyalaya (Navi Mumbai) #2,19.03839505900349,73.01445819373502
Pali Market (Pali Hill) #1,19.062046028389016,72.82951330030583
Prabhadevi,19.016018213745202,72.82829034854889
Jogeshwari Telephone Exchange (Jogeshwari West) #1,19.14141146935509,72.84333146904041
C B D Belapur Bus Station (Navi Mumbai) #2,19.024882749649006,73.04144900363539
Ganesh Society (Kandivali West) #1,19.21930910290919,72.83089497639797
Nafa (Santacruz East) #1,19.070998621291523,72.86298538496158
Nahur Railway Station (Bhandup West) #2,19.15821688188943,72.94663918747217
Lokshahir Annabhau Sathe Udyan Or Suman Nagar (Kurla) #1,19.054345942546735,72.88398282791854
Bharat Petroleum (Trombay) #1,19.01392566402187,72.8981479650297
Adhya Shankaracharya Udyan #1,19.008198183122982,72.81589734722138
Lower Parel Railway Station #1,18.99683367358957,72.83137997085808
Crompton Greaves (Kanjurmarg East) #1,19.134433,72.934904
Mhada Colony (Chedda Nagar) #2,19.06320824171653,72.91552250764609
Kishinchand Chellaram College (Fort) #2,18.92766784088715,72.8280558837209
Sanpada Depot,19.06699569094263,73.00921530591017
Chembur Naka Or Swami Vivekanand Chowk #2,19.05581355561341,72.89508313440896
Maharashtra Kata (Asalpha) #1,19.103075851158383,72.8888760282665
Sukh Sagar (Gamdevi) #2,18.956052781177224,72.81356085706042
Sewree Police Station or Darukhana (Sewri) #1,18.979631643025304,72.84913692030716
MMRDA Open Car Park (Bandra East) #1,19.06183141948393,72.86116616348316
Shivdham Or Rushi Complex (Borivali West) #1,19.253820763850246,72.8495757466097
Goregaon Bus Station West (Goregaon West) #1,19.16398506698182,72.84879453080049
Dainik Shivner (Lower Parel) #1,18.99610458738025,72.82268354232787
Citizen Bank Borivali (Borivali West) #1,19.24685355927774,72.85032314016962
Jagruti Nagar (Ghatkopar West) #1,19.091194080576514,72.90224389087679
Chincholi Talav (Navi Mumbai) #1,19.04645798961531,73.0174945162444
Airoli Sector No 4 Or Sai Clinic (Navi Mumbai) #2,19.15559161204648,72.99570540856358
Majiwada (Thane) #1,19.215734257978202,72.97812165277864
Air India Quarters (Santacruz East) #2,19.080260355773518,72.86873226504972
Worli Dairy Coastal Road #1,18.998257359999318,72.81092504284386
Santosh Nagar Dindoshi (Goregaon) #1,19.169079868397546,72.87551834110451
Bandongri (Kandivali East) #1,19.19989062600032,72.86096540663597
Shyam Nagar (Jogeshwari East) #1,19.138981068860723,72.86348844630385
Shankeshwar Buliding (Ghatkopar East) #1,19.074249646886482,72.91094665000868
Rajhans Society (Borivali West) #2,19.236934043676435,72.85776165889547
Siddhivinayak Mandir (Prabhadevi) #1,19.017763053058786,72.83137218650816
Maratha Colony (Santacruz East) #2,19.07514233236123,72.84659886288881
Dharavi Flyover Or Mahim Phatak (Sheshwadi) #1,19.046564407941936,72.8501304484968
Kamala Mill (Lower Parel) #2,19.002869336783768,72.83004507242202
Raheja Chamber,18.92367010073776,72.82423602236068
Everest Cooperative Society (Kurla) #1,19.061327443894942,72.89093036747647
Madhav Nagar (Wadala) #2,19.011838670830233,72.85460280402803
Mohili Village (Saki Naka) #1,19.098557950464738,72.89239032361938
Gaondevi Police Station (Gamdevi) #1,18.959812148382287,72.8120608834324
I N S Hamala Main Gate,19.192074789444103,72.79841564141034
Mankhurd Station South #1,19.04564303689915,72.92981399140167
Maharana Pratap Chowk Mulund Or R Mall (Mulund West) #1,19.18360906803358,72.95273268018963
Nehru Planetarium Costal Road #1,18.991761950968883,72.81151995769191
Paradigm B (Malad West) #1,19.1796240833491,72.83081824202205
Hakoba (Byculla) #1,18.988203396262392,72.839177218997
Kendriya Vihar Sector 38 #1,19.0199,73.0144
Aarey Unit Number 8 (Goregaon) #1,19.169438617482218,72.8620474052167
Best Officer Quarters (Borivali West) #1,19.225452195737017,72.83394633527614
Rani Sati Nagar (Malad West) #1,19.179756865751873,72.84696097513563
Amboli Naka (Andheri West) #2,19.128631428858984,72.84730934416294
C B D Belapur Or Konkan Bhavan (Navi Mumbai) #1,19.024396079415464,73.04086102711705
Juhu Nagar Market Or Vashi Sector Number 9 and 16 (Navi Mumbai) #1,19.078588050840633,72.99824490091751
Shrimad Gokul (Borivali West) #1,19.235416207779824,72.85133936135962
CCI Cricket Club (Churchgate) #1,18.930532788004008,72.82248040740966
Sai Baba Mandir Samata Nagar (Kandivali East) #1,19.20572965122105,72.87161277089108
Electric House Or Colaba Depot #1,18.92114176449768,72.83082515124939
Municipal School Or Chincholi Bunder (Malad West) #1,19.178961733330727,72.84309106134222
Nagar Chowk DN Road,18.93969183483141,72.83594514876795
Mahavir Nagar Extension Or Bharat Petrol Pump (Kandivali West) #1,19.215279090067494,72.83700518901837
Nitin Company Junction (Thane) #2,19.19901590439692,72.96300183403538
Santoshi Mata Mandir (Mulund West) #2,19.18314123537978,72.94838608990716
Otis Company,19.200431298293434,72.87544953955793
Mandala (Mankhurd) #1,19.041968999999998,72.93487033527612
Nerul Village (Navi Mumbai) #1,19.036581770484887,73.01514406411219
Maheshwari Udyan (Matunga East) #2,19.027701743736678,72.85638851289748
Magathane Depot (Borivali) #1,19.221501969075476,72.8663826430475
Thakurdwar (Kalbadevi),18.95209626785439,72.82321679658367
R T O Office (Ghatkopar East) #1,19.073221040940567,72.9105893572318
B S E S Sub Station,19.059004565278663,72.8992905803566
Rani Laxmibai Chowk (Sion) #5,19.046979,72.865423
Mulund Railway Station West #1,19.1728384876922,72.95584208526836
Hemgiri Society (Borivali) #2,19.23564141796967,72.86404920574876
Balasaheb Thackeray Trauma Center Or SRP Camp (Jogeshwari East) #2,19.140173305622557,72.85407861247334
Yashkripa Building (Borivali West) #1,19.22111386508272,72.84189854815625
Sardar Vallabhbhai Patel College (Borivali West) #1,19.24995806179618,72.84586706688214
ICICI Bank (Bandra East) #1,19.064820319064133,72.8627363558197
Saint Peter Church (Bandra West) #1,19.054959732380183,72.82957506994056
Hanuman Nagar (Goregaon) #1,19.172489748130975,72.87443489728214
Indian Oil Nagar (Andheri West) #1,19.129473433349467,72.8314847221422
Waghbil (Thane) #1,19.252603493219222,72.97273638074921
Samana Pariwar (Goregaon) #2,19.17614201714813,72.87640609573556
Saikrupa Complex (Mira Bhayandar) #1,19.271601654134063,72.88600327422236
Don Bosco Or Khalsa College (Matunga East) #1,19.02399771430143,72.8570431895666
Jama Masjid (Powai) #1,19.11329694264791,72.90268074078132
Tembipada Pipe Line Or Police Station Bhandup (Bhandup West) #1,19.15509115237286,72.92915296502972
Geetanjali Society (Jogeshwari West) #1,19.13118094660478,72.8426069054801
Madina Manzil (Goregaon West) #1,19.172943339140332,72.8452324343586
Marawali Church (Chembur) #1,19.04147797247561,72.89365983374692
Dr Shirodkar High School,18.9995076340215,72.83981890674589
Best Nagar (Goregaon West) #2,19.153237143545905,72.84124956154396
Sandoz Baug,19.233411035626755,72.98788564956662
Central Dairy Tabela (Goregaon) #1,19.156997138304718,72.88290290980437
Municipal Office Vikhroli (Vikhroli West) #1,19.117140332206997,72.92620886849959
Noor Baug #1,18.962761731677258,72.83751175214957
Suvarna Hospital (Borivali West) #1,19.22384681441187,72.84580069109583
Mallet Bunder Or Tapasani Naka (Princess Dock) #1,18.95801373381611,72.84739308936842
Western Hotel Or Lakshmi Baug (Mira Bhayandar) #1,19.276145114214962,72.88909849395652
Karuna Hospital,19.241635518010288,72.8533166006117
Tadwadi (Mazgaon) #1,18.965293000223266,72.83893330336427
Saikrupa Nagar (Malad West) #1,19.196273258343986,72.80648771717931
Mahavir Nagar Extension (Borivali West) #1,19.2157283193266,72.83873722759533
Bandra Colony,19.062276612853527,72.84844146598195
Ramesh Nagar (Sainik Nagar) #2,19.132236254067216,72.84302073160602
Mumbai Veterinary College (Parel) #1,18.9979001375727,72.84586659181599
Malad Station (Malad West) #1,19.18792307543867,72.84660383928681
Farooque School (Jogeshwari West) #1,19.13155477911358,72.84748924202204
Maneklal Municipal School (Ghatkopar West) #1,19.089903276989272,72.90260044018699
Dr Ambedkar Udyan Powai #3,19.125710534622822,72.89465673379898
Jijamata Bhonsle Marg Junction (Ghatkopar East) #1,19.07029127560121,72.90631517485141
Five Garden (Dadar) #1,19.0197247894758,72.8544975656414
Marol Bhavan (Andheri East) #2,19.112331306104256,72.88314359772627
Venus Building or Watumal Engineering College (Worli) #1,19.00201789547628,72.81195623867514
Basant Park (Chembur) #1,19.049900522898337,72.89346231508608
Alika Nagar Junction (Kandivali East) #1,19.197539559201832,72.87243055398464
Dr Ravindra Kulkarni Chowk Or Sasmira (Worli) #1,19.01025639945162,72.82034185019303
Shanti Nagar (Sangam Nagar) #1,19.020044460063122,72.87487441410352
Hotel Trident (Bandra East) #1,19.0666174,72.8683788
Deonar Municipal Colony (Govandi East) #1,19.05409303745201,72.92339874222375
Datta Tekdi Or Shiv Tekdi (Jogeshwari East) #1,19.139175407039094,72.86159314265106
Mumbai Cricket Association E Gate BKC (Bandra East) #1,19.059187167708373,72.86633436412956
Abhishek Apartments (Andheri West) #2,19.121368708451477,72.82618172081472
Worli Sea Face Post Office,19.016516996111868,72.81887447515727
Mithibai College (Juhu) #1,19.1033433041807,72.83679589508914
Ganesh Nagar (Wadala) #1,19.018027161743618,72.86792815707778
Kajupada (Borivali) #1,19.23400270182394,72.8695957795987
Vikhroli Depot (Vikhroli West) #2,19.101088421676472,72.91907742108583
Bisleri Junction,19.11324605125505,72.85518869681324
Dadar Railway Station West #2,19.018116656408747,72.8415758937276
Thakur Nagar Or Caves Road (Jogeshwari East) #2,19.137876,72.85828
Chembur Naka Or Swami Vivekanand Chowk #3,19.053144732905366,72.89442986594725
Veej Bhawan,18.921685609792725,72.82641619845342
Marolnaka Or Mata Ramabai Ambedkar Chowk (Andheri East) #1,19.1085097275935,72.8808924723873
Kranti Nagar (Kandivali East) #1,19.194346257398585,72.87234382237862
Hindustan Petroleum Co (Sewri) #1,18.9812,72.8558
Maheshwari Nagar #1,19.11790201731122,72.87355052671248
Nirlon Society (Malad West) #1,19.177323884448636,72.83688188343238
Bangur Nagar (Goregaon West) #1,19.168818017049517,72.83516883680535
Bramhala Talao Manorpada (Thane) #1,19.202629704259426,72.97631487091016
Bhakti Park Complex #1,19.025670330778492,72.87869107853889
Krishna Building (Malad West) #1,19.18729521380249,72.83999175463101
Saikrupa Complex (Mira Bhayandar) #2,19.271599755201194,72.88594325979565
Nardas Nagar (Bhandup West) #2,19.15161721703895,72.92856156564142
Jain Mandir Versova (Mira Bhayandar) #2,19.28544023063869,72.89949037040512
Lower Deck,18.92346716981359,72.83392078758914
Vile Parle Or Rasraj (Vile Parle West) #1,19.10168699837677,72.8388732445035
Lok Puram (Thane) #1,19.22469920254213,72.96974936164811
Asian Paints (Bhandup West) #1,19.15942857262319,72.9376300549369
Ghobandar Village (Mira Bhayandar) #2,19.291621457641813,72.88941479571818
Chembur Colony #2,19.04669122469492,72.89318786900571
Maheshwari Udyan (Matunga East) #3,19.02723368304211,72.85691707576896
Mandali Talav (Mira Bhayandar) #2,19.299595944075442,72.84960292815495
Byculla Station East (Chinchpokli) #3,18.978154560388052,72.83381323619366
Dahisar Check Naka (Dahisar East) #1,19.2578091766334,72.87176508188581
E S I S Hospital (Mulund West) #2,19.179417166782653,72.94557851537898
Yashwantrao Chavan Pratishthan (Churchgate) #2,18.925636291027754,72.82694156258297
Khar Danda (Danda Village) #2,19.074881831331282,72.82307772883607
Marawali Church (Chembur) #2,19.040847217244494,72.8940483941369
Pandurang Wadi (Goregaon West) #2,19.173752149904065,72.85070430307577
O N G C Colony Dindoshi Or Housing Colony (Goregaon) #1,19.173571972950405,72.8683569594898
Bhagwati Hospital (Borivali West) #2,19.241205333252854,72.85453001442673
Reserve Bank of India (Fort) #1,18.93275724116093,72.83631723590517
Hindustan Petrolium Colony,19.172348614841905,72.86947710796929
Acharya Vidyaniketan (Trombay) #1,19.027593491284264,72.8907434110451
Mahim Koliwada #1,19.04641719184536,72.8384452392521
Mankhurd Station South #2,19.045634479984695,72.92994709602404
Sanjay Nagar (Jogeshwari East) #2,19.137907355952706,72.8547316717062
Gandhi Nagar (Bhandup West) #3,19.12497718585685,72.92569852853681
O N G C Colony Dindoshi Or Housing Colony (Goregaon) #2,19.17345480216837,72.86839417513988
Unit Trust Of India (Bandra West) #2,19.049791811379308,72.82827986594727
Goregaon Check Naka No 1 #1,19.16639838200777,72.85626725532813
Adarsh High School (Sangam Nagar) #1,19.022143192844474,72.87591929915308
Anita Vihar,19.19574624845165,72.87538250636258
Samarth Nagar (Jogeshwari East) #1,19.136965529106646,72.85955651318599
Krishna Vatika (Dahisar East) #2,19.26335989781827,72.86124511772155
Tembipada Pipe Line Or Police Station Bhandup (Bhandup West) #2,19.155293215256613,72.92924617179298
Amarnath Patil Sports Complex Or Banganga (Chembur) #1,19.050654629854407,72.91424104079866
Check Post (National Park - Kanheri Caves Rd) #1,19.209634536368885,72.89911403802874
Joe And Helen D Mello Garden (Jogeshwari West) #1,19.129906869322337,72.84236483680534
Government Colony Or Indian Medical Association Chowk (Mahalakshmi) #1,18.978917659954263,72.81568982514857
Morarji Nagar (Goregaon) #2,19.133645997248077,72.89742165335561
St Xaviers High School (Mira Bhayandar) #1,19.269514242178612,72.88814300305843
Unit No 2 And 3 (Goregaon) #2,19.164870801998056,72.86748835276126
Kalina (Santacruz East) #3,19.077788258493058,72.8629066710143
Vasudeo B Phadke Chowk (Kalbadevi) #2,18.94499322852072,72.83036615332747
Mazgaon Post Office #2,18.97142934018632,72.84048640798666
APMC Sector No 26 (Navi Mumbai) #2,19.08668895438125,73.01191766195392
Jaihind Cinema (Byculla) #1,18.984215829601382,72.83598234110451
Vishal Hall Prakash Studio (Andheri East) #1,19.118506645012992,72.85208380110662
Godrej BKC,19.05909623932357,72.86542574326278
Bail Bazar (Kurla) #1,19.085550329135955,72.88154309631251
Dr Ambedkar Hospital Or Parekh Nagar (Kandivali West) #1,19.208439482716717,72.85052327116395
Shanti Baug (Chembur) #1,19.05764999834833,72.89546401690819
Mahim Phatak #1,19.04451318140825,72.84458160920998
Mandala (Mankhurd) #2,19.041758086694482,72.93535595337296
Byculla Railway Station West Chalo Bus Stop,18.97818672442464,72.83219450074762
Parsi General Hospital Coastal Road #2,18.974066927277512,72.80326858113074
Dholedev Mandir Or Vasari Tekdi Number 2 (Malad West) #2,19.173791875986304,72.83980462899639
Borivali Station East #2,19.231268038713903,72.85845697323074
Kalamboli Bus Station,19.027582996712688,73.10081073811564
Kannamwar Nagar No 1 (Vikhroli) #1,19.113800072650072,72.93556250152923
Gaimukh (Thane West) #1,19.28509948277719,72.93618489508916
Kamal Vihar Sports Complex (Kandivali West) #1,19.21270527026692,72.84326169386577
Tapovan Pathanwadi (Malad East) #1,19.17991908359013,72.85952062086675
Khopat S T Terminus (Thane) #1,19.200589716511086,72.97329630584574
RTO Camp Ghodbunder (Mira Bhayandar) #2,19.284410051270928,72.88983523619366
Seepz Village (Andheri East) #1,19.129810825316085,72.87733897668645
Mulji Nagar,19.21707741921223,72.84852797333954
Madh Market #1,19.141446426917582,72.78987410491085
Kalamboli Fire Brigade (Navi Mumbai) #1,19.026367768645006,73.10516051726978
Tieten Medicity Hospital (Thane) #1,19.272394952793395,72.96264403155374
Y B Chavan Marg Junction Or Center One (Navi Mumbai) #1,19.067834243186297,72.99742589906297
Shivshrushti (Kurla) #1,19.055070923100494,72.88248736441803
Maheshwari Nagar (Andheri East) #1,19.119882379352592,72.87050341976013
Sahara (Goregaon West) #1,19.154126096574384,72.84531299388313
Mahim Paradise #1,19.04037025176318,72.84137327699233
Khanda Gaon Netrajyot Hospital #2,19.009820772840083,73.10767840457895
Chandivli Junction (Andheri East) #1,19.11111950475585,72.88819984015227
Mahul Village (Trombay) #1,19.01393303743474,72.89037807576895
Goregaon Station East (Goregaon West) #3,19.165,72.8511
Municipal Market Or Saibaba Mandir (Borivali East) #1,19.240828884873455,72.86825021870851
Municipal English School (Kandivali East) #1,19.214456644522713,72.87685501165676
Princess Street (Marine Lines) #2,18.94650318523101,72.82707897391653
ESIS Local Office (Andheri East) #1,19.11731753893831,72.88940805274392
Bhati Village (Madh) #2,19.15907487448983,72.78609864446877
Vesave Or Yari Road Bus Station (Andheri West) #2,19.139467876272228,72.80824253248853
Telecom Factory (Anushakti Nagar) #1,19.04445640322801,72.91837721870851
Navghar Road (Mulund East) #1,19.16783041391606,72.96171263558199
Balaji Nagar (Mira Bhayandar) #1,19.310233740277752,72.85030829158397
Borivali Station East #3,19.22968804705553,72.85755306879273
Dharavi Koliwada #1,19.048457785709743,72.85538648404408
Odeon Cinema (Ghatkopar East) #1,19.07903765403763,72.9089360052514
Bandra Railway Station East (Bandra East) #1,19.054882866990038,72.84195445767212
G T Hospital (Kalbadevi) #3,18.945448154275205,72.83110921288012
Ambassador Hotel (Andheri East) #1,19.103217972023458,72.87501813273511
Gateway Plaza (Powai) #3,19.12298855241113,72.91293007556429
Juinagar Railway Station (Navi Mumbai) #1,19.05613129511179,73.01913046436597
Masina Hospital or Rustom Baug (Byculla) #1,18.975863951167273,72.83758893034792
Korba Mithagar (Wadala) #1,19.01613450165797,72.86443808465576
Gopal Nagar (Worli) #1,19.006287819552266,72.82322554747387
Nency Colony (Borivali) #2,19.237890797940906,72.8632564887426
Post Office,19.106026928620093,72.88887217208148
Andheri Bus Station West (Andheri West) #2,19.11928837981958,72.84622983728386
Mazgaon Dock #1,18.96573399984958,72.84677573743437
Grant Road Station East (Kamathipura) #1,18.963182560607407,72.81651166778231
Ismail Yusuf College (Jogeshwari East) #2,19.13542568324908,72.85499618956662
Tata Colony Chunabhatti (Sion) #1,19.05304836046771,72.8752714432454
Master Wadi (Madh) #1,19.151918092065614,72.7905689905362
Seepz Bus Station (Andheri East) #1,19.12479102211738,72.87269968202929
Reserve Bank Colony (Goregaon) #1,19.172139785723328,72.86998721374559
New Custom House (Fort) #1,18.934041334879957,72.83971741294961
New Quarters Or Maharushi Valmiki Chowk (Vile Parle) #1,19.103289327499983,72.85748058895496
National Association For The Blind (Worli) #1,19.01115724517191,72.8161347027526
Doordarshan (Worli) #1,19.005611748916838,72.8180321079693
Mulund Railway Station West (Mulund West) #2,19.172784471129326,72.9557601478129
Mahavir Nagar,19.211952243118937,72.83977456451616
Amar Mahal (Chedda Nagar) #2,19.06680713870172,72.89956118178412
Tumni Pada (National Park - Kanheri Caves Rd) #1,19.221731783904964,72.8861245745282
Siddharth Nagar (Goregaon West) #1,19.158956379310393,72.84305197085808
Ganesh Chowk (Kandivali West) #1,19.21526178381773,72.83323915736628
Parleshwar Mandir (Vile Parle) #1,19.102922136163055,72.84568223036528
Parsi Panchayat Or Dhobi Ghat (Jogeshwari East) #1,19.1248107702237,72.85145187760402
Adarsh Dairy (Malad West) #1,19.192506597008038,72.8425583535118
Juhu Beach #1,19.09613875541463,72.82741147934092
Dr K B Hedgewar Chowk (Mulund West) #3,19.16386073367823,72.93716256435786
Johnson And Johnson Company (Mulund West) #2,19.17493547809332,72.94207942357096
Sewree Railway Phatak (Sewri) #2,18.992919848131194,72.8507992769923
Sanjay Gandhi Udyan (Borivali East) #1,19.2280906634159,72.86769979600669
Dr Cooper Hospital (Juhu) #2,19.107544666759733,72.83693214542103
Turbhe Police Station (Navi Mumbai) #1,19.063263478445293,73.01915035191702
Nerul Bus Station #2,19.03939936897157,73.01979821912661
Mukesh Chowk (Malabar Hill) #2,18.96363010149751,72.80310243741704
Aziz Baug (Chembur) #1,19.03731942082317,72.8949630582838
Tatwadnyan Vidyapith (Thane) #1,19.223448582908524,72.97739797945641
Vios Tower #1,19.0389585859084,72.87987476930665
Jain Mandir (Goregaon West) #1,19.16201797138846,72.8485954343586
Brimco (Kandivali West) #1,19.20746027559264,72.82298164141032
Jain Mandir,19.083020922236045,72.90914673906916
AH Ansari Chowk Salvation Army (Madanpura) #1,18.972594609946427,72.82613956258297
Vakola Police Station (Santacruz East) #1,19.080364944711683,72.84788985911513
B D Patil Marg Or HPCL (Trombay) #2,19.019575360098976,72.89797592146111
Marathon Chowk Teen Hath Naka (Thane) #3,19.187213677154734,72.96379207663442
Kendriya Vidyalaya,19.18762226817969,72.79775031379766
Ghatkopar Police Station (Ghatkopar West) #2,19.086956211873243,72.90000311865114
Adarsh Dairy (Malad West) #2,19.192637053159345,72.84182208713722
Anand Nagar Appapada Malad East (Kandivali East) #1,19.1905,72.8698
Datta Pada,19.221440020527663,72.864386733799
Bandra Talkies (Bandra West) #2,19.05931898689384,72.83594628559067
Oshiwara Bridge (Jogeshwari West) #1,19.14870256925224,72.84308641104506
Sanskriti Apartment (Kandivali East) #2,19.21294027905208,72.86327322418971
Retreat Hotel (Madh) #1,19.15365387088728,72.78937112239596
Agarkar Chowk (Andheri East) #3,19.120066517062202,72.84796067055224
Busa Udhyog Bhavan,18.999700319585415,72.85071804968551
I R B Complex Powai #1,19.11359348836611,72.9009562039933
Jain Mandir (Ghatkopar East) #1,19.081403252928585,72.9086838598741
Citi Bank (Santacruz East) #1,19.068832072601296,72.86782811200948
Nerul Sector 46 Or 48 (Navi Mumbai) #2,19.00951704788041,73.01550136545167
Tagore Nagar Junction G R Jolly Marg (Vikhroli) #2,19.124823012554522,72.93220896502969
Chembur Fatak Or Amar Mahal (Chedda Nagar) #1,19.064600683113472,72.89958123313522
Mata Ramabai Ambedkar Chowk Or Marol Naka (Andheri East) #1,19.10872591492007,72.87751298834326
Ashok Nagar Or Vilo Society (Thane) #1,19.22233640076756,72.99396999515425
Bharatmata Cinema (Parel) #2,18.995303876525277,72.83740051289747
Rathodi (Malad West) #1,19.19659494588319,72.81612354042338
Gulabrao Ganacharya Chowk (Jacob Circle) #1,18.98577236486246,72.83118033926671
Chinch Bunder,18.959176120378757,72.83844122730684
Shivshahi Prakalp Or Mantri Park (Goregaon) #1,19.167618927606252,72.88142888066243
Savarkar Nagar (Borivali) #1,19.24299121922919,72.86521314483039
Mahim (Mahim West) #2,19.041363668951163,72.84070701863908
Vashi Sector 10 And 15 (Navi Mumbai) #2,19.08097947885482,72.99921411962605
Bayer House (Powai) #2,19.119592641588955,72.91236475884341
Pai Nagar (Borivali West) #1,19.23453374392605,72.85518710462235
Milind Nagar (Andheri East) #1,19.126365379613116,72.89006283651685
Mahatma Phule Market (Fort) #3,18.947245106459555,72.83543357423973
Wadala Flyover Bridge 1 (Antop Hill) #1,19.01867936573939,72.86233742327879
Godrej Soap Company (Vikhroli) #1,19.0933250388797,72.9256753469329
Sanpada Railway Station (Navi Mumbai) #1,19.067449889301333,73.01036659334089
Mithagar (Mulund East) #1,19.16291285028345,72.95493435858965
Jivla Pada (Borivali) #1,19.214617270473113,72.86985517208147
Vallabh Park (Ghatkopar East) #2,19.07793374719069,72.9123632187085
Pestam Sagar Or Glass Factory (Ghatkopar East) #1,19.069599954342596,72.90087767724613
Dava Bazar Kalbadevi #1,18.946467953175002,72.82928724470244
Chunabhatti Phatak (Sion) #1,19.05291313328976,72.87090223036526
Christ Church School (Madanpura) #1,18.969754926921972,72.83002408159734
Sant Gadge Maharaj Chowk (Lower Parel) #1,18.981141317048106,72.82721876340295
Mohili Village (Saki Naka) #2,19.098895998737287,72.89246877823307
Mahul Village (Trombay) #2,19.013954909277736,72.89046256535292
Navghar Naka,19.307752482998335,72.86302587570083
Raj Park (Thane) #1,19.204899418954884,73.00707538219167
Versova Link Road (Andheri West) #2,19.123006704929434,72.82472439823438
Polichem Limited Or Pepsico (Trombay) #1,19.02217585777776,72.9054894199319
Goregaon Check Naka No 2 (Andheri East) #2,19.126305894506846,72.87952591840269
Saidham (Grant Road) #1,18.958082492721267,72.81699462669518
Matunga Railway Station West (Matunga East) #2,19.030404621771105,72.84733985429048
Dindoshi Session Court (Goregaon) #1,19.175535899610164,72.86718840798663
Dadlani Park Thane West #1,19.222266015095716,72.9959760641122
Wadala Truck Terminal (Sion) #2,19.034588574117485,72.87424454815624
E S I S Hospital (Kandivali East) #1,19.202065839031302,72.8564572939005
Prabhadevi or Ravindra Natya Mandir,19.014705,72.830269
Santosh Nagar Extension (Goregaon) #1,19.167446575965673,72.87668985734894
Tembipada (Bhandup West) #1,19.15619312257663,72.92984299999999
Dindoshi Depot (Malad East) #1,19.175455487497583,72.86478839719534
Railway Accident Court (Fort) #1,18.94396703071537,72.83941381513655
C B D Belapur Or Konkan Bhavan (Navi Mumbai) #2,19.024223968254574,73.0396697910383
Bainganwadi Junction,19.058446432252303,72.92338474660968
Juhu Beach #2,19.096870756647558,72.82708341075659
Gopikrishna Piramal Hospital (Lower Parel) #1,18.99827969284952,72.82539105522535
Shivdarshan (Bhandup West) #2,19.149362782930787,72.9272386588955
Rathodi (Malad West) #2,19.19663674148721,72.81649904968546
Mittal Estate (Andheri East) #1,19.107608787860073,72.88068469080733
Wadala Station Or P And T Quarters #2,19.01661386,72.85859745
Kurla Bus Station East #1,19.064880966097178,72.88088517608475
Bandra Reclamation Bus Station (Bandra West) #1,19.048135083413918,72.82723998805476
Sanpada Police Chowki (Navi Mumbai) #1,19.0629747157355,73.00977095758533
Green Park (Andheri West) #1,19.152485233808044,72.8307348771771
NMAIL Project Office,18.983770571397628,73.0437496838401
Charkop Sector No 5 (Kandivali West) #2,19.215464598330097,72.82588016319468
Bhakti Park Gate (Chembur) #1,19.0330067943066,72.87944942853022
Yashasvi Nagar Or Vardhaman Garden,19.21847662711645,72.98342551054859
Vanicha Pada,19.15005352704469,72.87288455981302
Sai Hospital (Kandivali East) #1,19.21396340680214,72.86673750008458
Seven Bungalows Garden (Andheri West) #1,19.129260389654032,72.81747898130796
Postal Colony (Chembur) #1,19.061399493220758,72.89373107576895
Hakoba (Byculla) #2,18.98817359522607,72.83919029476594
Dairy Research Institute (Goregaon) #1,19.152279523420816,72.86749036689947
BMC Washing Centre #1,19.0071775494262,72.84961158895494
Vastu Anand (Thane) #1,19.206668968835242,73.00996642547176
Borivali Station East #4,19.227842517694476,72.85797448098566
Bombay Dyeing (Lower Parel) #1,19.00624328034216,72.82936429505442
Asudgaon #1,19.01494596,73.10692705
Turbhe Naka Or Janta Market (Navi Mumbai) #1,19.068928066273912,73.01950028619693
Bandra Reclamation Bus Station (Bandra West) #2,19.04816550753827,72.82712331196261
Turbhe Naka Or Janta Market (Navi Mumbai) #2,19.06839726405968,73.01926773107249
Jijamata Udyan (Byculla) #2,18.980320820086465,72.83500121391914
Gundavli Or Lions Club (Andheri East) #1,19.12131665776411,72.85615848098564
Charkop Police Station (Kandivali West) #1,19.214472678516316,72.82098596842874
Sahakar Nagar (Kurla) #1,19.063919030324133,72.89397806878664
Shanti Ashram (Borivali West) #1,19.242848069666426,72.8459346622424
Shantaram Pujare Chowk (Doctor Compound) #2,18.98920446949768,72.83565451376296
Alankar Cinema (Grant Road) #1,18.958157781041162,72.82500020151188
Moti Mahal (Bandra West) #1,19.060187267579874,72.83426535581968
Pant Nagar (Ghatkopar East) #1,19.08345078364221,72.91397335830116
Mahim Phatak #2,19.04287512601526,72.84537754232788
Lokshahir Annabhau Sathe Udyan Or Suman Nagar (Kurla) #2,19.0535847836316,72.88223752708464
Inspector Kaklis Chowk (Mazgaon) #1,18.963224180419896,72.84398246214462
Vashi Naka (Chembur) #2,19.031231637392263,72.8968904701444
Mahatma Gandhi Complex Juhu Nagar #1,19.08457034682851,73.00167728427824
Om Shivdarshan Society (Goregaon) #1,19.171925531749668,72.8744231809683
Agrawal Green Village (Mira Bhayandar) #1,19.2708757431581,72.89052366166544
Vivekanand Nagar (Navi Mumbai) #1,19.023658348078097,73.04447407299901
Dr B Ambedkar Bhavan Vidya Nagari (Santacruz East) #2,19.07221860891469,72.85469894506312
Saifee Hospital (Girgaon) #1,18.952369438288382,72.81804240244674
Vanita Samaj Or Chaityabhoomi (Shivaji Park) #2,19.026190517503267,72.83611710646367
Dainik Shivner (Worli) #2,18.99324723638431,72.82237720122339
Babasaheb Worlikar Chowk (Prabhadevi) #2,19.014297327795365,72.82355897668647
Saraswati Complex Dahisar (Dahisar East) #1,19.263833871577962,72.85934479306319
Navaratna Hotel,19.072812889990328,72.99775390107965
Ralli Wolf (Mulund West) #1,19.171032449099155,72.94052324421502
Hindustan Petroleum Co (Sewri) #2,18.981203170456027,72.85591701136826
Ambika Mill B Station Or H U Rakhangi Chowk (Worli) #2,18.990224362275924,72.8232394343586
Vasudeo B Phadke Chowk (Marine Lines) #4,18.9426792145856,72.83042842489482
Hasrat Mohani Chowk (Madanpura) #1,18.96711288547549,72.828534415777
Diamond Market (Bandra East) #4,19.066795568530594,72.86487530001735
Kala Nagar Mhada Office (Bandra East) #2,19.05512450396673,72.84808675463103
Khindipada Or Darga (Bhandup West) #1,19.16639106706368,72.92864054232788
Unit No 16,19.146490964272317,72.8748052187085
Wadarpada (Mulund West) #1,19.168060300152778,72.95143697362806
Vile Parle (Vile Parle East) #2,19.100595405436582,72.84459928005077
Highland Park (Mulund West) #1,19.169964071280123,72.93222918679668
Swapna Nagari Or Yogi Hill (Mulund West) #2,19.182790016942285,72.9421594926424
Charkop Sector 9 Or Akshara Vidyalaya (Kandivali West) #1,19.21980338317834,72.81951751595592
Dr Shyamaprasad Mukherji Chowk (Fort) #2,18.92623868,72.83162699
Marol Village (Andheri East) #1,19.112261340389164,72.87906719816493
Surya Shopping Centre (Mira Bhayandar) #1,19.274243866813112,72.86943936747352
B Cross Road,19.11470238049053,72.86811149875926
Khar S V Road (Khar West) #2,19.071556845382496,72.83729935718999
Vijay Vallabh Chowk (Bhuleshwar) #2,18.954193537049694,72.83136701701169
Diva Village Junction Or Airoli Sector No 9 (Navi Mumbai) #1,19.148280024955127,72.9932871754284
Aarey Metro Unit No 19 #2,19.133062651108563,72.88144264225689
Tapovan Pathanwadi (Malad East) #2,19.179887116790923,72.8596706647239
Nanavati Hospital (Juhu) #1,19.096321118736164,72.8395096180968
ICICI Bank (Bandra East) #2,19.064631879586265,72.86139478434991
Kasturba Gandhi Chowk (Bhuleshwar) #2,18.95516710013329,72.8254307241616
Hiranandani Estate Bus Stop (Thane) #1,19.258466147120043,72.98435545461369
Ismail Yusuf College (Jogeshwari East) #3,19.134495999999995,72.85521741687346
Mathadi Bhavan Or Commodity Exchange (Navi Mumbai) #1,19.07889054642766,73.00936715459632
Aarey Police Station Chhota Kashmir (Goregaon) #1,19.16267426298894,72.8712764257603
Walkeshwar (Malabar Hill) #2,18.94667485556371,72.79606528005077
Darya Mahal (Malabar Hill) #2,18.95247273048973,72.79709091534421
Dharavi Police Station #1,19.043626803119253,72.8576213119626
Vakola Police Station (Santacruz East) #2,19.080253937357167,72.8492355307377
Nehru Nagar Dharavi #2,19.045498732307905,72.85915297362801
Hpcl North Gate (Trombay) #2,19.022250335012092,72.90061100611686
Tapeshwar Mandir (Goregaon) #2,19.13665933497117,72.88908699417159
Bhandup Village Junction (Mulund East) #1,19.15626128966939,72.95040791286277
Sector 7 (Mira Bhayandar) #1,19.27852140392813,72.86347379104376
Chira Bazar (Kalbadevi) #1,18.949628167065654,72.82472683403539
Lalji Pada Police Chowki (Kandivali West) #2,19.203964415631553,72.83436585123204
Ganesh Mandir (Mira Bhayandar) #1,19.26571566332557,72.87064780095056
Old Khar (Khar West) #2,19.066053472905963,72.83732270246409
Borivali Jail West (Borivali West) #1,19.22415764582948,72.85428038773158
New Quarters Or Maharushi Valmiki Chowk (Vile Parle) #2,19.10325511174509,72.85746885429052
Kohinoor Hospital (Kurla West) #1,19.076269962447185,72.88656195337299
Sindhi Colony (Jogeshwari West) #2,19.143988647355364,72.84191398733071
Kashi Mira (Mira Bhayandar) #1,19.272916061515108,72.88347323082733
Shimpoli Village (Borivali West) #1,19.223899261174502,72.84244865889549
Gulal Wadi Yadnik Chowk (Bhuleshwar) #2,18.956375484805,72.82828556535293
Board of Technical School,19.063492988453575,72.84681075405406
Kavyadhara Neelkanth Wali #1,19.2281461806147,72.98217314686487
Don Bosco Or Khalsa College (Matunga East) #2,19.025026071393658,72.85707202914189
Ashok Nagar #1,19.19894250640437,72.85655849646975
JB Nagar (Andheri East) #2,19.111553893332573,72.86886555981302
Mini Nagar (Dahisar East) #1,19.2496098882652,72.86738562603573
Dahisar Police Station,19.253209129723874,72.86505074335557
Indian Education School (Kandivali West) #1,19.213086602340663,72.82409438773153
Ankur Estate Agency,19.281837442159894,72.8613995796966
Hindustan Chowk (Mulund West) #2,19.177109469541467,72.93882834635592
Nana Chowk Or Shastri Hall (Tardeo) #1,18.963565632944267,72.81344030613423
N C P A (Nariman Point) #1,18.92518143042754,72.82261871135093
Com Gulabrao Ganacharya Chowk (Jacob Circle) #1,18.98599903686233,72.83174061375104
Bhabrekar Nagar No 1 (Kandivali West) #1,19.205448583081832,72.82403165306711
Gokul Garden,19.210646695403586,72.86296681550917
Vashi Village (Navi Mumbai) #2,19.069321847271876,72.98895604662704
Bhayandar Pada (Thane) #1,19.283408241789175,72.95233352178434
Unit Number 7 Aarey Colony (Goregaon) #1,19.159207498842076,72.88228474937964
Township Municipal School (Malad West) #2,19.196301517026395,72.8247852886491
Gadkari Quarry (Trombay) #2,19.01958229222121,72.90774181043341
Raj Paradise (Andheri East) #1,19.116349144011583,72.88379144421653
Sandesh Hotel (Mahim) #1,19.030952242728738,72.84480760367013
Mantralaya (Churchgate) #1,18.92855681754692,72.82448071590578
Shyam Nagar (Jogeshwari East) #2,19.138836,72.863584
Chincholi Bunder Road (Malad West) #1,19.178903550020806,72.83679985123207
Vatsalabai Desai Chowk Or Sahkar Niwas Haji Ali (Mahalakshmi),18.9781847972838,72.81206666691197
Government Colony Or Indian Medical Association Chowk (Mahalakshmi) #2,18.97876219070848,72.81561334549045
Petit Hall (Malabar Hill) #1,18.954681908221986,72.7984461862197
Indian Oil Nagar (Andheri West) #2,19.12725680119906,72.83107405245543
Rani Sati Marg Municipal School (Malad East) #1,19.18354,72.852062
Special Steel Or Rajendra Nagar (Borivali) #1,19.221412921112513,72.86355085683967
ICI or Mahindra (Sewri) #1,18.980873001105174,72.85149384540365
Malad Station West Or Anand Marg (Malad West) #2,19.185894233003875,72.84830444018701
Pushpa Park (Malad East) #2,19.18845374973604,72.85831655675457
Marol Lions Club (Andheri East) #2,19.109585644834187,72.8751704017914
Dadar Railway Station West #3,19.016851528913843,72.84062095060303
Mulund Sonapur (Mulund West) #1,19.178233015095955,72.95378117790987
Marol Maroshi Bus Station,19.118114663938822,72.88032678899205
Ryan International School Goregaon East #1,19.171913657065165,72.87234479848814
Guru Nanak Nagar (Vidyavihar) #1,19.08509795054202,72.89285819539498
New Agripada (Byculla West) #1,18.976283853494675,72.82730202331352
Gokul Building (Borivali West) #1,19.23417455590016,72.85138177269317
Sukhmani Housing Society (MHADA Colony) #1,19.11339668290103,72.82997165277861
Local Self Govt (Santacruz East) #1,19.071,72.8502
Mastan Talao,18.96593769498522,72.8295885096655
Dongre Wadi (Dahisar East) #1,19.244849834281286,72.86890396888154
Saibaba Road (Parel) #2,18.994592504656605,72.84128110491085
Seepz Bus Depot,19.125918407372478,72.87305708638053
Marshal Wadi,19.179966489973236,72.79785380704307
Ganesh Chowk (Kandivali West) #2,19.21539253852101,72.83429125385237
Kokani Pada Extension (Dahisar East) #2,19.24587637695728,72.87250156258297
Chhatrapati Shivajiraje Complex Extension (Malad West) #1,19.202062786268282,72.82204435553122
Prabodhankar Thakre Nagar Bus Station (Kandivali West) #1,19.219819155381682,72.82867780766344
New Shakti Mill (Thane) #2,19.20071220296695,72.97562491228581
Kranti Nagar (Kandivali East) #2,19.194299915945695,72.87255102637195
Moti Mahal (Bandra West) #2,19.060347101401916,72.83425831502102
Central Cinema,18.95466012885246,72.81838463252353
Charkop Police Station (Kandivali West) #2,19.214800041546134,72.82094908805479
Crompton Greaves (Kanjurmarg East) #2,19.13437788499963,72.93499955369616
Shitaladevi Temple (Mahim) #3,19.03546786901151,72.84167960338162
Lallubhai Compound Police Chowki (Govandi East) #2,19.05279958845499,72.92722334693289
Vivek Vidyalaya (Goregaon West) #1,19.158563174433777,72.84368120705176
Tulshetpada (Bhandup West),19.160895767869416,72.93122832361938
Bhandup Village West (Bhandup West) #1,19.15169557229134,72.94331813405275
R T O Office Thane (Thane West) #1,19.198953589957878,72.98109778157996
Vidya Mandir School (Dahisar East) #1,19.254904504368863,72.86256874937962
Shree Koteshwari Mandir (Kandivali East) #1,19.214066042177638,72.86889115153791
Green Park Or Pleasant Park (Mira Bhayandar) #1,19.27871840459862,72.8789010349703
Anjanabai Magar Swatantra Sainik Surve Chowk (Kurla West) #2,19.070003394971263,72.87537806411217
Gokulanand Hotel (Borivali) #1,19.24396832830725,72.86519977341977
Kisan Nagar Junction (Thane) #1,19.193656928567982,72.95376626562407
Pratap Society (Andheri West) #2,19.1300422213758,72.82283904079868
R C F Office (Chembur) #1,19.03504663310161,72.89208525271991
Sherley Village (Pali Hill) #1,19.07121858436941,72.82207294754457
Malad Depot (Malad West) #3,19.18291578943964,72.83601801661966
Shanti Nagar Kalina (Santacruz East) #1,19.073959849649743,72.84960638773157
Uti Traning School,19.065798111749153,72.86062392742302
Hasrat Mohani Chowk (Madanpura) #2,18.9665484180942,72.82869260280468
Subhash Nagar (Asalpha) #1,19.09688142747266,72.89776719816494
Balkanji Bari School (Santacruz West) #1,19.084682590162416,72.83275519262503
Sai Shraddha Shopping Centre (Malad West) #1,19.178322829915043,72.81637367662194
Nilkant Apartment (Mira Bhayandar) #1,19.271855721208105,72.88922944601536
Shahu Nagar (Dharavi) #1,19.039816251703954,72.85153274632118
Rajmata Ahilyabai Holkar Udyan or Kurla Lions Udyan (Kurla West) #1,19.060974729518886,72.8727440088868
Krishna Baug Or Fine Arts Society (Chembur) #1,19.061546429132235,72.89763456916188
Shastri Nagar (Goregaon West) #5,19.16013569845392,72.83487676103643
Bhandup Village Junction (Mulund East) #2,19.15569999728057,72.94917106411219
Indian Oil Depot Or Barkat Ali Dargah,19.02108468423933,72.86391526533556
Bhandup Pumping Centre (Mulund East) #1,19.15361861566092,72.95636555704309
Virwani Estate Or Sarvodaya Nagar (Goregaon) #3,19.169251597195277,72.8587066713811
Kalwa Bridge (Thane West) #2,19.197211615772236,72.98326008800268
Mulla Baug (Thane) #1,19.23923360542657,72.97576721230318
Kingston Sez 1 Hiranandani (Powai) #1,19.114253465667954,72.9131646297536
Narayan Dabholkar Marg,18.950945883814647,72.79380339050151
Amar Mahal (Chedda Nagar) #3,19.06612516607725,72.89989055031673
Chhatrapati Shivaji Maharaj Terminus (Fort) #3,18.94090102,72.83485714
Ashish Complex (Dahisar East) #1,19.26145960036798,72.86199329447746
Shimpoli Village (Borivali West) #2,19.222606678340853,72.84288827087543
Jafri English School (Shivaji Nagar) #1,19.067527354281175,72.9209130294304
Andheri Bus Station West (Andheri West) #3,19.11934179447631,72.8451923208494
Azad Nagar (Wadala) #2,19.014399294317542,72.8556762187085
Riddhi Siddhi (Andheri West) #1,19.137269565536727,72.81054908159732
Azad Flour Mill (Byculla) #2,18.98540704451598,72.84102517790986
Borivali Station East #5,19.231958152521216,72.85887305090418
Nerul Village (Navi Mumbai) #2,19.036732,73.015133
Hema Industries Estate (Jogeshwari East) #1,19.131781604762956,72.8628372828207
Pipe Line (Mulund West) #3,19.177629050980833,72.9402335622945
Om Shivdarshan Society (Goregaon) #2,19.17188108343946,72.87450895337295
Kanda Batata Market (Navi Mumbai) #1,19.073760948595694,73.00550183068846
Bank of Maharashtra (Andheri West) #1,19.140739954240004,72.82581568249469
Platform Number 1 Borivali West #1,19.22376834189463,72.85488457729815
Maharashtra Kata (Asalpha) #2,19.1032760768035,72.88856690367753
Jain Mandir (Kandivali West) #1,19.202101295641018,72.84925957395124
E S I S Hospital Or Midc Police Station (Andheri East) #2,19.11796346095183,72.86789194754456
Mansukh Dyeing Company (Kanjurmarg East) #1,19.129499471639615,72.9336433497028
Shivneri Building (Borivali West) #2,19.227016791118178,72.82426661446141
Dnyansadhana College Kopri (Thane) #1,19.184183876846717,72.96514736412952
Tatwadnyan Vidyapith (Thane) #2,19.22379492272053,72.97757701690816
Chunabhatti Phatak (Sion) #2,19.052998,72.870445
Jalvayu Vihar Kharghar (Navi Mumbai) #1,19.049650976047705,73.07028927641534
Worli Sea Face S (R. G Thadani Marg) #1,19.0053576183402,72.81359660785724
Thane Station East #2,19.18490265596715,72.97627481905648
Saraswati Vidya Mandir (Mahim) #1,19.035150002397383,72.84720307636734
Bandra Police Station (Bandra West) #1,19.056146193605365,72.83502788516331
Milan Talkies (Santacruz West) #1,19.089832851544493,72.83938497085812
Arogya Hospital Or D Mart (Navi Mumbai) #1,19.0193302822349,73.01614369784538
Shital Baug (Malabar Hill) #2,18.952221664777895,72.80408014876795
Mahavir Dham (Borivali West) #1,19.21828704572468,72.84258085429049
Anand Nagar (Dahisar East) #3,19.258061270486664,72.86453260921002
Vasantrao Naik Chowk Or Tardeo,18.968721902731364,72.81501442853022
Aniruddha Bhavan (Navi Mumbai) #1,19.05307938846669,73.01665609325408
Sardar Vallabhbhai Patel College (Borivali West) #2,19.25012803863554,72.84574703802872
Aai Tarumata #1,18.978673643203354,73.02292458582743
Shemaraoo Institute (Andheri East) #2,19.110850665057544,72.88369013673098
Madh Sonapur #1,19.141882290906285,72.79576109469654
Kharghar Railway Station Sub Way (Navi Mumbai) #1,19.02720135005149,73.0578247460327
August Kranti Maidan (Tardeo) #2,18.962808093067355,72.8108724307232
Vaikunth Dham (Juhu) #1,19.11525488173536,72.82320114876794
BEST Receiving Centre Or Sunder Vihar (Sion) #1,19.04320207083865,72.87289998834324
Dhokali Naka #2,19.22725683380553,72.98045044748515
Dadar Police Station #2,19.014341294315557,72.83555798834323
Lokmanya Tilak Hospital (Sion) #5,19.03534851395326,72.85745447529224
Baman Pada (Andheri East) #1,19.10415729425794,72.85816206595455
Mhada Colony Shimpoli (Borivali West) #1,19.219735877215385,72.83611448163032
Laxmi Narayan Residency,19.21945090755988,72.95980065651096
TB Hospital (Parel) #1,19.005100266000962,72.85072055254223
Santacruz Police Station (Santacruz West) #2,19.083196,72.834634
Sahar Cargo Complex (Vile Parle) #1,19.09737214938097,72.86538980766343
Asmita Jyoti (Malad West) #1,19.196402380802443,72.82686416042469
Lic Officers Training Centre (Borivali West) #1,19.243880312109024,72.84879237145903
RTO Or New Vikas Housing Society (Andheri West) #1,19.132082022454444,72.82573363835193
Kautilya Bhavan Or Videsh Bhavan (Bandra East) #1,19.06283,72.86776
N M Joshi Marg Police Station (Lower Parel) #2,18.990945154328944,72.83163935276129
Kanjur Marg Village (Bhandup East) #1,19.13020922298325,72.94161472300769
Teen Murti (Borivali) #1,19.22323514485011,72.87079053557325
Hickson and Dadaji,19.167731105715355,72.85422214041697
Talavali Naka Or Nocil Company (Navi Mumbai) #1,19.130782011183385,73.00357414570954
Kamraj Nagar (Ghatkopar East) #1,19.07312484850485,72.90924179600668
Sahakar Nagar (Wadala) #1,19.012055392316213,72.85121416625309
Andheri Station West,19.11982834384702,72.84579749598933
Godrej Company (Vikhroli West) #1,19.104251730637785,72.92137679017827
Post Office Jogeshwari East #1,19.131141000000014,72.84993369386576
Pleasant Park Mira Road (Mira Bhayandar) #2,19.275214691382555,72.8771394576721
Milan Talkies (Santacruz West) #2,19.089984933846246,72.83965084482672
Santacruz Station Road (Santacruz West) #1,19.08027606334396,72.83776127422237
Kala Killa,19.04813459502883,72.85913556086443
Dainik Shivner (Lower Parel) #2,18.996053547598965,72.82264699723004
Vikhroli Court #2,19.115833048237356,72.93648667915058
Vikhroli Station Road East #2,19.109531363258082,72.93127485429049
Sainath Nagar (Andheri East) #1,19.120984680826968,72.87549113140578
Lokmanya Tilak Hospital (Sion) #6,19.035946157546473,72.86007928033924
Baman Pada (Andheri East) #2,19.104109139001686,72.85814496687208
Kasturba Gandhi Chowk (Bhuleshwar) #3,18.954544958346183,72.82590379877661
Tolani Naka (Andheri East) #2,19.129919119307637,72.86545479600667
Vinay Industries Or Subkuch Market (Malad West) #1,19.175210608544173,72.8372244071212
Prabodhankar Thackeray Chowk (Dadar) #1,19.017943371073034,72.83548541409937
P M G P Colony (Jogeshwari East) #1,19.134248471166018,72.87001462975357
Bank of India Sector 35 Kharghar (Navi Mumbai) #1,19.07093374964039,73.07838370893131
Ghatkopar Station West (Ghatkopar West) #2,19.086888593653157,72.90799094754459
Police Camp (Worli) #2,19.008071702672154,72.8144420641122
Navrang Talkies (Andheri West) #2,19.124309372462925,72.8413116588955
Borivali Station East #6,19.231683701345244,72.85772818875442
Bhavans College,19.124723621172564,72.83851022730684
Amrapali Circle #2,19.222383935211095,72.96636820117263
Ram Ganesh Gadkari Chowk (Shivaji Park) #2,19.025929755294992,72.84086864695026
C G S Colony (Kanjurmarg East) #2,19.141253962006026,72.93777118823907
Bharatmata Cinema or Mahadeo Palav Marg (Parel) #1,18.9953,72.8356
Sarotapada Andheri West #2,19.133151298405043,72.83766611073924
Bhoomi Park Play Ground #1,19.201955551438424,72.8202229941716
Vashi Sector 29 (Navi Mumbai) #1,19.08939982126428,73.00477986871721
Mathadi Bhavan Or Commodity Exchange (Navi Mumbai) #2,19.079048342238902,73.00894872999
Dockyard Road Railway Station (Mazgaon) #3,18.968088621327603,72.84402587255617
Chhatrapati Shivaji Maharaj Terminus (Fort) #4,18.93907685,72.83550477
Santosh Nagar Dindoshi (Goregaon) #2,19.169052,72.875517
Milind Nagar (Saki Naka) #1,19.09558476803022,72.892689718377
M M R D A Colony Or Gadkari Quarry (Trombay) #1,19.022109986269392,72.90705440215827
Ram Baug (Goregaon West) #1,19.163222147869632,72.8434562389636
Apna Bazar (Mira Bhayandar) #1,19.27541837221097,72.86756886279206
Kach Pada (Malad West) #1,19.189605285258395,72.83551862917662
Mitha Nagar (Goregaon West) #2,19.163246385710526,72.83740258895492
Pathan Wadi (Malad East) #2,19.17831598341141,72.85840185706043
Shree Krishna Nagar (Borivali) #1,19.233263266810816,72.86314857553855
Shivshahi Prakalp Or Mantri Park (Goregaon) #2,19.16766199732039,72.88158143130015
Azad Nagar (Wadala) #3,19.01371784892478,72.85548824496037
MMRDA Or Family Court (Bandra East) #1,19.05602908462309,72.85143277852154
Chakala Cigarette Factory (Vile Parle) #1,19.106744468986903,72.85905318356973
Pump House (Andheri East) #1,19.125755769967302,72.85691059974624
Ganga Bhavan (Andheri West) #1,19.13562656955283,72.80971413914311
Nagbaba Mandir Or Kailash Complex (Vikhroli West) #1,19.11421783208425,72.91762542241337
S R A Colony Ram Mandir (Jogeshwari West) #1,19.149509459986536,72.84802145661887
Nagari Nivara Sector 1 And 2 (Goregaon) #2,19.172622159279765,72.88140601021432
Sewree Court (Sewri) #2,18.996428643317245,72.85282217485141
Hiranandani Estate Bus Stop (Thane) #2,19.258383000000016,72.98414562975357
Deepak Cinema (Parel) #1,19.00685560066351,72.8319565015292
Vasantrao Naik Chowk (Tardeo) #1,18.968699804678476,72.81611938773155
ONGC Office BKC (Bandra East) #1,19.06014605661857,72.86700285706041
Vazira Naka (Borivali West) #3,19.22907065471648,72.8445154199319
Hari Niketan Society,19.16339999378769,72.83315989840268
Chandivali Village (Powai) #1,19.114180057125047,72.89906403802871
Vijay Nagar Society Andheri (Andheri East) #1,19.11421679439718,72.84750652539624
Picnic Point Road (National Park - Kanheri Caves Road) #1,19.225294170150267,72.88403475186108
Lokshahir Annabhau Sathe Udyan Or Suman Nagar (Kurla) #3,19.054221389781183,72.88415572883608
Manisha Nagar Kalwa (Thane) #1,19.196818008103623,72.99078511131619
Shree Ram Mill (Worli) #2,18.997815444606445,72.82206082035924
C B D Belapur Or Konkan Bhavan (Navi Mumbai) #3,19.02349304852081,73.04139948057679
Ahilyabai Holkar Chowk (Churchgate) #4,18.934017731458802,72.82786779877664
Railway Crossing (Princess Dock) #1,18.958942951870075,72.84610160338164
Kanjur Village (Kanjurmarg East) #2,19.132631880912328,72.93622739938832
Abdul Rehman Sufi Grd Or Zula Maidan,18.97438795177484,72.82673654509783
Chandan Cinema (Juhu) #2,19.11477195850649,72.82772245767212
Dena Bank,19.133863298429628,72.84979617790987
Sariput Nagar (Jogeshwari East) #1,19.133198465521854,72.8744964346471
Postal Colony (Chembur) #2,19.061435683107433,72.89347932361935
Khedgalli Or Siddhivinayak Mandir (Prabhadevi) #1,19.013876358309822,72.83325927329663
K E M Hospital Or Nurses Quarters (Parel) #1,19.000835097950734,72.84309898834323
AH Ansari Chowk Salvation Army (Madanpura) #2,18.973001,72.82772369080732
Gaondevi Police Station (Gamdevi) #2,18.9599770615846,72.8121382828207
Kama Estate Police Chowki #1,19.159259978771544,72.85470368929545
Jagruti Nagar (Ghatkopar West) #2,19.092031475131495,72.90177383374693
Cooper Hospital,19.1089909712623,72.83707482028647
Cardinal Gracias School Or Teachers Colony (Khar East) #1,19.06792057120082,72.84656170938341
Wadala Flyover Bridge 2 #1,19.018692104439054,72.86047010185243
Dr Ambedkar Colony Or 18th Road Khar (Santacruz West) #1,19.0739466374757,72.82914648681401
Desai Municipal Hospital (Malad East) #2,19.17864286670226,72.85146197085808
Subhash Marg Hanuman Society (Vile Parle) #2,19.105099851281445,72.85214183374691
Amulakh High School (Matunga East) #2,19.026265655152855,72.86030589203068
Babhai Naka (Borivali West) #2,19.228548482290645,72.84848532944773
Panchkutir Or Ganesh Mandir,19.124024586152554,72.9098151748514
Colaba Bus Station (Cuffe Parade) #2,18.91213994728141,72.82183243435861
Hiranandani (Powai) #2,19.120549991994945,72.90678690922738
Sunder Nagar (Mira Bhayandar) #2,19.283919354234808,72.87147664141035
Acharya Vidya Niketan (Trombay) #1,19.027753139515674,72.8891241110277
Dena Bank Kandivali (Kandivali West) #1,19.204263852449873,72.84873325119734
Gawanpada (Mulund East) #1,19.17291661793368,72.96136583403539
DMart Gharkul Junction (Navi Mumbai) #1,19.04097111211801,73.07576847211202
Seepz Village (Andheri East) #2,19.130080403432554,72.87809827231786
Everard Nagar (Chembur) #2,19.05100599887516,72.8752495892288
Madhani Circle (Thane) #1,19.257549757267146,72.97816516625306
Holy Angels Vidyalaya (Mulund East) #1,19.173859936966405,72.96388521565008
Kandivali Railway Station West (Kandivali West) #1,19.206324,72.85102
Bhandup Pumping Centre (Mulund East) #2,19.154948558299278,72.95603243401149
Vikhroli Depot (Vikhroli West) #3,19.10246859390216,72.91931516937017
Marol Village (Andheri East) #2,19.110935797124714,72.87863472606612
Brahmand Azad Nagar (Thane) #2,19.23952976217939,72.98070439355993
AH Ansari Chowk (Byculla West) #2,18.973823929274335,72.83235619539502
Chakala (Andheri East) #1,19.113177503807407,72.85889321870853
Amboli Naka (Andheri West) #3,19.127752844953484,72.84587780460501
Kidwai Road Police Station,19.005139891007257,72.85012677852156
Bharat Nagar (Bandra East) #1,19.061665443912375,72.85915165583707
Prabhu Hotel Or Kurar Village Marg Junction (Malad East) #1,19.17910768327642,72.8645067460327
Daulat Nagar (Borivali) #1,19.236531471653713,72.85930723896361
Christ Church School (Madanpura) #2,18.969650928788166,72.8298225806451
Hanuman Nagar (Goregaon) #2,19.172834295345826,72.87424110768082
St Marys Convent High School (Mulund West) #1,19.16523526589743,72.9467419180732
Juhu Shopping Centre (Andheri West) #4,19.116082283720957,72.83493093588783
Aarey Municipal School (Goregaon),19.14920426302331,72.87770511656763
Venus Building or Watumal Engineering College (Worli) #2,19.0021,72.8118
Novelty Cinema Or Dr Bhadkamkar Road (Kamathipura) #2,18.961837170444632,72.81882228864907
Maharashtra Nature Park Or P M G P Colony,19.05164181040089,72.86176646112943
Nalanda Or Pedder Road,18.967375365856196,72.80790130613424
Vijay Vallabh Chowk (Bhuleshwar) #3,18.95440146996819,72.83196911656762
Jijamata Nagar (Chembur) #3,19.0282481300408,72.88837065029713
Banwari Compound (Dharavi) #2,19.045801070187004,72.84757013362616
Dharkhadi (Dahisar East) #1,19.252416640661785,72.87362326586074
Borosil Glass Factory (Andheri East) #2,19.117415973162434,72.88329807767755
Turbhe Police Station (Navi Mumbai) #2,19.0627215004025,73.01942307825041
Air India Quarters (Santacruz East) #3,19.081415258447734,72.8699883061342
Bharatmata Cinema (Parel) #3,18.994793997809147,72.83843322453691
Childrens Home Or Mankhurd Station Road (Anushakti Nagar) #1,19.042727442935654,72.92868331779097
Sant Rajinder Singh Ashram (Navi Mumbai) #1,19.112861751912703,73.00246932361935
Shivsena Office (Mira Bhayandar) #1,19.30735554282946,72.84982855462954
Charkop Sect No 8 (Kandivali West) #1,19.21475588934998,72.81279479104376
Goregaon Check Naka No 1 #2,19.16601118714527,72.86027866443538
Old Nagardas Road,19.12380498180093,72.85056787177564
Late Balshet Patil Chowk #1,18.97523721798574,73.02945858478327
Fire Brigade Or Maharashtra Krishi Udyog (Goregaon) #1,19.165385267374205,72.86476653823041
Shanti Ashram (Borivali West) #2,19.241948194312826,72.84690448098564
Shree Chhatrapati Shivaji Maharaj Chowk Nerul (Navi Mumbai) #2,19.044361865168714,73.02301318708516
Saibaba Mandir (Kandivali West) #1,19.217644345135472,72.82858324785043
Dr Ambedkar Udyan Powai #4,19.126893981421784,72.89421182237864
Old Agra Road (Kurla) #1,19.079195501887835,72.87984517456292
Dadar Station East Or Swami Narayan Chowk #1,19.01745940445678,72.84410962975359
Khedgalli Or Siddhivinayak Mandir (Prabhadevi) #2,19.014381312036328,72.83282475543622
Chhatrapati Shivaji Maharaj Terminus (Fort) #5,18.939150225749223,72.83584322482538
CIDCO JNPT #1,18.897120208478803,72.98067141558198
Local Self Govt (Santacruz East) #2,19.071005425628382,72.85023692232184
Yashwantrao Chavan Pratishthan,18.92563629,72.82694156
Mulund Sonapur (Mulund West) #2,19.178512633336357,72.95386332056096
Mohammed Estate Or Kapadia Nagar (Santacruz East) #2,19.073633584346325,72.87120299417164
Kandivali Railway Station West (Kandivali West) #2,19.205244926175208,72.85112880702108
Mulund Railway Station West (Mulund West) #3,19.17352612666928,72.95633334146304
Viceroy Udyan (Kandivali East) #1,19.21032387574622,72.87120856564141
Highland Park #1,19.222130266630888,72.98240924686478
Sanjay Gandhi Udyan (Borivali East) #2,19.228059953293084,72.86775551107365
Acharya Atre Chowk (Worli) #2,18.998880202000514,72.81753785152054
Jain Mandir Samata Nagar (Kandivali East) #1,19.21359420396476,72.87277752513121
Parsi Dharmashala Or Om Chambers (Malabar Hill) #2,18.964633876797862,72.80543880405675
Shardashram Vidyamandir (Dadar) #1,19.016296898001713,72.83766018067979
Savitribai Phule Nagar (Andheri East) #1,19.100567307755302,72.86390150735761
Raj Kapoor Chowk Or Bhabha Hospital (Anushakti Nagar) #2,19.04381002266584,72.9215188104334
Vikhroli Station Road East #3,19.10929996523613,72.9334492536788
Vinay Industry Or Subkuch Market Or Adarsh Nagar (Andheri West) #1,19.13510444691583,72.81027318738337
SK Resort (Borivali West) #1,19.239301713010843,72.84259524173356
Maheshwari Udyan (Matunga East) #4,19.025557626336468,72.85421475536764
Shree Ram Mill (Worli) #3,18.997769160560757,72.822017905015
Wadala Flyover Bridge 2 #2,19.0188094565838,72.86060845608083
Old Agra Road (Kurla) #2,19.079066223517863,72.87990049512385
Siddharaj Society (Borivali East) #2,19.235068763275418,72.87217155772444
Karmaveer Dada Saheb Gayakwad Nagar (Sion) #1,19.03740415,72.86660488
Vikhroli Police Station #1,19.120373328809247,72.93698358283805
Chakala (Andheri East) #2,19.115952316788263,72.86128783680533
Hanuman Nagar (Kandivali East) #1,19.20117028489023,72.86622474909116
Vaishali Bhavan (Kandivali West) #1,19.20500949353859,72.83906141773893
Deonar Fire Brigade Colony (Govandi East) #2,19.05568302812155,72.92215985123204
Railway Accident Court (Fort) #2,18.943728559009433,72.83923678934157
Adarsh Nagar (Andheri West) #1,19.146055244382275,72.82930986596686
Macchimar Nagar Or Raheja Hospital (Mahim) #1,19.045810270681343,72.84285244878531
Amar Mahal (Chedda Nagar) #4,19.066961143435233,72.89991053950831
Dyaneshwar Nagar #1,19.00494001606088,72.85360183271939
Bharat Petroleum (Trombay) #2,19.014020150846424,72.89817669415426
Community Hall (Bandra East),19.064389854042936,72.84911570246412
Dahanukar Wadi (Kandivali West) #1,19.207157169346985,72.83741698309184
Marathi Vidyalaya Ghatkopar East #2,19.088081887593074,72.9170528101449
Shivaji Nagar Terminus #1,19.06055455085282,72.92551765860699
Dandpada (Khar West) #1,19.075008296400664,72.82615829447748
Aai Tarumata #2,18.978951285665783,73.02272596589648
Dhiraj Valley Society (Goregaon) #1,19.168340934260655,72.86938119816496
Merind Company (Bhandup West) #1,19.161739381882914,72.94399347515727
Natraj Studio,19.117571900100597,72.85368779320184
Prabodhankar Thakre Nagar Market (Kandivali West) #1,19.21590805512941,72.82861530861567
Mulund Depot (Mulund West) #1,19.17577045187487,72.94641340550517
Sainath Nagar (Thane) #1,19.26690516172507,72.9669189766154
Lions Gate,18.92674684189631,72.83390990674592
Kalamboli Colony (Navi Mumbai) #1,19.022118712278036,73.10095337830286
Shindewadi (Dadar) #1,19.011319287248284,72.84310076103638
Highland Park #2,19.22240138,72.98224409
Bharat Nagar (Andheri West) #1,19.125439757776338,72.82240012545442
Don Bosco School (Borivali West) #2,19.230128890051468,72.84219218375134
Mulund Railway Station East (Mulund East) #1,19.171760485236913,72.95817865306712
M T Park (Colaba) #1,18.907443740488215,72.81173967943907
Nehru Nagar (Kurla) #2,19.06185123311765,72.88366276103638
Gurudwara (Malad West) #2,19.18199305081301,72.81722872305251
Asalpha Village #1,19.09612299480591,72.89549217819832
Nerul Gymkhana (Navi Mumbai) #1,19.026501563992934,73.01575253372957
P M G P Colony (Jogeshwari East) #2,19.13415198940165,72.86929212822437
Shivraj Bhavan (Lower Parel),19.006342261806253,72.83456626839398
Vitthal Mandir (Malad West) #1,19.198483157210003,72.8277821861722
Pantnagar Police Station (Ghatkopar East) #2,19.085920426828206,72.91482944993926
Sikka Nagar Or Ganpati Mandir (Girgaon) #2,18.95627708580989,72.82292350268318
Mahada Or Telephone Exchange (Andheri West) #1,19.13391225392259,72.82566418650818
Jijamata Vidyalaya (Malad East) #1,19.187993155194228,72.86555981262634
Wadala Depot #1,19.014383577143544,72.85314217208148
Gawanpada (Mulund East) #2,19.172956202795945,72.96153581903171
E S I S Hospital Thakur Village (Kandivali East) #1,19.20815789852773,72.87727851740647
Rutu Estate (Thane) #1,19.248255,72.977941
Kala Vidyalaya (Malad West) #2,19.18173848272439,72.8133908720641
Prabhadevi (near Reliance Digital) #1,19.01330749079596,72.82867571288418
S K Patil Hospital Malad East #2,19.188540055411526,72.85403672606608
BKC Metro Station A1 Exit,19.05973219280181,72.8559372441803
Anand Nagar Appapada Malad East (Kandivali East) #2,19.190529131349322,72.86983553926945
Mahatma Phule Market (Fort) #4,18.946884652949556,72.83330307894231
Hanuman Society Building No 5 #2,19.103680671218996,72.85280623994245
Gorai Aakashvani (Borivali West) #1,19.231210206925706,72.83545303387498
Khindipada Or Darga (Bhandup West) #2,19.166242538695016,72.92848564475727
Reay Road Railway Station (Byculla) #3,18.97622602404646,72.84545678711989
APMC Fruit And Vegetable Market (Navi Mumbai) #2,19.07616876152542,73.00960241687346
Kannamwar Nagar 1 Pravin Hotel (Vikhroli) #2,19.116500220258892,72.93563854146241
Parel Village or Sant Gora Kumbhar Chowk #3,18.999409852164508,72.84623346686145
Unit No 7 Aarey Colony (Goregaon) #2,19.158384,72.878574
Thakurdwar (Girgaon) #1,18.95184766051858,72.8226555443473
Ram Baug (Goregaon West) #2,19.163381635231055,72.84399533527615
Kalachowki Police Station (Parel) #1,18.98804900166526,72.84208578434992
Sathe College (Vile Parle) #1,19.097468990581653,72.84938021288012
Utkarsha Vidyamandir (Malad East) #1,19.188586483136937,72.85634700000001
President Hotel (Cuffe Parade) #1,18.915194226396434,72.82255255398466
Dattani Park (Kandivali East) #3,19.21142998450797,72.86840374049282
Pepsi Garden (Borivali West) #1,19.229767352040124,72.82336582209015
Aghadi Nagar (Jogeshwari East) #1,19.127071422182645,72.85920760644005
Ramgarh Or Anita Nagar (Kandivali East) #1,19.197544208018197,72.87870817790986
Prabodhankar Thackeray Chowk (Dadar West) #1,19.019352700348847,72.8370221002364
Dadlani Park Thane West #2,19.22238903515782,72.99593331167414
Zakeria Masjid (Kalbadevi) #1,18.952406358018795,72.83402396502973
Goregaon Telephone Exchange #1,19.15757018705159,72.85661059201334
Aarey Hospital Or Municipal School (Goregaon) #2,19.14838730249454,72.87656355981302
Ruia College (Dadar) #2,19.02171327646532,72.85147992423104
Juhu Bus Station #3,19.107503929976918,72.82683453387808
Ekta Society (Andheri East) #1,19.106742383707626,72.87494888954924
Mithagar (Mulund East) #2,19.165456968850147,72.9639919070344
Filter Pada (Goregaon) #2,19.138878561417922,72.89438681655024
Nerul Sector 46 Or 48 (Navi Mumbai) #3,19.007847166738287,73.01640012516596
M H B Colony (Borivali West) #1,19.230738150790877,72.83790118373823
Jijamata Nagar,19.029011834032918,72.88777038493384
Mumbai Central Depot (Kamathipura) #2,18.969401618088224,72.82505605313888
Dharavi Depot #2,19.05153655661057,72.85877307299899
Rabodi Police Station (Thane) #1,19.206031169238592,72.98219790253354
Gokhale Vidyalaya Kharghar,19.041490141782056,73.06600700305842
Gawan Gaon Refineries (Trombay) #2,19.009968273178888,72.89835187483406
Don Bosco Or Khalsa College (Matunga East) #3,19.02502607,72.85707203
Telephone Exchange (Ghatkopar West),19.088922454045903,72.90415407576893
Kach Pada (Malad West) #2,19.189603385377275,72.83526985429049
Juhu Village Vashi (Navi Mumbai) #1,19.086814673762476,73.00323651901437
Saint Teresa Convent School (Santacruz West) #1,19.07655902709624,72.83757052515655
Siddharth Nagar Number 2 (Goregaon West) #1,19.155136199442975,72.84344922759536
Majestic Cinema,18.955044849322345,72.81921427116393
Rani Laxmi Chowk Or Roopam Cinema (Sion) #2,19.041274387828643,72.86515061226847
Airoli Sector No 17 (Navi Mumbai) #2,19.151999565932464,72.99279953649949
Dr Suchak Chowk (Malad East) #2,19.18783571311941,72.85076174937961
Gopikrishna Piramal Hospital (Lower Parel) #2,18.998328829870154,72.82540346044205
Bhandup Village West (Bhandup West) #2,19.151670868153104,72.94329164723872
Annabhau Sathe Nagar (Mankhurd) #1,19.056514409201494,72.93060626972151
Samata Nagar Building Number 3 and 5 (Kandivali East) #2,19.205987009536535,72.86755056841133
Colaba Bus Station (Cuffe Parade) #3,18.91266201950713,72.82322450083734
Deonar Municipal Colony (Govandi East) #2,19.05494488023527,72.92404515459634
Ahilyabai Holkar Chowk (Churchgate) #5,18.933852856922325,72.8277482749542
Subhash Nagar Thane #1,19.216266853628543,72.97389803774021
Check Post (National Park - Kanheri Caves Rd) #2,19.209528742489873,72.89929894419767
Jay Coach Or SRPF Camp (Goregaon) #1,19.14237120330247,72.85494488816457
Marol Depot (Andheri East) #1,19.118323564588078,72.86528592059565
Natasha Tower (Andheri West) #1,19.126503303603048,72.82132569444273
Rana And Sons (Kandivali West) #2,19.210341558216353,72.8266716232429
Maheshwari Udyan (Matunga East) #5,19.02683561937341,72.85595365976094
DMart Gharkul Junction (Navi Mumbai) #2,19.041125410225533,73.07567199133113
Rizvi College (Pali Hill) #1,19.068737057341078,72.82286819539499
M T Park (Colaba) #2,18.907488780854784,72.81174303220034
Merchant Brothers,19.207541504892227,72.82478752484272
Aniruddha Bhavan (Navi Mumbai) #2,19.05314150253035,73.01649214322805
Dhiraj Valley Society (Goregaon) #2,19.16830921428366,72.86927290091754
Wadala Monorail Station Marg (Sion) #1,19.036793327890752,72.87344790091754
Bank Of India Bandra West,19.055280918160996,72.83136897584974
Marve Village (Malad West) #2,19.196114717410627,72.79990073466443
Juhu Beach #3,19.09704976256425,72.82693320705175
Anand Nagar Market (Dahisar East) #1,19.255752013868932,72.86464448710254
Swami Dayanand Saraswati Chowk (Fort) #1,18.93700371992056,72.83695583097695
CIDCO JNPT #2,18.897097344630687,72.98056886147845
Inter State Bus Station (Chembur) #1,19.04286903948643,72.87938882514858
Ghatkopar Station West (Ghatkopar West) #3,19.087810189852462,72.90867161175866
R C F Office (Chembur) #2,19.035038469515325,72.89199316013624
Mithibai College (Juhu) #2,19.103448169054893,72.83692128836059
Pravasi Industrial Estate (Malad East) #1,19.172793400450654,72.85459196531818
Nahur Village (Mulund West) #2,19.164636812632487,72.94758972595865
Gol Building (Kurla West) #2,19.06716631969643,72.87483979294825
Famous Studio (Mahalakshmi) #1,18.98596617036536,72.82399041993189
Hiranandani Complex Junction (Navi Mumbai) #2,19.032171891428753,73.0655653050054
Mulund West Check Naka Bus Station #3,19.183397541318115,72.95410737054193
Colaba Bus Station (Cuffe Parade) #4,18.91213995,72.82183243
Narayan Nagar (Ghatkopar West) #1,19.086075919746527,72.89527577852155
Suvidhya School (Borivali West) #1,19.22991255685642,72.82871567580366
Shuklaji Street (Kamathipura) #1,18.966212146628838,72.82462234052754
New Siddharth Nagar,19.15921570920754,72.8389970093829
Unit No 7 Aarey Colony (Goregaon) #3,19.158439368992422,72.87863709325408
Dhiraj Enclave (Borivali) #1,19.215386879420507,72.86951261809685
Nerul Naka Or LP (Navi Mumbai) #1,19.045863931095017,73.02449181274126
Hindmata Cinema (Dadar East) #1,19.008774215668844,72.84171615459633
Aarey Unit Number 8 (Goregaon) #2,19.169371030629705,72.86211127699234
Bandra Kurla Complex Metro Station,19.059665431428893,72.8553157343586
Gorai Aakashvani (Borivali West) #2,19.23137418841681,72.83530517710304
Ranade Road (Dadar West) #1,19.021590071498505,72.83756738190317
Com P K Kurne Chowk (Worli) #2,19.005071689870746,72.82082709238861
Noorani Masjid Pathanwadi (Malad East) #1,19.179231466654816,72.86243570552253
Pali Hill Naka Or Guru Nanak Road (Bandra West) #1,19.059485673126638,72.83104870021485
R F Naik School (Navi Mumbai) #1,19.098591,73.005023
NCPA Or Vidhan Bhawan (Nariman Point) #1,18.9257271165798,72.82356664418032
Special Steel Or Rajendra Nagar (Borivali) #2,19.221251380746093,72.86322161568309
Mhada Colony Bhoiwada Building No 5E,19.00836842494428,72.85159518279893
Shivaji Nagar Terminus #2,19.06062775341194,72.92540399999999
Ahilyabai Holkar Chowk (Churchgate) #6,18.935593139928233,72.82682407914105
S K Stone (Mira Bhayandar) #1,19.28547249883188,72.86962662421372
Mumbai Central Depot (Kamathipura) #3,18.968294986744496,72.82411257696366
Sharda Cinema (Dadar) #1,19.014197309149758,72.84613016042469
Shree Parleshwar Society (Vile Parle) #1,19.105868666288185,72.84676680766346
Saibaba Mandir Or Satya Saibaba Mandir (Jogeshwari East) #1,19.129401589561983,72.86971793282939
Varsha Nagar (Vikhroli West) #1,19.10694123657487,72.91731923007677
Transit Camp Dispensary (Sion) #1,19.04196481399027,72.87062942853022
Irla Maseed (Vile Parle West) #2,19.11165765951465,72.83739027947377
Saibaba Mandir Amrut Nagar (Ghatkopar West) #1,19.098666459496286,72.90775280183503
Shilp Chowk (Navi Mumbai) #3,19.04714591239245,73.07048424797527
Kopri Village (Thane) #1,19.177103231172953,72.96807002157263
Shantaram Pujare Chowk (Doctor Compound) #3,18.98742948737124,72.83557816042472
Sanduwadi (Chembur) #1,19.053378558409804,72.89752848098564
Sir A Jung Marg Rani Sati Marg (Malad East) #1,19.181197983184237,72.8578866880374
Balbhavan (Girgaon) #1,18.951457856300028,72.81760193005945
Maharana Pratap Chowk (Mazgaon) #5,18.96849792609828,72.84138484684385
Shiv Mandir (Jogeshwari West) #2,19.128507852839522,72.8431331021409
Mahindra Gate No 4 (Kandivali East) #1,19.200317629512387,72.8757211656761
Vasudeo B Phadke Chowk (Kalbadevi) #3,18.943831,72.828729
Hanuman Nagar (Kandivali East) #2,19.201257934009192,72.86631567638061
Datta Wadi (Thane) #1,19.200509578238677,72.99899644514987
Bandra Railway Terminus,19.064666906076926,72.8422369615062
Hutatma Chowk or Siddharth College (Fort),18.934111639352317,72.83254076103638
M H B Colony (Borivali West) #2,19.23062070414961,72.83792867638063
Save Nagar Or Gaondevi Mandir (Dahisar East) #1,19.255160894001307,72.86084317236994
Municipal School Antop Hill #2,19.0254,72.8687
Bhim Darshan,18.94175403806216,72.82460835431914
AH Ansari Chowk (Madanpura) #1,18.970725707806956,72.83151101471518
Airoli Sector No 10 (Navi Mumbai) #1,19.14899976935225,72.99027656841136
Kasturi Vidyalaya (Bhandup West) #1,19.152132425809544,72.93926461226843
Vakola Pipe Line (Santacruz East) #1,19.080740427062832,72.85206948098565
Milan Subway (Vile Parle) #2,19.09,72.8436
Ruby Mill Or Zarapkar Stores (Dadar) #2,19.02395228058854,72.8451195387212
Parsik Nagar (Thane) #1,19.205748432621128,73.00850460892151
Asalpha Village #2,19.09578589134939,72.89560986011885
Income Tax Colony (Jogeshwari East) #1,19.131189093904375,72.86069162698362
Nane Pada Junction (Mulund East) #2,19.16716544937057,72.95394161226847
M S E B Transmission Company (National Park - Kanheri Caves Rd) #1,19.224180937301018,72.88095228922063
Jeevan Nagar (Andheri West) #2,19.131676791577892,72.83154330555725
Amira Apartment,19.181130000000007,72.816638
Anand Nagar (Thane) #1,19.264790771186046,72.96769567722946
Ceat Company (Bhandup West) #1,19.154887501407337,72.94342308159732
Radha Maheshwari Chowk (Malad East) #1,19.183694226482952,72.85031839578166
Dr M Iqbal Chowk (Umerkhadi) #2,18.962117171178093,72.83298793531084
Vatsalabai Desai Chowk (Mahalakshmi) #3,18.979853463614692,72.81255331196259
Bishop School (Mira Bhayandar) #1,19.295259663367567,72.85244459227604
Mayur Nagar,19.15563780450369,72.8844111711726
Shree Koteshwari Mandir (Kandivali East) #2,19.213979204805884,72.8687905073576
Chembur Level Crossing Or Shell Bridg #1,19.06362952285157,72.89763467320972
Flora Hotel or Watumal Engineering College (Worli) #1,19.00322236314345,72.81354154815627
Holi Name Vidyalaya,18.9231691749513,72.8316338484621
Borivali Jail West (Borivali West) #2,19.2244305378508,72.85424116042473
Chakala (Andheri East) #3,19.11499237935758,72.85789371601714
Don Bosco School (Borivali West) #3,19.229708260458082,72.84227053372956
Jeevan Bima Nagar (Borivali West) #2,19.24407630092418,72.85022894973756
Priyadarshini Or A T I (Sion) #2,19.053821622330336,72.88119475826643
Rajashree Cinema,19.25103980157209,72.8636535656414
Vikhroli Park Site (Vikhroli West) #1,19.10499702164418,72.91313516931152
Urban Cooperative Bank (Mulund West) #1,19.168871477566437,72.95223873140422
Saurashtra Bank Or State Bank (Navi Mumbai) #1,19.07970114043987,73.00755231473254
Four Bungalows Market (Andheri West) #2,19.12798650216155,72.82534496225975
Kamani (Kurla West) #3,19.08417518822219,72.88500013711119
Kamgar Stadium (Dadar) #1,19.011459169879718,72.8353720582838
Birla Krida Kendra (Girgaon) #1,18.954606804210883,72.81473886011888
Sanduwadi (Chembur) #2,19.05326922416886,72.89706253649952
Ashok Van (Dahisar East) #1,19.242212352389295,72.86695365760502
Lokmanya Tilak Hospital,19.03577225251749,72.8580458011014
Ekta Bhoomi Complex,19.21277852896919,72.83856956564141
Juhu Hotel #1,19.105414767505074,72.82702372646524
Kasturi Estate (Mira Bhayandar) #1,19.30103415965593,72.85699509106111
Marol Maroshi Bus Station (Andheri East) #1,19.116517410627498,72.87993953372956
Reserve Bank Colony (Goregaon) #2,19.172046048289676,72.87032517208146
Gorai Creek (Borivali West) #2,19.232742079733047,72.82638178100301
Post And Telegraphs (Mulund West) #2,19.169662075150608,72.94601211991454
Beyond 12 hrs,19.013453966506386,72.85213798643876
Chakala Or Satam Vadi (Andheri East) #1,19.111659072646443,72.86019441806731
R C F Police Station (Chembur) #1,19.035710753960878,72.89523435858966
Dhobi Ghat Navy Nagar (Colaba) #2,18.90689742664687,72.81294114570952
Chena Bridge (Mira Bhayandar) #2,19.275793228498838,72.91645058895493
Saint Lowrence High School (Borivali West) #1,19.239438230323103,72.84723568803742
Tata Oil Mill or Hindustan Lever Ltd (Sewri) #2,18.9809,72.8574
Vakola Pipe Line (Santacruz East) #2,19.08057686384861,72.85220683911325
Police Camp #2,19.011200950965392,72.81774396502972
Prapti Society,19.220731512760544,72.8394879650297
Kalamboli Naka,19.022540761195913,73.10593943896093
Nagri Niwara Vidyalaya,19.17497664967637,72.87813934110451
Kumbharwada (Chembur) #1,19.054063366939417,72.891695317791
State Bank (Andheri East) #3,19.10694481561097,72.88806616873454
Cosmos Paradise (Thane) #1,19.216479261512784,72.95853985132082
Diamond Market (Bandra East) #5,19.06703571449838,72.8649144254718
Sanjay Gandhi National Park Gate (Borivali) #1,19.230884428799975,72.86492576686477
Mulund Vidya Mandir (Mulund West) #1,19.17012430180198,72.9534138193202
Bahar Cinema (Andheri East) #2,19.11091415669408,72.85392774049281
Stanford Society Thane #1,19.256363605344088,72.97956786011885
Sunder Galli (Byculla West) #2,18.976459512399135,72.83033962975358
Bharat Society (Goregaon) #1,19.17106641772429,72.86467823067063
Khandeshwar Railway Station #1,19.00586150423745,73.10784972417163
Vijay Nagar Marol (Andheri East) #1,19.121411372651306,72.88007142547177
Five Gardens,19.021141225162925,72.85400117513989
Chinchwadi Garten Pada 1 (Dahisar East) #1,19.254367903785887,72.87007313518627
Asmita Super Market (Mira Bhayandar) #1,19.27320649803954,72.86453797362805
Jankalyan Nagar (Malad) #1,19.199885384108025,72.81857287128008
Kherwadi Junction (Bandra East) #2,19.060712541511865,72.84767434149745
Renuka Nagar (Kandivali West) #1,19.211506493410177,72.83593105660363
Mahavir Nagar Extension Or Bharat Petrol Pump (Kandivali West) #2,19.215142003320082,72.83709403719199
Tolani Naka (Andheri East) #3,19.129852599383472,72.86546451901435
Shivsena Office (Mira Bhayandar) #2,19.307169487940673,72.84976619326994
K E M Hospital Or Nurses Quarters (Parel) #2,19.001072853942052,72.84311172883605
Mangatram Petrol Pump (Bhandup West) #1,19.13892426697683,72.93085171135093
Waghbil Naka Thane West #1,19.253306330482754,72.97238080154656
Takshila (Jogeshwari East) #1,19.129500107266193,72.86810837082339
Kashimira Telephone Exchange (Mira Bhayandar) #1,19.27240080284463,72.87634363529347
Kurla Depot (Kurla West) #1,19.075309861856997,72.87873146655895
Mahalaxmi Temple Costal Road #1,18.976486956173016,72.80449849019014
Khodadad Circle Or Dadar Post Office #1,19.015059562642087,72.84555724898456
Adarsh Vidyalaya (Kanjurmarg East) #2,19.136981,72.934666
Sai Chitra Society (Kandivali West) #1,19.216544694411837,72.82082351872585
Kalamboli (Navi Mumbai) #1,19.0263180202148,73.10203336412954
C C I Colony (Goregaon West) #2,19.163052581617066,72.84008230030582
Municipal Hospital Park Site,19.103676332228186,72.91605082237861
Kala Nagar 2 #1,19.053637210394534,72.8489063770934
Vazira Naka (Borivali West) #4,19.228932313189425,72.84468607548047
Saibaba Mandir (Kandivali West) #2,19.218092640044443,72.828730098794
Vashi Bus Station (Navi Mumbai) #2,19.075891493894314,72.99800717150447
I C L School (Navi Mumbai) #1,19.073147658711143,73.01251718650816
Dinbandhu Nagar #1,19.017581941282042,72.87032834418616
Ashirwad Society (Powai) #2,19.112663217561902,72.89655860921002
Maharashtra Nagar (Mankhurd) #1,19.05126593100151,72.93754666668568
Kumbharwada (Dharavi) #1,19.037402442932052,72.85498831200341
Dadar Market (Matunga East) #1,19.021842067186743,72.84402566195392
Choksi Hospital (Malad West) #1,19.191987346128364,72.8445422101102
Mint Colony (Parel) #1,18.994270252514188,72.8447705222424
Lucky Hotel (Asalpha) #1,19.105204715707995,72.89518981320333
Siddharth Nagar (Kandivali East) #1,19.21451578380768,72.87129049818228
Gorai Depot (Borivali West) #1,19.232124730941514,72.8303368986659
Ganga Bhavan (Andheri West) #2,19.13583491340366,72.80965102083469
Mithagar (Mulund East) #3,19.16546919490798,72.96461765249013
Dahisar Station West (Dahisar East) #1,19.250197975948282,72.8590602883606
Bhayandar Phatak Janaki Residency (Mira Bhayandar) #1,19.297911999705896,72.85233402469436
Chetana College,19.060633184673254,72.84850054538632
Mumbai Gymkhana (Marine Lines) #1,18.93877279690741,72.83011467032014
Vyas Wadi (Madh) #1,19.147777064002955,72.79067543741704
Baiganwadi Junction (Shivaji Nagar) #2,19.05873266630712,72.92327741785384
Kulkarni Wadi (Asalpha) #1,19.098526720387447,72.89779804662705
Khar 14th Road (Santacruz West) #1,19.072373526906848,72.83282660644005
Saibaba Mandir (Borivali West) #1,19.217171266375182,72.84728321011018
Shivaji Chowk Or Kalwa Naka (Thane) #1,19.196292655204005,72.98756495337294
Breach Candy Hospital (Cumballa Hill) #1,18.972227780992128,72.80499779294824
Ganeshmurti Nagar Police Station (Colaba) #1,18.9101234977995,72.8132438834324
Shreyas Cinema (Ghatkopar West) #3,19.093009613700072,72.91242956812287
Goregaon Bus Station West (Goregaon West) #2,19.163549173348073,72.84862293588782
Chembur Level Crossing Or Shell Bridg #2,19.063614683111595,72.89756690091751
Nafa (Santacruz East) #2,19.071130755536057,72.86307534591539
Aare JVLR metro station #2,19.129448839248102,72.88381342791851
Holy Cross Road (Borivali West) #1,19.24868530240526,72.85010945490218
Ahilyabai Holkar Chowk (Churchgate) #7,18.935493243221263,72.82686766503754
Dnyanoday Vidyalaya,19.207069,72.95055494754456
Savitribai Phule Nagar (Andheri East) #2,19.100488103305093,72.86383378157998
Samaj Mandir Hall Or Sardar Nagar (Sion) #1,19.039778267452487,72.86705333804609
Tata Power House (Vikhroli West) #2,19.11608577656587,72.91624127976227
Andheri Bus Station West (Andheri West) #4,19.120279588578224,72.84654811130648
Dahisar Bus Station,19.259054253997668,72.87377840399529
Hanuman Nagar (Bhandup West) #1,19.139744081434348,72.92173560061168
Sasoon Dock Colaba Fire Station #1,18.91540224472542,72.82563386900567
Krishna Leela Housing Society,19.168626171421582,72.83364671912453
Apna Bazar (Navi Mumbai) #1,19.07104490082847,72.99758208436731
Shivner Chowk Or Ganesh Mandir (Ghatkopar East) #1,19.082065348252872,72.91274382734156
Nahur Railway Station (Bhandup West) #3,19.153452583581636,72.94364649847076
Kasturi Estate (Mira Bhayandar) #2,19.30119648915415,72.85714495948982
Don Bosco School Or Link Road (Borivali West) #1,19.231073846275507,72.84062658007039
Santacruz Depot (Vile Parle West) #2,19.092124623635513,72.83872306134224
Maharashtra College Or Alexandra Cinema (Kamathipura) #1,18.967353634406635,72.82712410796931
Neelam Nagar Building No 3 Or 4 (Mulund East) #1,19.174413514883774,72.96266358312654
National Hinduja Hospital (Mahim) #1,19.03401699354054,72.8387535793725
Bhayander Phatak Or Police Station (Mira Bhayandar) #1,19.29883264670228,72.8549244840441
Siddhivinayak Mandir (Prabhadevi) #2,19.018921000726564,72.83139297809018
Swan Mill (Parel) #2,18.99477177867235,72.84874951318598
Inter State Bus Station (Chembur) #2,19.0425458307134,72.87921938467314
Four Bungalow (Andheri West) #1,19.13017036661379,72.82576090376891
Noor Baug #2,18.96272792589463,72.83753447007494
Sukh Sagar (Gamdevi) #3,18.95649417465797,72.81348910796927
Cardinal Gracias School Or Teachers Colony (Khar East) #2,19.068197111502418,72.84678364141033
Vashi Bus Station,19.07427575973208,72.99906690114807
Ramada Hotel Powai #1,19.13640474784056,72.89947291534423
Sundarwan (Andheri West) #1,19.136941923583066,72.82563072577764
Maroshi Naka Or Picnic Point (Goregaon) #3,19.136464232499165,72.88178704633857
Shanti Sudha Park or Jain Mandir (Ghatkopar East) #1,19.0756,72.9126
Sai Sangam (Navi Mumbai) #1,19.011891663785335,73.03601436441802
Maheshwari Udyan (Matunga East) #6,19.028443973022856,72.85868648404406
Samrat Ashok Nagar (Chembur) #2,19.055479682063446,72.91110450516463
Dr Bhadkamkar Road,18.9646,72.8186
Panchamrit (Thane) #1,19.25729693362989,72.97086419222221
Goregaon Check Naka No 1 #3,19.166373996763486,72.85628971882863
Lokmanya Tilak Hospital (Sion) #7,19.03731946,72.86143313
Alika Nagar Junction (Kandivali East) #2,19.197619062829823,72.87260065889548
Amulakh High School (Matunga East) #3,19.02466524864575,72.8602923830374
Borivali Bus Station West (Borivali West) #1,19.231830471304946,72.85694428854963
P M G P Colony (Jogeshwari East) #3,19.133818953299794,72.86998277852152
Diva Village Junction Or Airoli Sector No 9 (Navi Mumbai) #2,19.148213512428452,72.99305918766214
St Pius School Mulund (Mulund West) #2,19.16653156045357,72.94496230613423
L I C Colony (Mulund East) #2,19.164985672733188,72.95446919233657
Viceroy Udyan (Kandivali East) #2,19.21027733451371,72.87115860949851
Nava Gaon (Dahisar West) #2,19.251479302502293,72.85372061226848
Asmita Jyoti (Malad West) #2,19.19697166123645,72.82769529447748
Panjarapol (Chembur) #1,19.045927230570737,72.90789866166546
Chembur Colony #3,19.045607156999743,72.89445370552251
Suyash Shopping Centre (Goregaon) #1,19.176032516597626,72.8776224926424
Mumbai Central Station (Tardeo) #2,18.96897636657703,72.8187444782157
Tank Road (Bhandup West),19.147232071349908,72.93631090091753
Anik Bus Depot (Chembur) #1,19.046600439671167,72.87850170858098
Konkan Bhavan Belapur (Navi Mumbai) #1,19.022629477902857,73.03954459172486
Ghansoli Village (Navi Mumbai) #1,19.12622285042908,73.00445262727214
Dr Ambedkar Udyan Or Chembur Railway Station #1,19.06231221076422,72.9001654782157
Vile Parle Station Or Ashoka Hall,19.099402116304613,72.83955104079867
Kandivali Bus Station East (Kandivali East) #1,19.201882187893254,72.85323689034223
I R B Complex Powai #2,19.113565927392475,72.90092468803738
Saidham (Grant Road) #2,18.958189656225535,72.81689878406142
Nawab Tank Marg (Mazgaon) #1,18.96551397547417,72.8450926150384
Barkat Ali Dargah (Antop Hill) #2,19.018328061170862,72.86627672883607
Jackeria Bunder Or Hussaini Manzil,18.991827376573678,72.84777041861875
Worli Sea Face N #1,19.016082420893465,72.81863591551779
Neelam Nagar Phase 2 (Mulund East) #1,19.17593623311386,72.96439234387445
Dumping Ground Or Nirankari Bhavan (Shivaji Nagar) #1,19.067139028603183,72.92589761226844
Rizvi Complex Or Carter Road (Pali Hill) #1,19.06651588052273,72.8228900349703
Jhulelal Chowk (Andheri West) #2,19.142938128249817,72.82468532552387
Marol Maroshi Bus Station (Andheri East) #2,19.1180685915319,72.88017329399219
Miniland Society (Bhandup West) #1,19.14688791075482,72.93360703745176
Belapur Railway Station (Navi Mumbai) #1,19.021127179743875,73.04003520921003
Jui Nagar Gaondevi Chowk (Navi Mumbai) #1,19.04975816516321,73.01703996837662
Terna Engineering College Nerul (Navi Mumbai) #1,19.030365781045205,73.01709826758407
Prabodhankar Thakre Nagar Market (Kandivali West) #2,19.215260614572827,72.82910514703701
Sant Jagnade Chowk (Parel) #1,18.99221048,72.83650487
New Air India Quarters (Vile Parle) #1,19.08080625609043,72.87231273495291
Mahaparinirvan Din,18.941672780593574,72.83477358360203
Saidham (Mulund West) #1,19.167674466477468,72.94468445535236
Kamraj Nagar (Kandivali West) #3,19.20802015199355,72.83465362975362
Vashi Village (Chembur) #2,19.031729240682257,72.88727374355122
Aangan (Kandivali East) #2,19.208091187154764,72.87274517579985
Flora Hotel or Watumal Engineering College (Worli) #2,19.003132017073987,72.81375511904908
Gurunanak Vidyalaya (Andheri East) #2,19.129887001399716,72.8630961748514
Ghatkopar Station West (Ghatkopar West) #4,19.087763297208376,72.9085710289206
Airoli Toll Naka (Mulund East) #1,19.15369945095614,72.9647089635849
R F Naik School (Navi Mumbai) #2,19.098759702781454,73.00513314293957
Oberoy Garden (Powai) #1,19.114822297772537,72.89355142853019
Municipal Ward Office Or Ambedkar Garden,19.060418443848043,72.89914808465578
Zunka Bhakar Kendra Malvani (Malad West) #1,19.190800516909967,72.82553285734892
Amardham Or CKT Vidyalaya #1,18.996971988955714,73.11256913343237
Kashimira Telephone Exchange (Mira Bhayandar) #2,19.27234826594949,72.87622058895491
Shahajiraje Sports Complex (Andheri West) #1,19.12775903827272,72.83758460921003
Andheri Market (Andheri West) #3,19.122862,72.844612
Colaba Bus Station Post Office #2,18.910911334894045,72.82062083680532
Ghatkopar Depot Or Caseurina (Mankur) #1,19.085916282438017,72.91982111379768
B M C Compost Plant (Mankhurd) #1,19.05728609793941,72.92786371746777
Datta Wadi (Thane) #2,19.200449419312175,72.99866251012752
Kannamwar Nagar Building no 188 Or Janata Market (Vikhroli) #1,19.12121016109192,72.94001368803741
Sahar Cargo Complex (Vile Parle) #2,19.097311952839895,72.86538041993188
Bharatmata Cinema (Parel) #4,18.99631367818038,72.83676413405277
Maker Tower (Cuffe Parade) #1,18.916191602895076,72.817671489584
I I T Market (Powai) #2,19.12748102452815,72.91903317790987
Domestic Airport Terminal 1B (Vile Parle) #1,19.09325269308969,72.85272162086679
Kherwadi Police Station (Bandra East) #1,19.065202914485507,72.8499675731926
Taraporewala Aquarium (Girgaon) #1,18.94937044083847,72.81941480183507
Kherani Baug (Asalpha) #1,19.102477844268908,72.8989416297536
Prabhadevi Station West,19.007263944659183,72.8353594635005
Hira Nagar (Mulund West) #2,19.161849147687658,72.94565915765476
Evershine Millennium Paradise (Kandivali East) #1,19.210123706636523,72.87692573300829
Arogya Hospital Or D Mart (Navi Mumbai) #2,19.01908621287543,73.01575243060533
Gymkhana (Marine Lines) #1,18.94516969797714,72.82242887812339
Navghar Naka (Mira Bhayandar),19.30784994022223,72.86305537913324
Arcadia Circle #1,19.254643027947914,72.98195888749977
ST Lawrence High School (Kandivali East) #2,19.2131523066503,72.86192538226992
Peri Cross Road (Bandra West) #1,19.059908509429572,72.82391118898964
Bhel Company #1,19.12090371957261,72.87455167936962
N G Park (Dahisar East) #2,19.24307454180785,72.87143050454107
Silver Park #2,19.282116318499277,72.87420097916794
Basant Cinema (Chembur) #1,19.045633772715995,72.90397103831721
P W D Ground (Chedda Nagar) #1,19.06755965835408,72.90966463529347
D N Nagar Or Barfiwala Vidyalaya (Andheri West) #1,19.124126571156577,72.83042463281201
Shoppers Stop (Andheri West) #3,19.115498588004034,72.84340635836887
Agrawal Green Village (Mira Bhayandar) #2,19.27070673729625,72.89073589145374
Kumbharwada (Chembur) #2,19.054225224490292,72.89188683097696
Deonar Village (Chembur) #1,19.050191231446906,72.9200135128975
Bhandup Pumping Centre (Mulund East) #3,19.154359114787376,72.95796697726348
Mount Carmel Church Or Lilavati Hospital (Bandra West) #2,19.051453476454693,72.82881559132149
Utpal Sanghavi School (Juhu) #2,19.11265248867622,72.82823231167411
Imperial Square Society (Thane) #1,19.284181164833736,72.94763762259052
Vatsalabai Desai Chowk (Mahalakshmi) #4,18.978063752281756,72.8111870327131
Chandivali Mhada Colony (Powai) #1,19.111198518699194,72.89678387177563
Janta Colony Or Shiv Mandir (Kandivali West) #2,19.20006800239785,72.83380109937096
Shatabdi Hospital (Chembur) #2,19.04948606866306,72.9101723708234
Don Bosco School (Borivali West) #4,19.229637811347875,72.84110367877662
Bandra Talkies Or Shroff Eye Hospital (Bandra West) #2,19.060942566908142,72.83711267943909
Canossa School (Andheri East) #1,19.1251420185753,72.86526120705176
Municipal Office Vikhroli (Vikhroli West) #2,19.118009730596917,72.92597892700098
Shastri Nagar (Juhu) #1,19.089908,72.834657
Airoli Sewerage Plant Or Premdan (Navi Mumbai) #1,19.154868386107992,72.99321316886149
Dukes Company Deonar (Chembur) #1,19.047146720621047,72.90948626201735
Royal Hotel (Juhu) #2,19.091902406035675,72.82776801471519
Kille Gavthan #1,19.008849945435916,73.02936900772877
Saibaba Nagar Kandarpada (Dahisar West) #1,19.26065895300978,72.85284402637195
Seawoods Sector 47 Petrol Pump,19.013122514720887,73.01359148778685
Rawal Pada Borivali East (Dahisar East) #1,19.245634416660067,72.87006422776092
S K Stone (Mira Bhayandar) #2,19.28519688544826,72.86971021870852
ONGC Office BKC (Bandra East) #2,19.05994765012631,72.86676409274158
Navjeevan Nagar (Goregaon) #1,19.15280250118714,72.88047224785042
Madh Jetty #1,19.144661225121187,72.80198545767213
Mhatre Pen Company,19.013329528598742,72.83736952484276
Anand Nagar Kopri (Thane) #1,19.17886681635419,72.96744287673856
Shivai Vidyalaya (Bhandup East) #1,19.152796328955375,72.94638925062036
Kopar Kharine Railway Station #1,19.10274415963151,73.01228564977093
Ghodapdeo (Sewri) #1,18.97971818448405,72.84346801808755
Princess Street (Marine Lines) #3,18.946582145997105,72.82708601471519
Lal Dongar,19.049491190546888,72.8868926736107
Acharya Marathe College (Chembur) #2,19.058561361043203,72.9079907812915
Cocacola Company (Mira Bhayandar) #1,19.28069585874331,72.92635381349184
Mira Road Sector 8 (Mira Bhayandar) #1,19.277347265910876,72.86507428864908
Rani Laxmibai Chowk (Sion) #6,19.04348716191192,72.86433245640325
C B I Quarters (Ghatkopar East) #1,19.081865714576296,72.9107129067459
Bandra Talav (Bandra West) #1,19.0585794315312,72.83772672828782
Malad Station West Or Sainath Marg Chowky (Malad West) #1,19.188936016314738,72.84790735276125
Mulund Railway Station East (Mulund East) #2,19.171661911121625,72.95671447141687
Flora Hotel or Watumal Engineering College #2,19.003451440913015,72.81455376074794
Loha Bhavan (Masjid Bandar) #1,18.952112741878167,72.84127253926945
Sangita Talkies (Malad East) #1,19.189981901110098,72.85181217179299
Dr Ambedkar Udyan Or Chembur Railway Station #2,19.062285783254172,72.90031468526745
Asha And Usha Company (Vikhroli West) #1,19.107891994134924,72.92399689843607
Gelda Nagar (Ghatkopar West) #1,19.09733494891512,72.9077644782157
Mith Chowki Or Kavivarya V R Kant Chowk (Malad West) #1,19.195630284495806,72.83278558283806
Veer Kotwal Udyan Plaza (Dadar) #1,19.023395,72.841708
Kandivali Industrial Colony Or Ganesh Nagar (Kandivali West) #1,19.204325276811325,72.82829957700964
Raj Park (Thane) #2,19.204981422846746,73.00730471106245
Thakur Pakhadi (Borivali West) #2,19.234772295515373,72.84595200305843
Ayyappa Mandir,19.165208265664504,72.8319269234324
Marol Depot (Andheri East) #2,19.117897843989994,72.86565478873584
Babasaheb Worlikar Chowk (Prabhadevi) #3,19.012393973696256,72.82221388372086
Mantralaya Main Gate,18.92737013519122,72.82583291840268
Worli Post Office #1,19.005035187966797,72.81506997056962
Ahilyabai Holkar Chowk (Churchgate) #8,18.936583983592342,72.82730077852153
Lower Parel Workshop #1,19.000945503840025,72.83115970552255
Mahindra Company Gate Or B H A D Colony (Kandivali East) #2,19.20521622761253,72.86476177852155
Vikhroli Depot (Vikhroli West) #4,19.10274874596257,72.91935502971887
Rekha Sadan or Jain Mandir (Malabar Hill) #1,18.948475899806112,72.79791508742572
Worli Sea Face N #2,19.01410604411788,72.81696825206278
Shimpoli Village (Borivali West) #3,19.224007566075393,72.84245017129419
Unit No 6 Or Aarey Market (Goregaon) #1,19.157772464244765,72.8744592825322
Mint Colony (Parel) #2,18.994502304027115,72.84434077546312
Krupa Building (Ghatkopar West) #1,19.093975485415136,72.90790176963473
Laxmanrao Yadav Market Or Kurla Market #1,19.070256644491522,72.87924016195088
Civil Hospital Thane (Thane West) #2,19.199032970389094,72.97881628282069
Mira Road Sector 10 (Mira Bhayandar) #2,19.27604880339107,72.85943897240364
National College (Khar West) #3,19.06320368311081,72.83463821593858
Anjuman College (Chor Bazaar) #2,18.961731754693226,72.82558546655895
Wadi Bunder (Mazgaon) #2,18.956631527240248,72.84255513462972
Parasmani Or Madhukunj Society (Vile Parle West) #1,19.107989573678562,72.82995642547176
Mumbai Central Station (Tardeo) #3,18.968213154891714,72.8203236347165
Esic Nagar (Andheri West) #1,19.121126781631535,72.82975196808813
Reliance Energy Training Centre (Andheri East) #1,19.12932411670523,72.88153981349183
APMC Sector No 26 (Navi Mumbai) #3,19.086498847697875,73.01194347821568
ICICI Bank Or Sinhgad College (Powai) #2,19.113552091673018,72.89669300859832
Balkanji Bari School (Santacruz West) #2,19.084805527190962,72.83286650429915
Dairy Research Institute (Goregaon) #2,19.1522016106327,72.86735223313521
Mhada Office Mulund East #1,19.16610881745284,72.96549462392521
Haridas Nagar (Borivali West) #1,19.22167497466142,72.84785311379765
R C F Hostel (Chembur) #1,19.03924401521491,72.89325859172487
Mahindra Company Gate Or B H A D Colony (Kandivali East) #3,19.20619326049333,72.8662486628925
Panchavati (Navi Mumbai) #1,19.11683300719508,73.00269944018696
Asian Paints (Bhandup West) #2,19.159327227040425,72.93745537607481
Jijamata Nagar (Mahalakshmi) #2,18.99337638585617,72.82017854232788
Majas Depot Or Shyam Nagar (Jogeshwari East) #1,19.1390744571871,72.86512367055225
Kunchi Kurve Nagar (Santacruz East) #1,19.077612197660198,72.86983244018698
Nerul Railway Station (Navi Mumbai) #1,19.03429650305466,73.01722115736627
Tembipada Naka Or Vaibhav Chowk (Bhandup West) #1,19.154083002907896,72.9296467374344
Madh Temple #2,19.140638873463338,72.79111473466446
Maheshwari Nagar (Andheri East) #2,19.119982798810977,72.87040686023559
Kidwai Nagar (Wadala) #1,19.00880678954788,72.85422531444404
Kharkopar Railway Station #1,18.961632909272158,73.01230719803898
AH Ansari Chowk New Nagpada (Mazgaon) #1,18.968826318076704,72.83313399999997
Byculla Station Or Police Station (Mazgaon) #1,18.97356008262133,72.83442918151654
Dr Ambedkar Road (Khar West) #2,19.070108461389932,72.82927136441803
Krishna Nagar (Saki Naka) #1,19.09989129854098,72.88796473466444
Juhu Bus Station #4,19.107011198614362,72.82677724250512
Usha Nagar (Bhandup West) #1,19.15204946938976,72.94177075797795
Gavdevi Chowk Sarsole (Navi Mumbai) #1,19.04271295041658,73.0146425134745
Dr K B Hedgewar Chowk (Bhandup West) #1,19.161595035779573,72.93770153315258
Bandra Police Station (Bandra West) #2,19.055545345019578,72.835738
Patkar Compound (Bhandup West) #2,19.159712032505443,72.93062820705174
BEST Nagar Or Oshiwara BEST Colony (Goregaon West) #1,19.153787222858114,72.8389366239252
Subhash Nagar (Bandra East),19.066034550601078,72.84791200582839
Assisi Nagar (Chedda Nagar) #1,19.060557188927366,72.9122258834324
Western Hotel Or Lakshmi Baug (Mira Bhayandar) #2,19.276455264357615,72.88889732828041
Dahanukar Wadi (Kandivali West) #2,19.207225557757155,72.8375886444688
Andheri Market (Andheri West) #4,19.123521091304344,72.84653194754458
Patkar College (Goregaon West) #1,19.16864478020711,72.84555999694155
Jagdusha Nagar (Ghatkopar West) #1,19.09984493216848,72.90876706105372
Maharashtra Nagar Thane,19.228494467424202,72.96810284846211
M S E B Office (Mulund West) #1,19.16439305507999,72.94472932944777
Sant Vivekanand School (Navi Mumbai) #1,19.062854934737018,73.01319629170752
Parasmani Or Madhukunj Society (Vile Parle West) #2,19.10778967054289,72.82981292728947
Backbay Bus Depot (Colaba) #2,18.90962764427586,72.81736495776886
Marathi Vidnyan Parishad (Sion) #1,19.05331058454054,72.87883366472387
Nahar Estate (Powai) #1,19.1064581596786,72.89922501748516
Parel ST Depot Or Sant Rohidas Chowk #3,19.008976761490448,72.8338355567546
R C Church (Colaba) #1,18.89958231210859,72.81364513462971
Gomant Nagar (Borivali West) #1,19.243429050370466,72.85887809019569
Hanuman Road (Vile Parle) #1,19.10534510999765,72.85395756287144
Vidya Vihar S T Workshop (Vidyavihar West) #2,19.080823586016265,72.89038586404277
Unit No 32 (Goregaon) #1,19.16423831694839,72.87011559813023
Pali Hill Naka Or Guru Nanak Road (Bandra West) #2,19.059744894103858,72.82776332944773
Gurudwara (Malad West) #3,19.18207940077581,72.8172348834324
Rani Lakshmi Chowk (Sion) #1,19.045691324180233,72.86355200690582
Thakurdwar (Girgaon) #2,18.95153009738782,72.82227404079866
Holy Cross Road (Borivali West) #2,19.24877139937132,72.85010308465577
Darpan Cinema Or Sai Service (Andheri East) #1,19.11540464613074,72.85520492584703
Nitie (Powai) #1,19.134816158853152,72.8995637077155
Vishwa Pragati Mandal Or Sports Complex (Dahisar West) #1,19.259709510701924,72.8531285316043
Kirti College Or India United Mill (Dadar) #1,19.021712236885424,72.83383159478332
Saibaba Mandir Worli #1,19.006302248124292,72.81539341104506
Homeguard Training School (Saki Naka) #2,19.09141228260949,72.89259811106507
Swatantraveer Savarkar Chowk Bhayander East (Mira Bhayandar) #2,19.29450082846281,72.85717539078998
Marol Pipeline (Andheri East) #1,19.11098009847883,72.87207610866523
J V P D Bus Station (Juhu) #2,19.116141528349498,72.83105971221636
Goregaon Check Naka No 1 #4,19.165326302069424,72.85854416873455
Naik Nagar (Kurla),19.060028831925976,72.88345883957531
Mahatma Gandhi Swimming Pool (Kandivali West) #2,19.205376285189764,72.84424689653157
Bramha House (Navi Mumbai),19.010221786915228,73.0315576263125
Maheshwari Nagar #2,19.117888811654378,72.8735923205783
Fish Market (Dahisar East) #2,19.247977475511792,72.86880561039067
Novelty Silk Mill (Dahisar East) #1,19.25440284869818,72.86490762392518
Sahar Post And Tar Colony No 2 (Vile Parle) #2,19.101546601986005,72.8633867754631
Abhinav School (Mira Bhayandar) #1,19.30246498045418,72.85780152818965
CCI Cricket Club (Churchgate) #2,18.930476971017445,72.82227387731551
Macchimar Nagar Or Raheja Hospital (Mahim) #2,19.0461453173126,72.84351544051103
Vidya Nagari (Santacruz East) #2,19.07249376160375,72.8612362589302
Orlem Well (Malad West) #1,19.193167447445237,72.84058377096225
Sarsole Bus Station (Navi Mumbai) #1,19.040058288295846,73.01469834110449
Bandra Railway Terminus (Bandra East) #1,19.06278537820406,72.84157751012754
Ishwar Nagar Bhandup West #1,19.14447781687416,72.93438073189452
Domestic Airport Terminal 1B (Vile Parle) #2,19.09328453245348,72.85267994722493
Maheshwari Udyan (Matunga East) #7,19.02879160204893,72.85866956010149
N L Complex Or Riddhi Siddhi Society (Dahisar East) #1,19.261039750901997,72.86562165612555
Collector Bungalows (Goregaon) #2,19.152350828772857,72.87056988066243
Karmaveer Dada Saheb Gayakwad Nagar (Sion) #2,19.03746961036131,72.86598348176396
Suvarna Hospital (Borivali West) #2,19.223891452317346,72.84604208990717
Mahavishnu Or Samrat Hotel (Mira Bhayandar) #2,19.265150766595536,72.87578924419276
Hema Park (Bhandup East) #1,19.148293174908023,72.94267128195521
Antop Hill (Sector 1) #1,19.02664020585491,72.86643747515728
Shivaji Chowk Or Kalwa Naka (Thane) #2,19.19612547237472,72.98776846598194
Kannamwar Nagar No 2 (Vikhroli) #1,19.120402480037423,72.93828084263372
Suyash Shopping Centre (Goregaon) #2,19.175920731009224,72.87765132638931
Datta Mandir Or Dahanukar Wadi,19.209954683392308,72.83773903497028
Jambhulpada (Asalpha) #2,19.09455920805178,72.90022673772287
Jackeria Bunder Or Hussaini Manzil (Parel),18.991570690524643,72.84755909600435
Municipal Colony Sector D (Goregaon) #1,19.17324916678301,72.87951621870852
Johar Chowk (Bhuleshwar) #1,18.95811702710274,72.83113371086972
Wadia Maternity Hospital (Parel) #1,19.002879505046398,72.84274850152921
Rajmata Ahilyabai Holkar Udyan or Kurla Lions Udyan (Kurla West) #2,19.06112366937927,72.87264476715325
Tardeo Bus Station Or Rushi Mehta Chowk (Kamathipura) #2,18.963827096637118,72.82092397945642
Rani Laxmibai Chowk (Sion) #7,19.045686,72.864977
Godrej Company (Vikhroli) #1,19.101373069058994,72.92898911962602
Bhatia Hospital (Tardeo) #1,18.96512312162256,72.8129975015292
Ryan International School Goregaon East #2,19.171972800169023,72.87249590645743
Tagore Nagar No 5 (Vikhroli) #2,19.124956,72.928936
Mumbai Gymkhana (Marine Lines) #2,18.93833571320192,72.83033824226482
New Zealand Hostel (Goregaon) #1,19.151737220706085,72.87167724842739
Shardashram Vidyamandir (Dadar) #2,19.01523051321146,72.8369762392521
Mumbai Cricket Association E Gate BKC (Bandra East) #2,19.059425295898833,72.86640945634402
Bhandup Village Junction (Mulund East) #3,19.155603716801785,72.94908422759534
Spring Mill (Wadala) #1,19.01011787663099,72.84820966281937
Bhayandar Phatak Janaki Residency (Mira Bhayandar) #2,19.29830343300125,72.85231759616414
Shetty Vidyalaya (Powai) #1,19.11566789080264,72.9059536441803
Mulund Colony (Mulund West) #2,19.17498665117511,72.93690880766344
Vijay Garden (Thane West) #1,19.259310349041886,72.96968721651555
Navy Nagar Colaba #2,18.90736557042333,72.80888231418432
Shahajiraje Sports Complex (Andheri West) #2,19.127658609842833,72.83740305274392
Kamladevi Jain High School,19.13349086135231,72.82860871717928
Ordnance Depot Reay Road E (Sewri) #1,18.98139277725169,72.85247067026377
P Thakre Chowk Dadar,19.01794337,72.83548541
Tarun Well Society,19.107790060629334,72.86321199999999
Bhakti Bhavan (Chembur) #1,19.05233705296952,72.89123044076393
Vijay Nagar Marol (Andheri East) #2,19.12169552208583,72.87993932667779
Duncan Company (Mulund West) #2,19.16830995898887,72.93912905551386
Charkop Police Station (Kandivali West) #3,19.215420256562748,72.81966263355602
Millenium Business Park Mahape,19.11206483568072,73.01694769692422
Dattapada Phatak (Borivali East) #1,19.224281115541313,72.85672298834322
Koparkhairane Sector 15 (Navi Mumbai) #1,19.100908435439067,73.0043087055225
Mahalaxmi Race Course Or Zenith House (Dr Babasaheb Ambedkar Colony) #1,18.979714235183714,72.82031879294824
Khira Nagar (Santacruz West) #2,19.086568656128787,72.8381549328294
Bramhala Talao Manorpada (Thane) #2,19.20252046970535,72.97595780183505
Shivpremi Nagar (Asalpha) #1,19.095238157852094,72.89787242299032
Dockyard Colony (Bhandup West) #1,19.131297874779907,72.92670669969414
Deepak Cinema (Parel) #2,19.006035356799455,72.8316012536788
Borivali Station East #7,19.227676316662738,72.85792184263374
Maharashtra Nagar Or Yadav Nagar (Kandivali) #1,19.207054623987293,72.83383359784176
Mahada Or Telephone Exchange (Andheri West) #2,19.13385935602591,72.8257768392868
Ghatkopar Station West (Ghatkopar West) #5,19.087563879945694,72.90798390674593
Canteen Stores Department (Sewri) #2,18.98160203317329,72.8540040166197
Joe And Helen D Mello Garden (Jogeshwari West) #2,19.12998150108566,72.84233293617629
Bombay Dyeing (Lower Parel) #2,19.00634820661723,72.82972907548044
Ssc Board Office Or Saint Lawrence High School (Navi Mumbai) #1,19.074132372009533,73.00118636049415
Wagle Estate Post Office (Thane) #1,19.185718741662455,72.95802101194525
Reserve Bank of India (Fort) #2,18.932817969107735,72.83621989203073
Anand Nagar (Dahisar East) #4,19.25729347154128,72.86544030030586
Sarvodaya Nagar Jogeshwari East #1,19.13453046316042,72.86351743158866
Borivali Phatak East #1,19.233775628766047,72.85802888159276
Dnyansadhana College Kopri (Thane) #2,19.183867535923603,72.96509874909113
NL Vidyalaya,19.19296641679808,72.84700297668647
Dharam Singh Hall (Borivali West) #1,19.226098688828888,72.85492561226845
Andheri Bus Station West (Andheri West) #5,19.1193158183701,72.84533716013621
Govandi Station Road East Or Patwardhan School (Govandi East) #1,19.053717033192576,72.91370817303654
B P T Colony Wadala East (Antop Hill) #2,19.017409122741075,72.86419383656124
Jijamata Municipal School (Byculla) #1,18.9802047121282,72.8400958340354
Four Bungalow (Andheri West) #2,19.129285121766024,72.82646547728127
C Cross Road (Andheri East) #2,19.12372468767718,72.87196243845607
Nerul Naka Or LP Chalo Bus Stop,19.04735689895671,73.02455373189451
Ganesh Talkies (Parel) #1,18.989825217401595,72.83458893588782
Dharavi Police Station #2,19.043701874944578,72.85762170386275
Bangur Hall,19.165723158572966,72.8328682986491
State Bank (Andheri East) #4,19.106366327735703,72.88790523619365
Vikhroli Bus Station East #2,19.110339808199477,72.92904827976226
Central Dairy Tabela (Goregaon) #2,19.157110917732684,72.88293817208147
Erangal Village (Madh) #1,19.161590003069204,72.78639674383976
Sai Dham Society (Navi Mumbai) #1,19.01167536953563,73.01481512822434
R C Church (Colaba) #2,18.899704751505627,72.81360691315125
New India Quarters (Andheri West) #1,19.113096614506738,72.83874398834325
Darpan Cinema Or Sai Services,19.116939803500454,72.8554195201102
Borivali Phatak West (Borivali West) #1,19.234143758976725,72.85731846313466
Vihang Garden (Thane) #1,19.208711924061745,72.96357083097695
Shri Krishna Nagar Post Office,19.235992247925093,72.86568605245542
Chakala Cigarette Factory (Vile Parle) #2,19.107459129473497,72.85883217208149
Maharashtra Nagar Or Yadav Nagar (Kandivali) #2,19.206952041254794,72.83342355513861
Bharati Vidyapeeth (Navi Mumbai) #2,19.026044236970527,73.05715435193103
Mariamman Mandir (Malad West) #1,19.189145785742667,72.83756302637195
Ballard Pier (Fort) #1,18.933967452465243,72.84222199204093
Goregaon Police Station (Goregaon West) #2,19.157034188065403,72.8458128343239
Gokhale High School (Borivali West) #1,19.223699884444237,72.85097669663573
A W Complex Limited (Antop Hill) #2,19.020799473925347,72.86595731595592
Rizvi Complex Or Carter Road (Pali Hill) #2,19.06617713238679,72.82312640463974
Vanrai Or Mhada Colony (Goregaon) #1,19.15415292347845,72.85647393219624
Antop Hill Police Station #1,19.0317724424051,72.86381811169399
Thane Belapur Junction (Navi Mumbai) #1,19.067510987142928,73.01332218373823
Chakala Cigarette Factory (Vile Parle) #3,19.10666875236067,72.85912996180278
Shrimad Gokul (Borivali West) #2,19.23527504368621,72.85135719830818
Gurudwara Chowk (Andheri East) #1,19.12565982612622,72.86269906717062
Terna Engineer College Koperkhairane (Navi Mumbai) #2,19.111019832022993,73.0035633352761
Swami Narayan Mandir (Ghatkopar East) #1,19.07718361956816,72.90967431109713
Acharya Atre Chowk (Worli) #3,18.9986,72.818
Garodia Nagar RTO (Ghatkopar East) #1,19.072403802459412,72.90818558312657
General Arun Kumar Vaidya Marg Junction (Goregaon) #4,19.174608334056728,72.86037532084941
Versova View (Andheri West) #1,19.125093048504365,72.82475199492967
Krishna Baug Or Fine Arts Society (Chembur) #2,19.060830884617353,72.89736701881264
Elia Sarwat Junior College (Malad West) #1,19.187268040939603,72.82478144601536
MMRDA Open Car Park (Bandra East) #2,19.061963563322365,72.8611339322524
Childrens Home Or Mankhurd Station Road (Anushakti Nagar) #2,19.042859765821063,72.92852310796928
Unit No 32 (Goregaon) #2,19.164061600702986,72.87021819262505
AH Ansari Chowk (Madanpura) #2,18.970436543787738,72.83269722165201
Airoli Sector No 16 (Navi Mumbai) #2,19.15072084129874,72.99291956229447
Inspector Kaklis Chowk (Mazgaon) #2,18.964193173481934,72.84383427009655
B M C Parking Or Vasant Oasis (Andheri East) #1,19.11421082703849,72.88326266311995
Sukur Park Sahyadri Society (Thane) #2,19.197861786970655,72.99373919845343
Mehrabad Baug Or Aliabad (Jogeshwari West) #1,19.143884059595486,72.83903074355126
Tata Power Centre Chembur (Trombay) #2,19.004268389028535,72.90515074355123
Mira Gaonthan Or Midc Mira Road (Mira Bhayandar) #1,19.267636744684527,72.87720379514121
New Hind Mill Mhada Colony (Byculla) #2,18.983762196842257,72.84095129753591
Belpada Village (Navi Mumbai) #2,19.02846503929995,73.06011605303239
Saibaba Nagar Kandarpada (Dahisar West) #2,19.260545958921924,72.85282122759533
BPCL Sports Club (Trombay) #1,19.027826930396227,72.8957570238905
Oberoy Garden (Powai) #2,19.114630511173285,72.8926817901783
Azad Nagar (Santacruz East) #1,19.07870979074203,72.86665910768082
Sherley Village (Pali Hill) #2,19.07021842371415,72.82263204968548
J V P D Bus Station (Juhu) #3,19.116105091850603,72.82879703442096
Sahar P And T Colony No 2 (Vile Parle) #1,19.10352713834101,72.86197849570085
Sahar Village (Andheri East) #1,19.098605406604975,72.86505429141901
Gandhi Market (Chembur) #1,19.04571024336669,72.89614059899566
Bhandup Village (Mulund East) #2,19.14411818123881,72.95015128559066
Godrej (Bandra East) #2,19.059999897464373,72.86519835852194
Jambhulpada (Asalpha) #3,19.093960603679946,72.89888063177297
Cosmos Paradise (Thane) #2,19.216334948341686,72.95861276992322
Gundavli Or Lions Club (Andheri East) #2,19.120873,72.85587135858967
Basant Park (Chembur) #2,19.050153,72.893704
Com Gulabrao Ganacharya Chowk #1,18.98686652836091,72.8319644451499
Marine Lines Or Kalaniketan (Churchgate) #1,18.941362739461685,72.82649036729461
Shivram Society (Mulund West) #2,19.17569793363858,72.9442094049282
Parel ST Depot Or Sant Rohidas Chowk #4,19.009234031355053,72.83235914570953
Ahilyabai Holkar Chowk (Churchgate) #9,18.93183923205064,72.82829110214092
Johar Chowk Or Bhendi Bazar (Kumbharwada) #2,18.9593283895849,72.83162213420346
Bhim Nagar #1,19.118296274864832,72.87116985920132
Subhash Nagar (Chembur) #1,19.060234943375132,72.90484013988113
Madh Sonapur #2,19.141985547635326,72.79633441687348
Shethiya Nagar (Saki Naka) #1,19.097728177622777,72.8878626880374
Jankalyan Nagar Police Chowky #1,19.1993387590062,72.8204723131111
Sahakar Nagar (Kurla) #2,19.06357763194854,72.89350682514856
Louis Wadi (Thane) #1,19.195813478984256,72.9625249965231
Adarsh Nagar (Andheri West) #2,19.145771090505228,72.83050517303371
Pandit Paluskar Chowk (Girgaon) #3,18.955035256886077,72.816298268394
Patli Pada (Thane) #1,19.246090927674835,72.97604115153791
Malvani Akashwani (Malad West) #1,19.196223600833843,72.81082976132487
Ashok Nagar (Andheri East) #1,19.11800811648133,72.88489232556913
Pali Market (Pali Hill) #2,19.062108455986035,72.82948178434991
Mulund Railway Station (Mulund West) #2,19.171432616409696,72.95473838190317
Pandey Nagar (Kandivali East) #1,19.213404904875325,72.87768410498919
Jivla Pada (Borivali) #2,19.214495838075308,72.86996609908249
Jain Mandir (Mira Bhayandar) #2,19.280045845001748,72.86226413188827
Mahape Naka (Navi Mumbai) #1,19.113443734035783,73.00876344907378
Mazgaon Dock (Trombay) #1,19.025076294684073,72.88992282791853
Bhakti Park Complex #2,19.025697355558158,72.87871789585326
Nerul Sector 42 (Navi Mumbai) #2,19.015522049627037,73.01506044295691
Bhandup Village East (Bhandup East) #2,19.1498716739472,72.94385231502105
Chincholi Phatak Or Sarvodaya Girls School (Malad West) #1,19.178739801435448,72.84513189624309
Rajasthani Sammelan Camps Chincholi Or Sarvodaya Balika Vidyalaya (Malad West) #1,19.17677511731757,72.84587279848813
Mittal Estate (Andheri East) #2,19.107470977958496,72.88335684153841
Parel ST Depot Or Sant Rohidas Chowk #5,19.01161675131035,72.8324567318945
SIES College (Navi Mumbai) #2,19.04255891141456,73.0221920527439
Ambawadi (Borivali) #2,19.240568345678604,72.85962751901437
Ramesh Hotel (Malad East) #1,19.18699843490583,72.8623479322524
Narayan Nagar (Ghatkopar West) #2,19.08591432848135,72.8953062886491
Jain Mandir (Mulund East) #2,19.176952267230956,72.96649999417161
Lic Officers Training Centre (Borivali West) #2,19.2438485976308,72.84888097333958
Sanpada Railway Station (Navi Mumbai) #2,19.06792616088976,73.00961188677933
Shimpoli Naka (Borivali West) #2,19.22342300974995,72.85309653707647
Jalvayu Vihar Kharghar (Navi Mumbai) #2,19.049494419916467,73.07012096779965
Orlem Well (Malad West) #2,19.193292203557235,72.83992629447748
Chinch Pada National Park (Borivali East) #2,19.222875671584102,72.87434399676019
Kharkopar Railway Station #2,18.96157381776739,73.01241222963904
New Era Talkies (Malad West) #1,19.1842487333714,72.84653861809686
Jay Ganga (Kandivali West) #2,19.2117657837706,72.82079371135092
Panchkutir or Ganesh Mandir,19.123768,72.909785
Mukesh Chowk Umar Park Or Tata Garden (Cumballa Hill) #1,18.966214731703545,72.80354420122337
Sahar P And T Colony No 2 (Vile Parle) #2,19.103766014459577,72.86198553649952
Miniland Society (Bhandup West) #2,19.146904697387022,72.9334414110451
Hanuman Mandir (Kandivali West) #1,19.210414314363298,72.8243763555312
Nagpada Police Hospital,18.9659284392341,72.8316886352935
Gomant Nagar (Borivali West) #2,19.243446460244723,72.85881002914194
Main Pump House (Goregaon) #1,19.139414000000002,72.880372682209
Garware Chowk Or Koldongri Number 2 (Vile Parle) #1,19.109916622392753,72.85182276686476
Dharavi Pumping Station,19.047152436878214,72.8614628395753
Shamrao Vithal Bank (Navi Mumbai) #2,19.05979329587715,73.00329612822438
Parsi Panchayat Or Dhobi Ghat (Jogeshwari East) #2,19.124758819726498,72.85145958895494
Aai Tulja Bhavani Chowk (Andheri West) #1,19.141721824704767,72.82919652023422
Nakhwa Chowk Sector 42 (Navi Mumbai) #1,19.01656770485466,73.01689122887079
Agar Bazar (Dadar) #1,19.018639660514555,72.83374490368746
Indira Dock,18.938236000000003,72.83815295337297
Kora Kendra (Borivali West) #1,19.22008937153453,72.85258468192053
Estrella Battery Or Shahu Nagar (Dharavi) #1,19.03961045171456,72.85470502934947
Subhash Nagar (Asalpha) #2,19.096934654027518,72.89773199417162
Tata Press (Navi Mumbai) #1,19.039105383977333,73.02862346159603
Wilson College (Gamdevi) #3,18.956144303947568,72.81074026620102
Mulund Railway Station East (Mulund East) #3,19.170779,72.956175
Byculla Railway Station West (Chinchpokli) #1,18.976862675680014,72.83219142695624
Kala Nagar 2 #2,19.053760107860896,72.84866672182768
Kondivita Caves Or Mahakali Caves (Jogeshwari East) #1,19.130397595075063,72.87275440827514
D A V College (Kanjurmarg East) #2,19.138819350035455,72.93583868469048
Panjarapol (Chembur) #2,19.04565689570778,72.90772800611688
Gautam Vasati Gruha,19.15989694366215,72.83784750735761
Polichem Limited Or Pepsico (Trombay) #2,19.022202800016018,72.90543812268449
Aarey Pump House (Goregaon) #1,19.15404522951648,72.87519004051016
Kalina Market (Santacruz East) #2,19.077678729542974,72.86483175797798
Juhu Prabhat Society (Andheri West) #1,19.118236590603985,72.82897205216693
Basant Cinema (Chembur) #2,19.04588097229066,72.90410179600669
Municipal Garden (Borivali West) #1,19.238270780039485,72.84966213739966
Daily Bazaar Corner Sector 13 Kharghar (Navi Mumbai) #1,19.04692218442299,73.07279597668649
Loha Bhavan (Masjid Bandar) #2,18.952263047649414,72.84147169328881
Kalpana Chawla Chowk (Borivali West) #2,19.240944697699366,72.84615488066247
Worli Sea Face N #3,19.01565847563005,72.81762774020432
Umarshi Bappa Chowk (Chembur) #3,19.05399240942056,72.88784385429048
Seawood Railway Station (Navi Mumbai) #1,19.021205131176806,73.01736496779967
Chembur Naka Or Swami Vivekanand Chowk #4,19.054026225171253,72.893120317791
Kandivali Railway Station West #1,19.204688782596104,72.85081619534195
Jhankar Studio #1,19.27733838491048,72.88049870098898
Railway Sankalp Colony (Govandi East) #1,19.055253925218313,72.9331318496164
Rani Laxmibai Chowk Sion Barrier (Dharavi) #1,19.047292984825148,72.86317015430784
Citylight Cinema (Shivaji Park) #1,19.029822754294273,72.84159687760399
Jogeshwari Vikhroli Link Road (Kanjurmarg East) #1,19.124914664578604,72.93866911685609
Gorai Depot (Borivali West) #2,19.23174928444555,72.83317702273655
Prarthana Samaj (Girgaon) #2,18.95714278110678,72.81998400582837
Subhash Nagar (Bhandup West) #1,19.15929610438572,72.94410786594723
Navy Nagar (Malad West) #1,19.187276101937254,72.83880744849682
Mankhurd Station North #1,19.04918704429045,72.93165379948104
Maharashtra College Or Alexandra Cinema (Kamathipura) #2,18.96746968269981,72.82713584263375
Mahindra Gate No 4 (Kandivali East) #2,19.20040881784437,72.87573290034054
Evershine Millennium Paradise (Kandivali East) #2,19.210159967464946,72.87703633833455
K C Company,19.15888179811756,72.93341253067112
Kokni Pada (Dahisar East) #1,19.24740371838346,72.87053081575179
Municipal School (Mulund West) #1,19.181097748554105,72.95385281626176
Reay Road Railway Station (Byculla) #4,18.97661849509032,72.84417352857699
Vihang Garden (Thane) #2,19.20869416949493,72.96329451901435
Byculla Station Or Police Station (Mazgaon) #2,18.973607007515934,72.83442214071788
Fire Brigade Centre Or Kharodi Colony (Malad) #4,19.195867358336947,72.82161973743437
New Agripada (Santacruz East) #1,19.085508328476195,72.84596062115526
Ghansoli Sector 3 (Navi Mumbai) #1,19.114805148885974,73.00332040827512
Shantaram Patil Chowk Vashi (Navi Mumbai) #1,19.072196041804805,73.00256947238732
Maharana Pratap Chowk Mulund (Mulund West) #2,19.18431834790154,72.9538693616481
Shanti Sudha Park or Jain Mandir (Ghatkopar East) #2,19.07559651447944,72.91264023313522
Madkebuwa Chowk (Parel) #3,19.0026949307347,72.83860671412086
Shivaji Chowk (Mulund West) #2,19.175969884021757,72.937657632812
Chhatrapati Shivaji Maharaj Terminus (Fort) #6,18.939037844269997,72.83337979205285
Damodar Park (Ghatkopar West) #1,19.095617147661404,72.91437579017831
Shivsakthi Society (Dahisar West) #1,19.26144899999999,72.85224
Sewree Railway Station Phatak (Sewri) #2,19.000650985234333,72.85547068803741
Hindustan Unilever Ltd (Andheri East) #1,19.112666443563796,72.85673470359843
Jui Nagar Gaondevi Chowk (Navi Mumbai) #2,19.049310997649172,73.01722604662703
Sir Aliyawar Jung Institute (Bandra West) #1,19.0521372050233,72.83417378434991
Tagore Nagar Udyan Vikhroli Bridge #1,19.113678674066172,72.93364052620538
Maharana Pratap Chowk Mulund (Mulund West) #3,19.184275915855668,72.95436791724875
Vidya Mandir School (Dahisar East) #2,19.254851328824337,72.86256338496159
Com Gulabrao Ganacharya Chowk (Jacob Circle) #2,18.98606809482235,72.83185170936842
Don Bosco School Or Link Road (Borivali West) #2,19.231080818064143,72.8409543793747
Mahul Market (Trombay) #2,19.015405128350686,72.89038618373824
Dhake Colony (Andheri West) #1,19.12770601927338,72.83244713099431
Merind Company (Bhandup West) #2,19.161931436756078,72.94387425069024
Dhobi Ghat Or Dr Ambedkar Nagar,18.910886101272194,72.81844516348313
Nerul Railway Station (Navi Mumbai) #2,19.032286909575962,73.01920374262416
Pioneer High School (Matunga East) #1,19.031416,72.85441865029716
Kandivali Railway Station West (Kandivali West) #3,19.203904822776284,72.85079049750672
Dahisar Bridge (Dahisar West) #1,19.255001370564802,72.8568809800334
Green Fields (Jogeshwari East) #1,19.139508339230844,72.86929739938832
Tagore Nagar Post Office (Vikhroli) #1,19.115194645599242,72.93254926951104
Vihar Lake Bus Depot,19.13973683288073,72.89807116625308
Sahakari Bhandar (Juhu) #1,19.10349066971467,72.83224024698494
Bharat Nagar (Bandra East) #2,19.06524374016196,72.8546611895666
Godrej Chowk (Malabar Hill) #1,18.963892048984675,72.80853500000002
Dadar Market (Matunga East) #2,19.02098625092115,72.84372525454425
Devi Pada (Borivali) #1,19.225914235397052,72.863683327034
Jui Nagar Railway Station (Navi Mumbai) #1,19.05532488677714,73.01589765612555
Municipal Hospital (Dahisar West) #2,19.252660733898498,72.8585575858965
Ambewadi,18.99045841300765,72.8413612245369
Bandongri (Kandivali East) #2,19.19920710252842,72.86104023313526
Antop Hill Church #1,19.03273909831572,72.86666605245541
Nabard Nagar,19.207672723916872,72.86627524055844
Sector 18 Nerul Talav #1,19.033708307198435,73.012232866814
Free Press Marg (Nariman Point) #1,18.924583216791238,72.82493420122336
Dhobi Ghat Trombay #1,19.03551614256174,72.94672281043337
Filmalaya (Jogeshwari West) #1,19.12803464616184,72.84364794477462
Kherani Baug (Asalpha) #2,19.102703732544207,72.89906501136828
Doordarshan (Worli) #2,19.007323379425124,72.81865094419764
Deonar Municipal Colony (Govandi East) #3,19.054567292233514,72.92427963848333
Ganesh Darshan 2022,18.9406889832817,72.83594074349635
Sahyadri Guest House (Malabar Hill) #1,18.95317315245875,72.80301072577763
Reay Road Bridge (Byculla) #1,18.977493,72.84383
Model Town (Mulund West) #2,19.184325115963006,72.94478299417163
Airoli Sewerage Plant Or Premdan (Navi Mumbai) #2,19.154619449026093,72.99297780502043
Worli Village #1,19.016829745711778,72.82017714430467
Forest Office (Thane) #1,19.188955523596796,72.96464152178432
Ranade Road (Dadar West) #2,19.022038277304794,72.83776241993189
E S I S Hospital Thakur Village (Kandivali East) #2,19.208083019973873,72.87731853038264
Kajupada (Mira Bhayandar) #1,19.2786460030901,72.92245560061167
N C P A (Nariman Point) #2,18.92567584295633,72.82297990114348
Dr Shyamaprasad Mukherji Chowk (Fort) #3,18.92621711349174,72.83147175243806
Mahim Koliwada #2,19.045931350824805,72.83848413128281
Hanuman Mandir D Silva School (Dadar West) #1,19.019818257865513,72.840812854002
Agripada Police Station (RTO Colony) #1,18.977481697830417,72.82407369969413
Nathu Joma Patil Chowk (Navi Mumbai) #1,19.06059574079771,73.01394322176695
Acharya Atre Chowk (Worli) #4,18.998405350799487,72.81737346111876
Shrimati Motiben Dalvi Hospital (Malabar Hill) #2,18.958449125390562,72.81047866749381
Kharghar Grampanchayat Office #2,19.043778890476116,73.07266924286557
Dhiraj Ganga,19.179303438751354,72.83982581400207
Foreign Post Office (Fort) #2,18.93516112273073,72.84031129447744
State Bank Malad (Goregaon West) #1,19.173841613861825,72.84176320532391
Kapadia Nagar (Kurla West) #1,19.075305456580526,72.8727067960067
Ganesh Society (Kandivali West) #2,19.219431623067713,72.83078835858963
Post And Telegraphs (Mulund West) #3,19.16980204994525,72.94616601165677
Municipal Colony Sector B (Goregaon) #2,19.17386841787133,72.87737363835191
Swami Vivekanand College,19.049757865214524,72.88953109296557
Jijamata Vidyalaya (Malad East) #2,19.188050152175524,72.86553332581232
Chitra Cinema (Dadar) #1,19.01349788763402,72.8448699069354
Ganesh Mandir (Kandivali West) #1,19.215633333318465,72.8221486533556
Maharishi Arvind Chowk (Mulund West) #2,19.174760849195817,72.95098763281202
Indian Oil Nagar (Andheri West) #3,19.128540285467743,72.82969463725881
Meghwadi (Matunga East) #1,19.033737535563837,72.85076300000001
Mahalakshmi Railway Station #1,18.983104277966586,72.82423672243073
Bal Bharati Vidyalaya Kharghar (Navi Mumbai) #2,19.033977823649874,73.0627925979493
Nitie (Powai) #2,19.134955846464802,72.89983963996791
Mahatma Gandhi Hospital (Parel) #2,18.99754586,72.84062125
Govandi Station Road West (Govandi East) #3,19.056026690294722,72.91516238190319
B S E S (Goregaon) #1,19.130597417185687,72.88005073247146
Omkareshwar Mandir (Borivali) #2,19.230588127233684,72.86281348404408
Manav Kalyan Kendra Or Dahisar Phatak (Dahisar East) #2,19.245771077737484,72.86105526533558
Manjiri Paradise Sector 35 Kharghar (Navi Mumbai) #2,19.069313308856543,73.07542782791852
Chakala (Andheri East) #4,19.11511767134895,72.85857499710693
Wadala Road (Trombay) #2,19.021294397002258,72.89014020122336
Chhatrapati Shivaji Maharaj Talao (Bhandup West) #2,19.147647227620684,72.92963622730683
Pandit Paluskar Chowk (Girgaon) #4,18.953321504565324,72.81677018663544
Santosh Nagar Extension (Goregaon) #2,19.16730501572204,72.87677401165678
Gandhi Market (Vidyavihar) #2,19.081478919991778,72.90445687702704
Asian Cable #1,19.21960830110178,72.96479848367096
Hanuman Society Building No 5 (Vile Parle) #1,19.103643079704316,72.85138417485142
Kala Maruti Mandir,19.20483185250564,72.84688214570953
Jungleshwar Mahadeo Mandir (Asalpha) #1,19.1008825721234,72.89844796502975
Vashinaka M M R D A Colony (Chembur) #2,19.031138240711577,72.90300149541234
Vidya Nagari (Santacruz East) #3,19.07335206991692,72.86094546350051
Vijay Printing Press (Saki Naka) #2,19.10153412342213,72.88464013711118
Rani Laxmibai Chowk (Sion) #8,19.041557,72.863308
Yashasvi Nagar Or Vardhaman Garden (Thane),19.21830843958963,72.98360620656018
Bhayander Phatak Or Police Station (Mira Bhayandar) #2,19.298907009188916,72.8549969036875
AH Ansari Chowk New Nagpada (Mazgaon) #2,18.968719658146394,72.83313874937963
Pandey Nagar (Kandivali East) #2,19.21329409447176,72.87761637921156
C B D Belapur Or Konkan Bhavan (Navi Mumbai) #4,19.023354322569546,73.04139619810628
Seepz Village (Andheri East) #3,19.12957302140372,72.87630502040327
Vile Parle (Vile Parle East) #3,19.099189714279664,72.84438054815627
Kurla Depot (Kurla West) #2,19.074993596334355,72.8787244199319
Tagore Nagar Junction G R Jolly Marg (Vikhroli) #3,19.125641864209808,72.93270550897357
Western Park (Mira Bhayandar) #1,19.27363685067199,72.89058290674589
Platform Number 1 Borivali West #2,19.22380030306531,72.8548555248427
Swastik Park (Thane) #1,19.24337084987513,72.98291709019564
Swami Vivekanand Chowk (Thane) #1,19.181749806239925,72.96768285123204
B P T Colony Wadala East (Antop Hill) #3,19.01763831568734,72.86519897945641
Kirti College Or India United Mill (Dadar) #2,19.020847591649332,72.83291310796932
Safed Pool (Saki Naka) #1,19.096531219048266,72.88366357423973
Nityanand Nagar (Ghatkopar West) #1,19.091678613504726,72.91254758866646
Railway Police Ground (Mankur),19.07914125591207,72.91552118067979
Royal Park,19.270970423035187,72.87542334466755
Elco Market (Bandra West) #1,19.055681880253562,72.8331780291419
Mantralaya (Churchgate) #2,18.92825077169786,72.82407302013551
Chandivli Junction (Andheri East) #2,19.112672122082895,72.88839228864909
Madkebuwa Chowk Parel,19.006096666187858,72.84019686288885
Neelkanth Woods #1,19.241173414490593,72.96925274573651
Chhatrapati Shivaji Maharaj International Airport (Vile Parle) #1,19.101524463915467,72.87262078711989
Wagle Estate Post Office (Thane) #2,19.18599233077197,72.95815847515726
Penkarpada (Mira Bhayandar) #1,19.263697426447255,72.87174841419423
Juhu Prabhat Society (Andheri West) #2,19.118132685459873,72.8288805217843
Passport Office (Worli) #1,19.011471607710853,72.82103184846211
Amulakh High School (Matunga East) #4,19.02494071414351,72.85910065276734
Sarvodaya Nagar (Bhandup West) #1,19.14947418499513,72.93004623619368
Pascal Wadi (Madh) #1,19.142883262750743,72.7983997171793
Rajendra Nagar (Borivali) #2,19.220903699307268,72.85771678129149
Subhash Tower (Thane) #2,19.20771943282426,73.0114647499566
Malad Station West (Malad West) #1,19.188106449746062,72.84728130613424
Rajendra Nagar (Borivali) #3,19.221317220953114,72.86109944047548
Andheri Fire Station (Vile Parle West) #1,19.112293162570634,72.84146226201875
Picnic Cottage (Andheri West) #1,19.130727016015967,72.81386287846946
Mangatram Petrol Pump (Bhandup West) #2,19.14012830316022,72.9314926699753
Pawar Public School (Borivali West) #1,19.214111451470995,72.84476199723002
Hiranandani Complex Sector 7 Kharghar (Navi Mumbai) #1,19.033080540079283,73.06546594610215
Aakashganga Society (Dharavi) #1,19.046900459210892,72.86022952488575
Saurashtra Bank Or State Bank (Navi Mumbai) #2,19.079696387574916,73.00767837855624
Kamal Baug Or 14th Bungalow (Madh) #2,19.155622453937667,72.78797776351786
Helan Kelar Institute (Navi Mumbai) #2,19.113248729718187,73.0123495800681
Doordarshan Colony (Goregaon) #2,19.169003283788662,72.87111740521668
Elia Sarwat Junior College (Malad West) #2,19.187230151972084,72.82483174049283
Wadala Gate Number 4 (Antop Hill) #1,19.022352486639207,72.86084978129152
Patthar Nagar (Bandra East) #2,19.063746641362034,72.85549690980433
Cosmos Heritage (Thane) #1,19.235970346104352,72.96966668322656
Ramashram (Powai) #1,19.120039198634974,72.89988020064641
C Cross Road (Andheri East) #3,19.123112680418437,72.87132943712855
Bamandongri Railway Station #1,18.976564550791885,73.02698507607478
Kharegaon Naka (Thane) #2,19.201841274307224,73.00135854261639
Acharya Vinoba Bhave Nagar Or Buddha Nagar (Kurla West) #2,19.073801861481467,72.88156335539861
Gyan Sampada High School (Shivaji Nagar) #1,19.060912641297524,72.92102932619217
Shanti Ashram (Borivali West) #3,19.241172478261294,72.84717029627274
Dhobi Ghat Trombay #2,19.035471005371566,72.94691823648215
Thane Belapur Junction (Navi Mumbai) #2,19.067324661028167,73.01350524450349
Karmaveer Dada Saheb Gayakwad Nagar (Sion) #3,19.037404147304517,72.86660488037397
Gandhi Market (Chembur) #2,19.045809123195177,72.89655030642268
Voltas (Thane) #1,19.21697506550683,72.97185236441804
Kinnari Hall Or Kannamwar Nagar (Vikhroli) #1,19.111244918904756,72.93435245281788
Hiranandani Complex Junction (Navi Mumbai) #3,19.03283221730136,73.0665590932541
JNPT Township #2,18.89817095626604,72.98213696367881
Antop Hill Post Office,19.02447893592896,72.86383910312642
Gopal Nagar (Worli) #2,19.00625879028067,72.82337954815628
Sector 12 Panvel #2,18.998473049987233,73.12360440816494
Bhandup Pumping Centre (Mulund East) #4,19.155485451510234,72.95723932973624
Uma Maheshwari Mandir (Saki Naka) #2,19.093554643710302,72.88642783957528
Dahisar Bridge Link Road (Dahisar West) #2,19.258163673141333,72.85368047384657
Filmistan (Goregaon West) #2,19.163833660616813,72.84730088512647
Bhandup Police Station (Bhandup West) #1,19.15086837311591,72.93757987760402
SK Resort (Borivali West) #2,19.239835452689324,72.84275451624443
Rashmi Rathi Society (Kandivali West) #2,19.215454645924922,72.8357448542905
Raghunath Vihar (Navi Mumbai) #1,19.04578676940006,73.07286011350918
Kamani (Kurla West) #4,19.085157897956556,72.88514771994926
Global Fintech Fest,19.061741857424426,72.8688850629235
Antop Hill (Sector 1) #2,19.026304245605186,72.86654599999999
Dharavi Police Station #3,19.04361792917423,72.85763740521669
Khodadad Circle Dadar Workshop #2,19.01663819626291,72.8496352828207
Shivpremi Nagar (Asalpha) #2,19.09532148357623,72.89786705857229
Acharya Atre Chowk (Worli) #5,18.997044058719226,72.81643009919739
J V P D Bus Station (Juhu) #4,19.114833189180633,72.82998716388653
NRI Complex Seawoods (Navi Mumbai) #1,19.007387281765084,73.01618512612676
M East Ward Office Govandi West (Govandi East) #1,19.05610016866196,72.92121884511516
Chakala Or Satam Vadi (Andheri East) #2,19.111507643859504,72.85993692600188
Kannamwar Nagar Building No 124 (Vikhroli) #1,19.122365894099016,72.94030472300769
Shanti Nagar (Kandivali West) #1,19.206347912246066,72.83464505551385
Nanavati Hospital (Juhu) #2,19.09494640564219,72.83961724173352
Maharshi Arvind Chowk (Mulund West) #2,19.17591915545785,72.95136480078476
Kherwadi (Bandra East) #1,19.060987795353032,72.8471333760748
Alankar Cinema (Bhuleshwar) #1,18.957387996378372,72.82730309879399
Bhandup Police Station (Bhandup West) #2,19.1509855599498,72.93730495118
Nahur Railway Station East (Bhandup East) #1,19.154120765409132,72.94691185400201
Kokan Vikas (Goregaon) #2,19.14351457250817,72.87073011962605
Suhasini Pawaskar Marg (Dahisar East) #1,19.253437155711943,72.87137109964799
Daulat Nagar (Juhu) #1,19.089914660032843,72.83317250321188
Buddha Nagar (Kurla) #1,19.07346595827747,72.8803210291419
Vasantrao Naik Chowk (Tardeo) #2,18.9691948123101,72.81727140457251
Gadi Adda (Sewri) #2,18.994802853177376,72.85389857729814
Play House (Kamathipura) #1,18.961845998866476,72.82182128005077
Mulund Vidya Mandir (Mulund West) #2,19.17017486821239,72.95350845490218
Vakola Police Station (Santacruz East) #3,19.080071067161303,72.84958724173354
Empire Mill (Lower Parel) #1,19.00074318618821,72.82895014178563
Dindoshi Session Court (Goregaon) #2,19.175666369206155,72.86711263558196
Municipal Garden Band Stand (Bandra West) #1,19.046311973848393,72.81966649656628
Juipada Village (Navi Mumbai) #1,19.05138860958253,73.01691421565006
Tagore Nagar Post Office (Vikhroli) #2,19.115119883211737,72.93261699528867
Marve Beach Or Essel World (Malad West),19.198911455551453,72.79885458006812
Bafhira Nagar,19.197686223948477,72.82055323619366
Shitaladevi Temple (Mahim) #4,19.036842672054643,72.84224374355125
Bhayander Market,19.30770796992549,72.8553891165676
Mora Village (Juhu) #1,19.117877328617897,72.82141588926075
Dongri Jail,18.95911604932976,72.83643655704306
Kabutarkhana (Dadar) #2,19.018431308331536,72.8398458226671
Air India Quarters (Santacruz East) #4,19.079823566191283,72.86833279156326
Jj Hospital Nursing Society (Marve),19.18495388676574,72.79768935858966
Telecom Factory (Anushakti Nagar) #2,19.04524316941099,72.91846534387447
Prem Nagar (Malabar Hill),18.949758461836122,72.79426995337296
Ghatkopar Sonapur,19.073816391062884,72.90284667439221
Umarshi Bappa Chowk (Chembur) #4,19.05383447142093,72.88770987749523
Hind Rectifier Corporation Or Colour Cartons,19.157343049873447,72.93445528864909
Satpuda Society (Goregaon) #1,19.169980300752844,72.8813510438571
Nahur Railway Station East (Bhandup East) #2,19.154422594567176,72.94708988562537
Thakur Cinema (Kandivali East) #1,19.209921628284373,72.87291754509783
Ralli Wolf (Mulund West) #2,19.170505488481854,72.9400850383172
Bandra Bus Station West (Bandra West) #1,19.054869657790782,72.83971110020768
Somaiya College (Ghatkopar East) #1,19.074857463743655,72.90330178100301
Sarsole Bus Station (Navi Mumbai) #2,19.039833899288055,73.01453573218296
Vatsalabai Desai Chowk Or Sahkar Niwas Haji Ali (Tardeo) #1,18.975897014082634,72.81227823518691
Meghwadi (Matunga East) #2,19.033878798096843,72.85069186011887
Saint Lowrence High School (Borivali West) #2,19.239601887047005,72.8471830496855
Ahilyabai Holkar Chowk Or Eros Cinema (Churchgate) #2,18.932355849898958,72.827771035807
Yamuna Nagar Society,19.15051899113201,72.82610453405273
Marol Depot (Andheri East) #3,19.117812945715347,72.86440789682004
Sarvodaya Hospital (Ghatkopar West) #2,19.08936330910606,72.90783008090362
Nerul Railway Station (Navi Mumbai) #3,19.034016323959726,73.01702535610818
Bhayandar Police Station (Mira Bhayandar) #1,19.300927853886908,72.84689555860017
Sahara (Goregaon West) #2,19.153980090880538,72.84514233833455
Hutatma Chowk (Fort) #3,18.932288734127965,72.82969895337295
Kamla Nehru Park (Malabar Hill) #1,18.955083670498155,72.80438265802516
Gartan Pada (Dahisar East) #1,19.25225213726762,72.86793781626176
Navapada Or Unit No 5 (Goregaon) #2,19.157735084783912,72.87629602637195
Seepz Village (Andheri East) #4,19.129540641516,72.87873797916791
J J Hospital Nursing Society,19.1851204476301,72.79765717208149
Five Garden (Dadar) #2,19.019874178023038,72.85381076657629
Haridas Nagar (Borivali West) #2,19.221547074224258,72.8477401257429
Citylight Cinema (Shivaji Park) #2,19.029857936067682,72.8417293116741
Matunga Labour Camp (Dharavi) #2,19.03835643094254,72.85305436470651
Mazgaon Post Office #3,18.970996,72.84052569386577
Wadala Depot #2,19.0146912537603,72.85243664342974
Rani Laxmibai Chowk Sion Barrier (Dharavi) #2,19.047381088450333,72.86309672883606
Saibaba Park Or Evershine Nagar,19.192580949923368,72.83337767426119
Shastri Nagar (Borivali West) #1,19.217964107545868,72.85169023007677
Poonam Nagar (Jogeshwari East) #2,19.136054565686013,72.87017177546309
Magathane Depot (Borivali) #2,19.220441290722214,72.86548988394826
Deonar Village (Chembur) #2,19.050171265859664,72.91972383432389
Acharya Vidyaniketan (Trombay) #2,19.027638665198392,72.89093046756601
Motilal Nagar Post Office (Goregaon West) #2,19.159109823099083,72.84047860061168
Kamraj Nagar (Ghatkopar East) #2,19.07233203727719,72.90935210185242
Vikhroli Station Road East #4,19.1097423663997,72.93197050152922
New Zealand Hostel (Goregaon) #2,19.151793596788323,72.87169501806211
Brahmand Azad Nagar (Thane) #3,19.239479114058852,72.98067589508915
Unit No 13 Central Dairy (Goregaon) #1,19.15609017660674,72.86566606411219
Lodha Complex (Mira Bhayandar) #2,19.292511251539754,72.85663512165027
Santacruz Station Road Or Kashibai Hospital (Santacruz West) #1,19.085123991628834,72.83799405961129
Domnic School (Andheri East) #1,19.12640216191834,72.86369679017831
Tata Colony Chunabhatti (Sion) #2,19.05289883659507,72.87472379294825
Bandra Talav (Bandra West) #2,19.056103613035766,72.83697096040582
Kalbadevi (Wagh wadi) #1,18.94687132737841,72.8288713916176
Bandra Railway Station East (Bandra East) #2,19.05468120401001,72.84219128864906
Ganesh Nagar Or Gokulanand Hotel (Dahisar East) #1,19.24643396302826,72.8649869111606
Mayur Nagar (Goregaon),19.1556064517363,72.88436724967913
Bhagwati #2,18.973000145958984,73.01513958895491
Gorai Depot (Borivali West) #3,19.23207186458127,72.83117073039341
Charni Road Railway Station,18.950374559268308,72.82047758312656
Gandhi Nagar Thane #2,19.21806880245408,72.97032570715335
Vinay Industry Or Subkuch Market Or Adarsh Nagar (Andheri West) #2,19.135028109778286,72.81022792510625
Jaslok Hospital (Tardeo) #2,18.973492243567293,72.80918250735759
Siddhivinayak Tower (Thane) #1,19.209020404805106,72.97333558895491
Wilson College (Gamdevi) #4,18.956574221230117,72.81013655704308
Modern Usha Colony (Malad West) #1,19.190014004768432,72.83414941788611
Peri Cross Road (Bandra West) #2,19.059893298444877,72.82379786565876
Bhandup Village Junction (Mulund East) #4,19.156094066213008,72.95048100305843
Santacruz Police Station (Santacruz West) #3,19.084299007467532,72.83553756258299
PWD Office (Powai) #2,19.1306756505239,72.89708380345108
Bank Of India BKC,19.061003464852753,72.86039559478331
Modern Bakery Or Reservior (Goregaon) #1,19.145014096025662,72.87755210491083
Bhayandar Station East,19.31221047281904,72.8535410569923
Kukshet Gaon MSEB,19.039169574232325,73.0096073760748
Rekha Sadan or Jain Mandir (Malabar Hill) #2,18.948580228251934,72.79794325062038
Babulnath Junction (Gamdevi) #2,18.95939115346543,72.80971391143726
Rashtriya Mill Mazdoor Sangh (Parel) #1,19.00372111755747,72.8464447749512
Veer Kotwal Udyan Plaza (Dadar) #2,19.023051183214747,72.84231661226846
Punjab Wadi (Anushakti Nagar) #1,19.045346153834924,72.91477996502974
Maruti Mandir #1,19.21986503161141,72.9663614942484
Powai Chowk,19.172726118352596,72.9359087404928
Worli Post Office #2,19.005093515995583,72.81499620982171
Modern Usha Colony (Malad West) #2,19.190121664395047,72.83416651696858
Kurla Bus Station West (Kurla West) #1,19.067458436652345,72.87883964569775
Sardar Vallabhbhai Patel Nagar Or Park Street,19.141361909747392,72.81946007605744
Nerul Gymkhana (Navi Mumbai) #2,19.026303781282394,73.0158853030758
Punjab Wadi (Anushakti Nagar) #2,19.04559187073434,72.91468289508913
Jaihind Cinema (Byculla) #2,18.984213610322318,72.83603866749382
Prathamesh Complex (Andheri West) #2,19.137551751202682,72.8373761021409
Swami Dayanand Saraswati Chowk (Fort) #2,18.936904266273025,72.83692296020749
Raheja College (Juhu) #1,19.08575547599621,72.83230990416921
Grant Road Station West #1,18.96384574992213,72.8157952912003
Malad Station West Or Anand Marg (Malad West) #3,19.186328324451512,72.8483064532839
Bhayandar Pada (Thane) #2,19.283658882672377,72.95230133527616
Teen Bakda (Malabar Hill) #1,18.95360748501822,72.80679655121469
Domestic Airport Junction (Vile Parle) #1,19.094334277303055,72.85173613988113
Vasantrao Naik Chowk (Tardeo) #3,18.969686257155605,72.81508193836926
Dr Shyamaprasad Mukherji Chowk Or Regal,18.923967365017596,72.83197859784175
Parel ST Depot Or Sant Rohidas Chowk #6,19.00868354298428,72.8330493342371
Fire Brigade Junction Antop Hill #1,19.025687282921478,72.86825057729818
Municipal Colony Sector B (Goregaon) #3,19.17349591627658,72.87745478434991
Mahavir Nagar Extension Or Parijat Society (Kandivali) #2,19.21432891764991,72.83952073466448
Babulnath (Malabar Hill) #1,18.95779765889267,72.80910495891284
Mumbai Central Station Or S T Depot,18.968781059636296,72.8204737332725
Agra Road Naka (Mulund West) #1,19.177882183916235,72.94335849847079
Khar 14th Road (Santacruz West) #2,19.072300646406056,72.8328708628888
Anand Hospital (Dahisar East) #1,19.25782448166957,72.8592848542905
Chheda Nagar (Chedda Nagar) #1,19.06881530272786,72.90438814074658
Jambli Mohalla,18.955943948767036,72.82961060061169
Jain Mandir (Mira Bhayandar) #3,19.279887608674844,72.8622520619477
Ketaki Pada (Dahisar East) #2,19.25593261910949,72.86922184731564
Kamal Vihar Sports Complex (Kandivali West) #2,19.212825351331933,72.84333568526745
Asha And Usha Company (Vikhroli West) #2,19.108525600315172,72.92417057146979
Indian Oil (Andheri East) #2,19.102843006162875,72.8711376533556
Agarkar Chowk (Andheri East) #4,19.117857229323853,72.84798340215828
Sant Vivekanand School (Navi Mumbai) #2,19.063056793460756,73.01312688954926
Rajendra Nagar (Borivali) #4,19.221200392730182,72.86066578477849
Kamraj Nagar (Ghatkopar East) #3,19.072159977061776,72.90944349668123
Madkebuwa Chowk (Parel) #4,19.006,72.8385
Bamandongri Railway Station #2,18.97684161988229,73.02678113030586
Rajasthani Sammelan Camps Chincholi Or Sarvodaya Balika Vidyalaya (Malad West) #2,19.176731416641992,72.84574472300767
ICICI Bank (Bandra East) #3,19.06490564773887,72.86143723498476
Advocate Paljibhai Boricha Chowk (Andheri West) #2,19.14691964178185,72.82833697333956
Mumbai Central Depot (Kamathipura) #4,18.969399912171905,72.82502848205287
Bhakti Park Mono Rail Station #2,19.028496262997134,72.87736930307577
Mulund Railway Station West (Mulund West) #4,19.173708849638246,72.95712828115983
Noor Baug (Umerkhadi) #3,18.96259887956157,72.8376987407813
Indian Oil Office BKC,19.060154246574637,72.86443963281204
Doodh Sagar,19.168300297669525,72.85920636571832
Sewree Police Station or Darukhana (Sewri) #2,18.97950006780847,72.84899241629648
Vrindavan Society Thane #1,19.20835327090665,72.98270470940525
Morarji Nagar (Goregaon) #3,19.13376302357642,72.89662398528482
Father Agnel Ashram (Bandra West) #1,19.045110365960525,72.81925791840267
Bandra East Bus Station #1,19.055650964930187,72.84549404662705
Wadala Church #4,19.01857576271657,72.85602895920135
Lokim Company (Thane) #1,19.23017580568453,72.97681361169148
Jogeshwari Tabela (Jogeshwari West) #1,19.1378528887177,72.845924794875
Mount Mary Steps Or Municipal Garden,19.048223594571386,72.82499117790985
Standard Alkali Company (Navi Mumbai) #1,19.119847275692972,73.00643695031451
Mahapalika Pumping Centre Malvani (Malad West) #1,19.183729957940557,72.82451509325408
Saraswati Vidya Mandir (Mahim) #2,19.03519322204727,72.84706855211196
Vile Parle (Vile Parle West) #2,19.102271759354572,72.83933869969417
Rashtriya Mill Mazdoor Sangh (Parel) #2,19.005065553759014,72.84562073618565
Aksa Beach (Madh) #1,19.173703976925207,72.79738110796927
Swami Dayanand Saraswati Chowk (Fort) #3,18.93430425731671,72.83804311047946
Kalidas Natyagruh (Mulund West) #2,19.173359579991466,72.94960153372955
Ram Bhavan (Ghatkopar West) #1,19.090558308761672,72.90401666472387
Sangharsh Nagar Chandivali (Powai) #2,19.10820064422457,72.90121838080869
Malad Station (Malad West) #2,19.188025353384603,72.84647676963473
Kurla Level Crossing (Kurla West) #2,19.058670784957453,72.87136004720402
Novelty Silk Mill (Dahisar East) #2,19.254744509177076,72.86699681251143
Maharashtra Nature Park Or PMGP Colony,19.051781287592068,72.86174489508916
Imax Cinema (Bhakti Park) #1,19.030308080674384,72.88011051012757
Laxmi Nagar (Ghatkopar East) #1,19.08979751477828,72.91571499999999
Rushi Complex (Dahisar West) #1,19.25170519060087,72.8516025128975
Datta Tekdi Or Shiv Tekdi (Jogeshwari East) #2,19.13943893760823,72.86085821738098
Mafco Market (Navi Mumbai) #2,19.07044228372334,73.00901226562408
Picnic Point Road (National Park - Kanheri Caves Road) #2,19.22506819203572,72.88418269660858
Model Town (Jogeshwari East) #1,19.13274613847355,72.86977176103639
Sher E Punjab Colony (Andheri East) #1,19.12585169584889,72.86108295031453
Jakhadevi Or Dadar Police Station #1,19.01474088674006,72.83431131502105
Four Bungalow (Andheri West) #3,19.12935221408012,72.82499776657626
Railway Hotel Or Charni Road Junction (Girgaon) #2,18.961345170833805,72.81996602914191
Marve Beach Or Essel World,19.198929191220063,72.79890654779965
Bhandup Station Road (Bhandup West) #1,19.14604347637406,72.93588915430786
Corporation Bank Dahisar (Dahisar East) #1,19.259826417442266,72.86302458589648
Darpan Cinema Or Sai Service (Andheri East) #2,19.1149,72.8547
Kala Nagar (Bandra East) #4,19.053452798921963,72.84696591505575
Turbhe Naka Or Janta Market (Navi Mumbai) #3,19.069567208492906,73.01895747414754
Kaveri Mahima Society,19.167571443391857,72.83324552881065
Omkareshwar Mandir (Borivali) #3,19.230257834314234,72.8635506150384
Carnac Bunder (Masjid Bandar) #2,18.949974810487394,72.84089095891285
Nagbaba Mandir Or Kailash Complex (Vikhroli West) #2,19.114223217540996,72.91751209908249
Hindu Cemetery (Byculla) #1,18.977751493624606,72.84716383680534
Mama Hotel,19.072349995790052,72.8273731662531
Don Bosco School (Borivali West) #5,19.229246662574596,72.84085474452348
Borivali Station West (Borivali West) #3,19.230726550656463,72.85590996093227
600 Tenament Gate (Govandi East) #3,19.054377971933622,72.92109635553122
Antop Hill (Sector 1) #3,19.02599362484822,72.86687658531952
Vijay Nagar Society Andheri (Andheri East) #2,19.114305505117674,72.84738824479201
Kumbhar Tukda,18.953757608328626,72.82639382514861
Building No 5 (Dahisar East) #1,19.243090406136776,72.87008532477478
Kalamboli Colony (Navi Mumbai) #2,19.02200587175864,73.10060871444445
Royal College,19.269676526765224,72.87071140768097
Ijmima (Malad West) #2,19.184225280863874,72.83280977194262
Sunder Galli (Byculla West) #3,18.97590434882318,72.83075604270314
Charkop Village (Kandivali West) #2,19.20877737217329,72.82102471135093
Com Gulabrao Ganacharya Chowk #2,18.986867829651878,72.83190666778228
Citizen Bank Borivali (Borivali West) #2,19.24679721575684,72.85041567638063
Dr Cooper Hospital (Juhu) #3,19.107058151421313,72.8365745567546
Amrut Nagar (Ghatkopar West) #2,19.101240921952666,72.91182455704308
Gawan Gaon Refineries (Trombay) #3,19.011095349013477,72.89833183422353
Kamraj Nagar (Kandivali West) #4,19.207979942339,72.83465899417165
Teen Bakda (Malabar Hill) #2,18.953596703682965,72.80688104079866
Wadia Maternity Hospital (Parel) #2,19.00287951,72.8427485
Krishna Building (Malad West) #2,19.187327234547823,72.8400598242054
Vakola Police Station (Santacruz East) #4,19.083278629641914,72.8465682209015
Princess Dock (Mandvi) #1,18.955276392846276,72.84206519233655
Sankalp Society (Malad East) #1,19.17640013384875,72.87907688037397
Rameshwar Mandir (Dahisar East) #1,19.244425613462948,72.87013632572867
Ram Nagar (Borivali West) #1,19.21898636681941,72.8478941751399
Saibaba Mandir (Borivali West) #2,19.217095283847357,72.84731506134223
Municipal School (Mulund West) #2,19.181017316079025,72.95386689785909
K F C Market (Bandra West) #2,19.066110096181664,72.83418295643138
Sarvodaya Nagar (Bhandup West) #2,19.148487679702832,72.93070927699233
Mumbai Central Station (Tardeo) #4,18.968257217068526,72.82049453898097
Sai Shraddha Shopping Centre (Malad West) #2,19.17865056664926,72.81650381626176
Shimpoli Village (Borivali West) #4,19.222604778840903,72.84281484540365
Chhatrapati Shivaji Maharaj Terminus (Fort) #7,18.940913387057986,72.83466871342895
Dindoshi Bus Depot,19.1764,72.8647
Parle Tilak Vidyalaya (Vile Parle) #1,19.103221269176498,72.84825835304977
Poddar Hospital Or Siddharth Nagar (Worli) #1,19.000805938521108,72.8161987463212
NRI Complex Seawoods (Navi Mumbai) #2,19.007571153422987,73.0162013411045
Kamani (Kurla West) #5,19.085006827486982,72.88663660922025
Kokan Nagar (Bhandup West) #1,19.14615654937475,72.92873858589651
Laxmi Industrial Estate (Andheri West) #2,19.135612669531003,72.83214964972021
Naigaon Police Colony (Wadala) #1,19.007600820462006,72.84777828146808
Afghan Church (Colaba) #2,18.907260392721305,72.8170054221249
Chheda Nagar (Chedda Nagar) #2,19.06938505739557,72.90494834635591
Nilkant Apartment (Mira Bhayandar) #2,19.271863000439357,72.889320976398
Robert Gomes Chowk Or Jijamata Udyan,18.980621063588515,72.83640333868168
Juhu Bus Station #5,19.107836272858755,72.82668480766345
Adarsh Nagar Naka (Goregaon) #2,19.150833445244658,72.88218720705174
Kamraj Vidyalaya (Dharavi) #2,19.0413598414095,72.85567939857542
Mira Gaonthan Or Midc Mira Road (Mira Bhayandar) #2,19.266647057236128,72.87689735276126
Malvani Village Or Malvani Church,19.196362406420686,72.80837890055226
Strand Cinema (Colaba) #3,18.91924611230171,72.82946743158865
Mini Nagar (Dahisar East) #2,19.249664331633376,72.86716635544876
Pragati High School (Borivali West) #1,19.227353454251787,72.82210210519935
Worli Village #2,19.016768517152816,72.82013160338163
Yogashram (Madh) #1,19.167883390319265,72.79075294725611
Adarsh High School (Sangam Nagar) #2,19.021787,72.876019
Veer Shahid Major Kaustubh Rane Maidan #1,19.20183917007259,72.81712994031457
Charkop Sector No 2 (Kandivali West) #1,19.215431216180026,72.8244804343586
Magathane Depot (Borivali) #3,19.220581579623413,72.86581851762617
Gol Mandir (Kumbharwada) #1,18.95813012417598,72.82854030976962
Shastri Nagar (Santacruz West) #2,19.087206404115506,72.834592440187
Everard Society (Everard Nagar) #2,19.049476417419495,72.87734930307579
Rizvi College,19.068700302075364,72.82293056135958
Sundar Baug Kamani (Saki Naka) #1,19.086675445203667,72.88713400582839
TB Hospital (Parel) #2,19.004981977925734,72.85193356229448
Bhoiwada Or Mane Master Chowk (Wadala) #2,19.005602073751888,72.84495306134224
Dr Shyamaprasad Mukherji Chowk Or Museum (Fort) #2,18.925815432668394,72.83309630083862
Bayer Main Gate #1,19.23128393,72.98626179061172
Pathan Wadi (Malad East) #3,19.179376819665507,72.85868617121601
Ghansoli Village (Navi Mumbai) #2,19.126123385068986,73.00468061503841
Malvani Depot Or Gaikwad Nagar (Malad West) #2,19.183477787528123,72.8191524840441
GD Somani School (Colaba) #1,18.916380881983045,72.81894148098564
Sahyadri Nagar (Kandivali West) #2,19.210303579457463,72.82879662086677
Salsar Nagar (Mira Bhayandar),19.309281304512606,72.85918629447745
Hindustan Oil Mill (Asalpha) #2,19.106985735821905,72.89121107051753
Matruchaya Guruprasad Society (Vile Parle) #1,19.10349668318788,72.85025445767212
Ambika Mill Bus Depot or Haji Usman Seth Rakhangi Chowk (Mahalakshmi) #2,18.989097124998526,72.82247788152787
Ashok Hospital (Malad East) #1,19.1807277352902,72.85305596225976
Kapur Bawdi (Thane) #3,19.220760970906557,72.97792996416426
Gaiwadi (Girgaon) #2,18.953889998003074,72.820401877604
Ankur Hospital (Kanjurmarg East) #1,19.13130738681655,72.93562431473254
Bangur Nagar Police Chowkey (Goregaon West) #2,19.166228396388927,72.83511747238731
Mahatma Phule Market (Fort) #5,18.94542922809196,72.83404416649647
Nerul Railway Station (Navi Mumbai) #4,19.032134164108253,73.01887496524012
Shopping Plaza (Powai) #1,19.111020256959794,72.89740898922602
Zunka Bhakar Kendra Malvani (Malad West) #2,19.19036868463285,72.82537246932888
I I T Main Gate (Vikhroli West) #1,19.12540233540293,72.91714162115528
Ram Ganesh Gadkari Chowk (Shivaji Park) #3,19.024449,72.83787
Kalachowki Police Station (Parel) #2,18.988013438456964,72.84269689785908
Cuffe Parade Police Station (Colaba) #2,18.91193585286018,72.81813823200447
Police Colony,19.004379987439663,72.8167888104905
Gopal Bhavan (Ghatkopar West) #2,19.090421980648067,72.90972062698363
Mahatma Phule Market (Fort) #6,18.94670344,72.83531594
Dhairyavan Chowk (Matunga West) #1,19.03141060174592,72.84261388343239
Sher E Punjab (Andheri East) #1,19.124558666017172,72.86446281043338
Krupa Building (Ghatkopar West) #2,19.09460220779968,72.90793725950718
Santacruz Station Road (Santacruz West) #2,19.08332157183209,72.83804477546309
Grant Road Bridge Or Grand Road Railway Station #1,18.961946950201312,72.81571183596861
Wadala Truck Terminal Main Gate (Sion) #4,19.035915775750052,72.8791233061342
Gavhan Phata Bus Station,18.9745605871319,73.03584800859835
Wadia Maternity Hospital (Parel) #3,19.002567889508295,72.84286517762136
Bayer House (Powai) #3,19.11859572797211,72.91270807882738
R C F Office (Chembur) #3,19.03849001121673,72.89106158035659
Sant Gadge Maharaj Chowk (Lower Parel) #2,18.98248754004124,72.82796414570952
Haware Centurion Mall Nerul (Navi Mumbai) #2,19.02441949244919,73.02203695989982
AH Ansari Chowk (Madanpura) #3,18.97043654,72.83269722
Paradigm B (Malad West) #2,19.18049363305789,72.83181746627046
Kurla Depot (Kurla West) #3,19.075011953055352,72.8767360113683
Ambassador Hotel (Andheri East) #2,19.103959329317277,72.87467041381501
Shree Krishna Nagar (Borivali) #2,19.233053385549674,72.86353347253218
Prabodhankar Thackeray Chowk (Dadar) #2,19.018052018525033,72.83571777546312
Bhakti Park Or Valencia Building #1,19.02584751180981,72.87876718621969
Vaishali Nagar (Mulund West) #2,19.1872726363575,72.94563292590722
Kurla Depot (Kurla West) #4,19.07619624840816,72.8767750202551
Satyam Building (Lower Parel),19.00561141196851,72.83282161226846
Madh Market #2,19.14151325891071,72.78983420705175
Hiranandani Garden (Powai) #2,19.116050887730427,72.9091800732875
B K C Telephone Exchange (Bandra East) #3,19.070991720045097,72.87155236441805
Mantralaya (Churchgate) #3,18.928610732301628,72.82363615534221
Famous Studio (Mahalakshmi) #2,18.986269171885656,72.82400394171617
Vanrai Mhada Colony,19.151269993542687,72.85624397639799
Wadala Flyover Bridge 1 (Antop Hill) #2,19.01851916684108,72.86253016915953
Patkar Compound,19.15939482269118,72.9309635669149
Kartavya Nagar (Wadala) #1,19.007984612620437,72.8591826454025
Ghansoli Village or Gharonda (Navi Mumbai) #1,19.122682669962053,72.99948497655161
Ramabai Nagar (Ghatkopar East) #1,19.078608342232226,72.91609431094152
Four Bungalow (Andheri West) #4,19.12960857653006,72.82486482791855
Navy Nagar (Malad West) #2,19.1873226262726,72.83878332740082
Charkop Ekdant Society (Kandivali West) #2,19.218042473572257,72.82024514265106
Shivaji Mandir,19.02338612497391,72.84186335276125
Nirman Bhavan (Mazgaon) #1,18.963924290884954,72.84657405551386
Phoenix Mill (Lower Parel) #1,18.995087468277724,72.82574024144505
Rajawadi Hospital (Vidyavihar) #1,19.079419029939846,72.90396992423108
Vidyavihar Bus Station,19.080103340928652,72.89638742241337
Borivali Station East #8,19.231463288639215,72.85940722510297
Shreenath Complex (Mira Bhayandar) #2,19.29160927879242,72.86217569109583
Charkop Sect No 8 (Kandivali West) #2,19.21492495283251,72.81307038802004
Bhatwadi,19.095678,72.90273
Municipal English School (Kandivali East) #2,19.21451869791913,72.8766632337122
Godrej Soap Company (Vikhroli) #2,19.093166801951263,72.92601466166545
Lokmanya Nagar Thane #2,19.208980477776947,72.95142313750544
Majiwada (Thane) #2,19.214222560423902,72.97710493275771
Madhani Circle (Thane) #2,19.257492784387647,72.97819165306709
Acharya Atre Chowk (Worli) #6,18.999246033376217,72.81754992146111
Kandivali Station Road West (Kandivali West) #1,19.20589021630863,72.8501439267125
Kashi Mira (Mira Bhayandar) #2,19.27279467488958,72.882427
Post And Telegraphs (Mulund West) #4,19.16989167175361,72.9462287082925
Kalamboli Fire Brigade (Navi Mumbai) #2,19.026220065434355,73.10443632083576
Model Town (Jogeshwari East) #2,19.132402141036074,72.8696520674591
Taloja Phata (Navi Mumbai) #1,19.032105052953767,73.08615585586523
Kashi Village (Mira Bhayandar) #1,19.274464213550687,72.88567211115424
Pratap Nagar Majas (Jogeshwari East) #1,19.140950295434738,72.85627341970951
Godrej Chowk (Malabar Hill) #2,18.964031048765207,72.807045
Marolnaka Or Mata Ramabai Ambedkar Chowk (Andheri East) #2,19.110036217597138,72.87842817485144
Ware House (Andheri East) #3,19.1030370967093,72.86686284044076
Municipal Garden (Borivali West) #2,19.238108704755867,72.84975467361068
B A P Market (Navi Mumbai) #2,19.07345268534663,73.00836446044205
Sector 16 and 18 (Navi Mumbai) #1,19.03639334425157,73.00897518956661
Worli Sea Face S (R. G Thadani Marg) #2,19.0053,72.8138
Fortis Hospital (Mulund West) #1,19.162776792662587,72.94180067084073
Irani Bridge (Gamdevi) #1,18.959105191410337,72.81455228559066
Rani Lakshmi Chowk Bus Station (Sion),19.043878557005467,72.8638023561082
Giridhar Park (Malad West) #1,19.1956306611689,72.83180066950925
Bajaj Bhavan,18.926489063520084,72.82240720122338
Community Hall,19.064367532569758,72.84902229207589
St Marys Convent High School (Mulund West) #2,19.16519979619057,72.94685308841957
Ghatkopar Station East or Haveli Bridge,19.0833,72.905
Anushakti Nagar Bus Station #1,19.04255253991519,72.92629865360414
Rambhau Bhogale Municipal School (Byculla) #2,18.982,72.8409
Mazgaon Court #1,18.968832316095295,72.83874804882004
Kurla Level Crossing (Dharavi),19.05414439244528,72.86811202331354
Taloja Phata (Navi Mumbai) #2,19.032447357080652,73.0861504914472
Shimpvali Telephone Exchange (Borivali West) #1,19.223472406942125,72.8407330195147
R T O Office Thane (Thane West) #2,19.198979553522793,72.98119199417161
Kane Nagar (Antop Hill) #2,19.029351931300614,72.86652651041605
Bandra Worli Sea Link Toll Plaza (Bandra West) #1,19.045797775568815,72.82862406191208
Datta Mandir,19.209965718023795,72.83705632361935
Voltas (Thane) #2,19.21719797041382,72.97150439613229
RTO Or New Vikas Housing Society (Andheri West) #2,19.132475434592145,72.8256457960067
Vakola Police Station (Santacruz East) #5,19.080242968247546,72.84773892216191
Johar Chowk (Bhuleshwar) #2,18.95821797713431,72.83108497446985
Mahalakshmi Mandir (Chembur) #2,19.046793594413472,72.91965704079865
State Bank Kamani,19.084128979865525,72.88354670246412
Highway Apartments (Sion) #1,19.04814322714488,72.86811949570085
Bhayander Phatak (Mira Bhayandar) #1,19.29565892209153,72.85776058919586
Kandarpada Bus Station (Dahisar West) #1,19.263462454438656,72.85182670525809
Bhayandar Police Station (Mira Bhayandar) #2,19.300421878123814,72.84691869265292
Mhada Office Mulund East #2,19.166184506827562,72.96551775797796
Vikhroli Station Road East #5,19.109280957175017,72.93341069692421
Dongre Wadi (Dahisar East) #2,19.244896998800762,72.86901226307052
Nehru Planetarium (Worli) #1,18.98993129383162,72.81377987483407
Shivaji Nagar Junction #3,19.06256762996371,72.91718671902511
Strand Cinema (Colaba) #4,18.918376041533946,72.82850772628287
Santacruz Railway Station West,19.082071,72.841362
Electric House Or Colaba Depot #2,18.921032978671423,72.83058140550516
Labour Camp (Dharavi) #1,19.037437065764372,72.85328772300767
Charat Singh Colony (Andheri East) #1,19.111210612728144,72.86446963223507
Dr Shyamaprasad Mukherji Chowk Or Museum (Fort) #3,18.925795643868202,72.833362195395
Bhutta College (Vile Parle) #1,19.108115325440394,72.8484517754631
Charkop Sector 9 Or Akshara Vidyalaya (Kandivali West) #2,19.219751146030774,72.81951081043339
Jj Hospital Nursing Society,19.184930739967513,72.79775318673722
Bhandup Station East (Kanjurmarg East) #2,19.143355030496558,72.93972279972617
Wadala Station West #1,19.018013456360862,72.8595680544989
Adarsh Nagar (Andheri West) #3,19.1449209821264,72.8311372364406
Guru Tegh Bahadur Nagar Railway Station (Sion) #1,19.037450795649168,72.86348508159733
Ambaji Dham (Mulund West) #1,19.17819944922688,72.94963508178796
Shrirang Society Thane #2,19.206105763205983,72.98029873783256
Marve Road Naka Or Shivanand Chowk (Malad West) #2,19.19175126227123,72.84540530948114
Lokhandwala Complex Junction (Andheri West) #2,19.141795357883307,72.83101040798662
Nahar Estate (Powai) #2,19.106437567258492,72.89916634416296
CA Institute BKC,19.06118376078057,72.86867788620232
Akshar Complex Seawoods (Navi Mumbai) #2,19.01120522047972,73.0117191984534
Sharda Cinema (Dadar) #2,19.013879058165585,72.84661798718928
New Gautam Nagar (Chedda Nagar) #1,19.060864937061666,72.9159134490738
Borivali Bus Station West (Borivali West) #2,19.231945384558543,72.85685376399537
Dattaguru Cooperative Housing Society (Chembur) #2,19.048011715677774,72.92023218067982
Malbar Hill Post Office (Malabar Hill) #2,18.95000080651501,72.79961918010281
Mazgaon Dock (Trombay) #2,19.02454232096281,72.8899883760748
Reliable Plaza #1,19.16831330088738,72.99919061226846
National College (Khar West) #4,19.06306024145149,72.83544392423107
Prabodhankar Thakre Nagar Market (Kandivali West) #3,19.216082816153122,72.82853182486008
Income Tax Office (Bandra East) #2,19.059154106488887,72.85452643435856
Veer Kotwal Udyan Plaza (Dadar West) #2,19.020972341347893,72.84244859143638
Milind Nagar (Saki Naka) #2,19.095625316961343,72.89274201971519
Vijay Garden (Thane West) #2,19.259426825616735,72.97001310491086
Chincholi Talav (Navi Mumbai) #2,19.046719132473488,73.0175994576721
Saint Mary High School (Mazgaon) #2,18.96987787690358,72.83509022147847
Azad Nagar (Mira Bhayandar) #1,19.296708854298405,72.85720362115525
Johar Chowk Or Bhendi Bazar (Kumbharwada) #3,18.95967401,72.83188533
Picnic Cottage (Andheri West) #2,19.130827428883443,72.81392121651554
Sai Siddhi (Kandivali West) #1,19.215222561112874,72.81621257118131
Cipla Company Or Military Canteen (Vikhroli West) #1,19.113628240892073,72.92625323867512
Parel Railway Station East #1,19.007258066423592,72.8367844726758
Ruparel College (Matunga West) #2,19.02703387954256,72.84612098834323
Vaibhav Asavari Society,19.106524083351374,72.86666431862773
Dr M Iqbal Chowk Or J J Hospital (Nagpada) #1,18.962771828277155,72.83188008494423
Shastri Nagar (Juhu) #2,19.08990210860802,72.83458742576029
Kanheri Caves Base (National Park - Kanheri Caves Rd) #1,19.208950036498084,72.9013522766808
Dr Cooper Hospital (Juhu) #4,19.107174047209906,72.83505511737287
Kora Kendra (Borivali West) #2,19.2200434662432,72.85242475520802
Arcadia Circle #2,19.254746645369504,72.98236454654464
Charkop Naka (Kandivali West) #1,19.209492114060712,72.8226259036875
Shivaji Nagar Depot,19.066027182411744,72.92903820734024
Kora Kendra (Borivali West) #3,19.22198085606622,72.85333791476727
Mhada Colony Malvani (Malad West) #2,19.17895704992354,72.81303751041604
I C Colony (Borivali West) #1,19.24739576853444,72.84705263788986
Saraswati Complex Dahisar (Dahisar East) #2,19.26378797851879,72.85924353967287
Ghatkopar Station West (Ghatkopar West) #6,19.08694410388128,72.90877643464707
Filmalaya (Jogeshwari West) #2,19.127872218134847,72.84400206717063
Flower Valley Or Viviana Mall,19.20793019017092,72.972277007972
Balbhavan (Girgaon) #2,18.95128848812746,72.81747921288012
Gandhi Nagar (Bhandup West) #4,19.124444510106006,72.92532762057827
Naigaon Police Colony (Wadala) #2,19.007638111058036,72.84721416931154
Kendriya Vidyalaya (Marve) #1,19.188066250252938,72.7978654052167
Kamothe Village Mansarovar (Navi Mumbai) #1,19.02576040125523,73.09585733884168
Jambhulpada (Asalpha) #4,19.094607999745666,72.90028708742571
Manisha Nagar Kalwa (Thane) #2,19.197010520839644,72.99167426360462
Shirdi Nagar Or Ram Nagar,19.3060237316724,72.86158563310052
Govandi Station Road East Or Patwardhan School (Govandi East) #2,19.053828077322258,72.91339890091754
Gateway Plaza (Powai) #4,19.123930862005317,72.91186957083417
Gokulanand Hotel (Borivali) #2,19.244057414106805,72.86441884540369
B M C Compost Plant (Mankhurd) #2,19.05694638024406,72.9279502187085
RCF Colony Golf Club (Chembur) #1,19.045881603856404,72.89851150181774
Mulund Court (Mulund West) #2,19.17430173387231,72.95851020122338
Hiranandani Telephone Exchange (Powai) #2,19.118164515375884,72.91523998834326
Labour Camp (Dharavi) #2,19.03755286873691,72.85350839632989
Ashok Nagar (Andheri East) #2,19.11869425503566,72.8853613411045
Health Centre (Santacruz East) #2,19.07279220624833,72.86023726533556
Sundarwan (Andheri West) #2,19.137822163956926,72.8257363377576
Patkar College (Goregaon West) #2,19.167953767408406,72.84549662975357
Penkarpada (Mira Bhayandar) #2,19.263492331678105,72.87225266948903
Shipping Corporation (Powai) #1,19.122811032960993,72.89845441571953
Vios Tower #2,19.038926640614694,72.87970489959628
Baman Pada (Andheri East) #3,19.104727782331707,72.85885110491087
L And T Gate No 6 (Powai) #2,19.124188844604987,72.89264057452822
Navjeevan Society (Chembur) #1,19.048062983243028,72.8933031545963
Income Tax Colony (Jogeshwari East) #2,19.131154567164934,72.8607724285302
Sahar Police Station (Vile Parle),19.102065621345545,72.87617800611685
Aksa Beach (Madh) #2,19.17306935414754,72.7971779306364
Datta Mandir Or Income Tax Colony (Jogeshwari East) #1,19.131279143639308,72.86228616902304
Maitreyi Society (Goregaon) #1,19.174184783855292,72.88134601719665
Bharatmata Cinema (Parel) #5,18.99611544742595,72.83698906440068
Waghbil Naka Thane West #2,19.253186340075263,72.97215810708187
Durga Parmeshwari Mandir (Kandivali West) #1,19.21920733965588,72.83345996197127
Ashirwad Hospital (Dahisar East) #1,19.256769372969803,72.86491702331352
Railway Police Ground (Ghatkopar East) #1,19.077519820164657,72.91365125090884
Jain Mandir (Ghatkopar East) #2,19.081700429205576,72.90788951930287
Holy Spirit Hospital (Andheri East) #2,19.127095797079875,72.86728547458029
Gandhi Nagar Chetana College (Bandra East),19.059923442983216,72.84767957452823
Sheetal Sarovar (Mira Bhayandar) #2,19.282023831243137,72.86811997362807
Kashi Mira (Mira Bhayandar) #3,19.273237294768577,72.88248651318598
Khodadad Circle Or Dadar Post Office #2,19.01519840030798,72.84598874935983
Oswal Park (Thane) #2,19.214731483123845,72.97630628310918
Bail Bazar (Kurla) #2,19.086419306157495,72.8810005947833
Mary Immaculate School (Dahisar West) #1,19.24783827745079,72.85382452397727
Empire Mill (Lower Parel) #2,19.00033519589005,72.82849114876795
Bharat Diamond Bourse (Bandra East) #2,19.064453502489396,72.86581578406144
Cross Garden,19.302923797062004,72.84981809074414
Bhujale Talao,19.18227763226955,72.83821404646262
Marine Drive (Churchgate) #1,18.941456391060036,72.82366893588782
Siddheshwar Society Gharonda (Navi Mumbai) #2,19.11878041541084,72.99952684263373
Vasant Vihar (Thane) #2,19.221902406889086,72.96981261503839
Guru Nanak School (Vikhroli West) #2,19.104268172368712,72.9172342331352
Chhatrapati Shivajiraje Complex Extension (Malad West) #2,19.202135609514993,72.82184520151186
Rani Lakshmi Chowk Bus Station,19.04348275252551,72.86349937356462
Jankalyan Nagar (Malad) #2,19.19965290211482,72.8186894804028
I C Colony (Borivali West) #2,19.247410012632844,72.84700502867985
Kalamboli (Navi Mumbai) #2,19.02618014271702,73.10186572606611
Sai Sangam (Navi Mumbai) #2,19.011656750089976,73.03588572057362
Sant Muktabai Hospital (Ghatkopar West) #2,19.097566446905414,72.90433092555854
Paradigm B,19.180595381969976,72.83180926422882
Old Custom House (Fort) #2,18.929792708579885,72.83485355398462
Sant Jagnade Chowk (Parel) #2,18.99298675534754,72.83630107576894
Parsik Bank Nerul (Navi Mumbai) #1,19.040622146063033,73.02106100669386
Vesave Village (Andheri West) #1,19.13828401202555,72.80682213988112
Imax Cinema (Bhakti Park) #2,19.030287906678282,72.88014789203073
Chandan Cinema (Juhu) #3,19.11437117539136,72.82628528282068
Bandra Railway Terminus (Bandra East) #2,19.062548808625188,72.84167748404408
Maharashtra Nagar (Borivali West) #2,19.228706598947756,72.8513509067459
Bail Bazar (Kurla) #3,19.08620733684636,72.88098886011886
JB Nagar (Andheri East) #3,19.11192359464699,72.86876195948982
Saibaba Nagar (Borivali West) #1,19.21709478384243,72.84547943655159
Shivsakthi Society (Dahisar West) #2,19.26173746381857,72.85204687177563
Reserve Bank Colony C B D Belapur (Navi Mumbai) #2,19.022637882816227,73.04947582180166
Magathane Depot (Borivali) #4,19.221362909788294,72.8663865328641
Basant Park (Chembur) #3,19.051562,72.893969
Dyaneshwar Nagar (Sewri) #2,19.005424826983845,72.85380607882738
Sayani Marg,19.011204845880886,72.83186997736689
Meridian Society,19.04132250210246,73.00962916902304
Malvani Akashwani (Malad West) #2,19.196307192219866,72.81097393005942
Dhake Colony (Andheri West) #2,19.127764620921862,72.83293965162467
Narsipada (Kandivali East) #2,19.201325865480644,72.8648650874257
S R A Colony Ram Mandir (Jogeshwari West) #2,19.149370776594058,72.84799587879077
Navratna Hotel,19.073082691491756,72.99764088108336
Shivar Garden (Mira Bhayandar) #2,19.288422000000004,72.865637
Antop Hill Church #2,19.03277397753877,72.86679536644381
Phoenix Mill (Lower Parel) #2,18.995735771204888,72.82636586669777
Maharashtra Nagar (Mankhurd) #2,19.05086987292814,72.93633265831853
Behram Baug (Andheri West) #4,19.145718515957157,72.83668900582838
Indian Bank Hiranandani Thane West #2,19.254070629700603,72.98150573772287
Siddhivinayak Mandir (Prabhadevi) #3,19.01791710329908,72.83205682035921
Com P K Kurne Chowk (Worli) #3,19.005615457935527,72.82116358895495
Bhabrekar Nagar No 1 (Kandivali West) #2,19.20545523202538,72.82425394113922
Parsik Shiv Mandir (Thane) #1,19.203037739711398,73.00457902360203
Sandu Garden,19.056289950707253,72.8980670291419
Dahisar Station West (Dahisar East) #2,19.249876381022823,72.85894830613422
Sai Garden (Kandivali East) #1,19.199804669823738,72.87357703497027
Dr Ambedkar Udyaan Or Chembur Railway Station #1,19.06186720180506,72.901228581162
Abhinav School (Mira Bhayandar) #2,19.302827291440998,72.85799297085809
Mahindra Company Gate Or B H A D Colony (Kandivali East) #4,19.20689948092291,72.86625199140164
Crisil House (Powai) #1,19.11730911356849,72.91071341687345
Fire Brigade Junction Antop Hill #2,19.02583302686785,72.86849009048414
Virwani Estate (Goregaon) #2,19.16972496266933,72.85969946655892
Chira Bazar (Kalbadevi) #2,18.94902471392705,72.8252562350397
Bharati Vidyapeeth (Navi Mumbai) #3,19.026394913623303,73.05671854117395
Best Quarries (Powai) #1,19.112315744577522,72.9005968340354
Tata Nagar Or Sambhaji Nagar (Govandi East) #2,19.05203971978429,72.92113304193278
Azad Nagar (Andheri West) #2,19.130303282492527,72.8376766588955
Anjeerwadi (Byculla) #1,18.973509818067235,72.84018479212061
Lokmanya Tilak Hospital (Sion) #8,19.035025440628417,72.86040885677194
Vakola Police Station (Santacruz East) #6,19.0824,72.8463
Godrej Foods Company Or Vegetable Oils (Wadala) #1,19.009445610297576,72.86133212090253
Dahisar Check Naka (Dahisar East) #2,19.258364832965075,72.87251174391818
Airoli Sector No 10 (Navi Mumbai) #2,19.149187587094527,72.9902621515379
Dinanath Natyagruh Or Parle Station East,19.100281782983988,72.84620211940846
Vishal Hall Prakash Studio (Andheri East) #2,19.11813631418512,72.85224540419976
Ekta Society (Andheri East) #2,19.106546597546153,72.87506221288012
Neelkamal Naka (Mira Bhayandar) #1,19.2733456523793,72.88531520428182
Tagore Nagar Junction G R Jolly Marg (Vikhroli) #4,19.12502067769704,72.93340120693681
Sindhi Society Gymkhana,19.050675547114675,72.89023908512016
Naigaon Police Colony (Wadala) #3,19.008089368994167,72.8471524785042
Subhash Nagar (Chembur) #2,19.060318162583258,72.90475682514858
Jijamata Bhonsle Marg Junction (Ghatkopar East) #2,19.07005013305295,72.9081846745348
Charkop Sector No 6 (Kandivali West) #1,19.216707251569083,72.83384921385732
Matunga Police Station,19.030492189450033,72.85778321593858
Modern Bakery Or Reservior (Goregaon) #2,19.14469197873659,72.8777314776387
Pushpa Park (Malad East) #3,19.188586108992073,72.85798195117997
Ram Ganesh Gadkari Chowk (Shivaji Park) #4,19.02409225435889,72.8397740696521
Lallubhai Compound Or Dr B R Ambedkar Chowk (Govandi East) #1,19.05379173319752,72.92688973466444
Late Balshet Patil Chowk #2,18.97510624678863,73.0294133320659
Shipping Corporation (Powai) #2,19.123145230362297,72.89805644295694
Diamond Gate 8 and 9 (Bandra East) #1,19.064292711596387,72.86311844018698
Babu Genu Market (Ghatkopar West) #1,19.095792596237363,72.90418175520799
Babu Genu Market (Ghatkopar West) #2,19.095857862559036,72.90417672606608
Crescenzo (Bandra East) #1,19.061812992566804,72.86772782791851
Holy Angels Vidyalaya (Mulund East) #2,19.173822569061628,72.9638131312828
Mankhurd Station Road (Anushakti Nagar) #1,19.04273017997608,72.93045800841858
Jijamata Bhonsle Marg Junction (Ghatkopar East) #3,19.069766008057513,72.90601307576895
Savoli Sector 1 #1,19.112557239496063,73.00072908919847
Borivali Station West (Borivali West) #4,19.23087600113404,72.85591800755931
Shivai Vidyalaya (Bhandup East) #2,19.152766874217438,72.9463510291419
Borivali Station East #9,19.22889413600645,72.85897672883605
Asmita Jyoti (Malad West) #3,19.196902346530763,72.82764639327144
Mhada Colony Or Majas (Jogeshwari East) #1,19.13411411287813,72.86636698265971
Sahakar Bazar (Navi Mumbai) #1,19.150111096300567,72.99959816042472
Kannamwar Nagar No 2 (Vikhroli) #2,19.120373653079902,72.93829593005943
BMC Office Yangraha (Worli) #1,18.995532917434137,72.81901575520801
600 Tenament Gate (Govandi East) #4,19.05334560852985,72.91932986413602
Vyas Wadi (Madh) #2,19.148108993794672,72.79073578711987
Shahajiraje Sports Complex (Andheri West) #3,19.12719584929079,72.83675144849681
Jungleshwar Mahadeo Mandir (Asalpha) #2,19.100931045135876,72.89849289203075
Esic Nagar (Andheri West) #2,19.120811903664737,72.82991927087544
Chandivli Junction (Andheri East) #3,19.11168326718576,72.88831558895494
Lokmanya Tilak Nagar (Goregaon West) #1,19.163164481814743,72.84181911656759
Bhavishya Nidhi Bhavan (Kandivali West) #1,19.21525842821495,72.8309844285302
Kasturba Gandhi Hospital (Lower Parel) #1,18.983898828254805,72.82921335276127
Sher E Punjab (Andheri East) #2,19.12427008669362,72.8644742098217
Madkebuwa Chowk (Parel) #5,19.004756213828273,72.84079501107978
Matunga Railway Station West (Matunga East) #3,19.03140935605536,72.84754269634723
Lallubhai Compound Or Dr B R Ambedkar Chowk (Govandi East) #2,19.0537994733221,72.9270962715842
Hiranandani Powai Bus Station Or Jalvayu Vihar #2,19.117670797779237,72.90562560236455
Shuklaji Street (Kamathipura) #2,18.966107512136187,72.82439133527613
Dhiraj Enclave (Borivali) #2,19.215431836220954,72.8695344110451
Sambhaji Nagar (Vile Parle) #1,19.099833921747923,72.85403224756192
Bharat Nagar (Bandra East) #3,19.065189309187655,72.8546552098217
Gundecha Park (Kandivali East) #2,19.212318316581985,72.87760728253224
Abhyudaya Bank (Borivali) #1,19.226152946889883,72.8575506210047
Khar Telephone Exchange (Khar West) #2,19.069470843861907,72.83380291563275
Juhu Koliwada #1,19.086009743354,72.82811037024639
Municipal Market Or Saibaba Mandir (Borivali East) #2,19.240701315899518,72.86829548098564
Kandivali Railway Station West #2,19.2062492815668,72.85135554712443
Dharkhadi (Dahisar East) #2,19.25267872385426,72.87353810572452
Hasrat Mohani Chowk (Madanpura) #3,18.967798,72.828416
Hanuman Nagar (Bhandup West) #2,19.13969973745959,72.92177348681402
Gelda Nagar (Ghatkopar West) #2,19.097382168238276,72.90781063558195
Umarkhadi,18.962522841862892,72.83562134037729
Borivali Station East #10,19.2316006787742,72.85763116792428
Kashi Village (Mira Bhayandar) #2,19.274013857218723,72.88580856853787
Nana Chowk Or Shastri Hall (Tardeo) #2,18.963608793789373,72.81330767535687
Transit Camp Dispensary (Sion) #2,19.04149221767446,72.87030788343239
Domestic Airport Junction (Vile Parle) #2,19.096601233993578,72.85253640374594
Lokmanya Tilak Nagar (Goregaon West) #2,19.163269538900785,72.84169595337295
Mumbai Central Station Or Reserve Bank (Madanpura) #1,18.970111093876817,72.82134518593121
Hanuman Tekdi (Borivali East) #1,19.240319007899735,72.86985909961817
Khar 16th Road (Santacruz West) #2,19.073299349594155,72.83069951041601
Kadam Pada (Mulund West) #2,19.17861171655895,72.947945023602
Yoginagar Or Jayrajnagar (Borivali West) #2,19.23449050487002,72.84067553003608
Maharashtra Kata (Asalpha) #3,19.102539802827007,72.88835132112796
Shri Ram Hospital Ovale Village (Thane) #2,19.276028775123507,72.95903711441206
Barkat Ali Dargah (Antop Hill) #3,19.018280536513092,72.86636463558199
Saifee Hospital (Girgaon) #2,18.952266315405158,72.81801571229433
Mith Chowki Or Kavivarya V R Kant Chowk (Malad West) #2,19.19465219527135,72.8339057403779
Panvel,18.99112475808815,73.1206485178563
Fire Brigade Or Maharashtra Krishi Udyog (Goregaon) #2,19.165449239430043,72.86438767620706
Navghar Phata #2,18.900028933151795,72.98459486252351
Hindmata Cinema (Dadar East) #2,19.010662332930856,72.84293042853021
Anushakti Nagar Bus Station #2,19.042951735053528,72.92626847875272
Hutatma Chowk (Fort) #4,18.93360290023731,72.83019810491086
Mazgaon Post Office #4,18.970714763088846,72.84015990761137
Nehru Nagar Building No 36,19.0634886866358,72.8811146022365
Tata Colony (Bandra East) #2,19.0617768831237,72.85664192423104
Kamal Talav (Malad West) #1,19.196391872329976,72.81306772023773
Natasha Tower (Andheri West) #2,19.126389583841256,72.82153423619364
Kapada Bazar,19.03580973763212,72.83942441687344
Kharghar Gram Panchayat (Navi Mumbai) #2,19.04502864878273,73.07893312559509
Daulat Nagar (Juhu) #2,19.089957624036078,72.83333839938831
Prabodhankar Thackeray Chowk (Dadar West) #2,19.019756464222837,72.8364738717756
Jogeshwari Telephone Exchange (Jogeshwari West) #2,19.141181516365055,72.84320272300769
Gymkhana (Marine Lines) #2,18.946600172786606,72.82133994783308
Mira Bhayandar Mahanagar Palika #2,19.301721399575317,72.84828276253553
Bunder Pakhadi Village (Kandivali West) #1,19.21300132828338,72.83119951930283
New Link Road Junction,19.21273496919172,72.83659782543705
Babasaheb Worlikar Chowk (Prabhadevi) #4,19.01400125263999,72.82358250458766
Gopal Nagar (Worli) #3,19.006297543791142,72.82321273803248
Tardeo Bus Station Or Rushi Mehta Chowk (Kamathipura) #3,18.964587414779963,72.82043026533556
Thakur Complex,19.208818370147657,72.86392023059645
Brahmand Phase 3 (Thane) #1,19.241107092718437,72.9815858961401
Ghansoli Sector 3 (Navi Mumbai) #2,19.114760652601426,73.00330130030586
Jeevan Nagar (Andheri West) #3,19.131337543294627,72.83126301471519
Reti Bunder Kharigaon Kalwa (Thane) #1,19.21024315058235,73.0154784085636
Pump House (Andheri East) #2,19.12566042233145,72.85659443435861
Blossom Company (Andheri East) #2,19.117080936830014,72.88088668690158
Asmita Super Market (Mira Bhayandar) #2,19.273016606501525,72.86447561226845
Damodar Park (Ghatkopar West) #2,19.095572657834296,72.91451962121391
Agarwal Municipal Hospital (Mulund West) #2,19.178532347960903,72.94563033862303
Vikhroli Station Road West (Vikhroli West) #2,19.11015422545295,72.92539379687216
Bharatiya Arogya Nidhi Hospital (Juhu) #1,19.11135154990744,72.82822958333507
Sardar Chowk,19.18520234685745,72.8419382831037
Dahisar Station Road East (Dahisar East) #2,19.249466759965372,72.8630169009175
Play House (Kamathipura) #2,18.962157121708945,72.82261128864907
Vesava Market,19.139120466049363,72.80668528864909
Bandra Phatak Gate No 18,19.056219295754218,72.84141570552254
Gokulanand Hotel (Borivali) #3,19.244031953266063,72.86498989056436
Omkareshwar Mandir (Borivali) #4,19.231367384917988,72.86249892697805
Prasanna Jeevan Society (Borivali West) #1,19.230552396448783,72.8481638484621
Lok Puram (Thane) #2,19.224718499688326,72.96999236127773
Targhar,18.991867065822934,73.0372951095666
Juhu Hotel #2,19.103451148690194,72.82689848098565
Mhada Colony (Powai) #1,19.1144887623989,72.8975867547869
Kapilvastu Buddha Vihar (Santacruz East) #2,19.07493376992729,72.8605543469329
Rameshwar Bank,19.227505940324814,72.84100099694155
Maharshi Arvind Chowk (Mulund West) #3,19.175897072213438,72.9537136193988
Dargah Vikhroli (Ghatkopar West) #1,19.096594606147885,72.91539483824776
Pandya Hospital (Borivali West) #2,19.233341337495073,72.85337535858963
Dhobi Ghat Borivali (Borivali East) #2,19.231973537191667,72.86574151894949
Borivali Station East #11,19.22773519933321,72.85788898557331
Wood House,18.91524494349864,72.82419281932022
Ushma Nagar,19.193891157006014,72.83252142576025
Vikas Nagar Society (Andheri East) #1,19.12899310746932,72.86041544601537
Juhu Nagar Market Or Vashi Sector Number 9 and 16 (Navi Mumbai) #2,19.078216898669798,72.99807511988308
Kopra Village (Navi Mumbai) #2,19.03703058473075,73.07332406907511
Agarwadi (Govandi East) #1,19.045714212286182,72.92581985734894
Mahalaxmi Race Course Or Zenith House (Dr Babasaheb Ambedkar Colony) #2,18.97990970789477,72.82072244047544
Ashok Nagar (Andheri East) #3,19.118034448005663,72.88516783520919
Seven Bungalows Bus Depot,19.130670517972867,72.81952978215693
Konkan Bhavan Belapur (Navi Mumbai) #2,19.02265919589626,73.03931407422239
Sainath Nagar (Andheri East) #2,19.120868106257657,72.87561317191596
Acharya Atre Chowk (Worli) #7,18.997063079644352,72.81666948635197
Samaj Mandir Hall Sector 10 Vashi (Navi Mumbai) #1,19.082837,73.000411
Poonam Sagar Complex (Mira Bhayandar) #1,19.273838348019318,72.86275288343239
Santacruz Station Road Or Kashibai Hospital (Santacruz West) #2,19.08409676015011,72.83737547515723
Pratap Nagar (Bhandup West) #1,19.139082121908846,72.92369946350051
Hotel Fountain Or Varsova Bridge,19.2849,72.9047
Nityanand Nagar (Ghatkopar West) #2,19.091818654401262,72.91268337549783
Kasturi Vidyalaya (Bhandup West) #2,19.15216663144273,72.9392505306711
Shree Parleshwar Society (Vile Parle) #2,19.1058883083565,72.84672221593858
Shantaram Pujare Chowk (Parel) #2,18.990046500023276,72.83585869692422
Government Law College (Churchgate) #2,18.93592092829233,72.82401152484275
Poisar Depot (Kandivali West) #2,19.213660903953393,72.85068254196982
Lala Lajpatrai College (Mahalakshmi) #1,18.982085532758635,72.81458793531084
Kasarvadavali Naka (Thane) #1,19.269724084080508,72.96544000276997
Asmita Jyoti (Malad West) #4,19.19670920040183,72.8275149650297
Don Bosco School (Borivali West) #6,19.22973485230552,72.84237413405276
Kamla Nehru Park (Malabar Hill) #2,18.955402985138917,72.80453152062549
State Bank Employees Colony (Malad East) #2,19.18049399908957,72.85436348681402
Sasoon Dock Colaba Fire Station #2,18.915855163770185,72.82617299301766
Moti Mahal (Bandra West) #3,19.05941250035376,72.83261044878532
Wankhede Stadium,18.939044699147868,72.82425745353908
Siddharth Nagar (Kandivali East) #2,19.215452572688534,72.87120978187204
Bhandup Pumping Centre (Mulund East) #5,19.15483777333805,72.95589990160943
Veera Desai Road Extension (Jogeshwari West) #1,19.14000560633354,72.83732475520803
Panchsheel Apartment (Borivali West) #2,19.21333658759572,72.84119915103487
Kalpataru Estate (Jogeshwari East) #1,19.139722316889056,72.8676562939005
Ballard Pier (Fort) #2,18.937184243060777,72.84026564141035
Poddar Hospital Or Siddharth Nagar (Worli) #2,19.00034787831324,72.81643250054395
9th Marg South North (Vile Parle West) #1,19.107199146064787,72.83117309325408
Bharani Naka Antop Hill (Sangam Nagar) #1,19.025621705297414,72.87111231196262
Shrawan Yeshwante Chowk (Parel) #2,18.987463995475203,72.8415719504064
Bangur Nagar (Goregaon West) #2,19.168697992704047,72.83530663529349
Kalamboli,19.020695562415053,73.10242514570952
Jaihind Cinema (Byculla) #3,18.98548989,72.83564509
Chhatrapati Shivaji Maharaj Chowk (Vile Parle) #3,19.110555629053692,72.8496270255065
Rabale Police Station (Navi Mumbai) #2,19.14586079306669,73.00078806440068
Bhagat Singh Nagar (Goregaon West) #2,19.15724995012713,72.83514364141034
Ghatkopar Depot Or Caseurina (Mankur) #2,19.085722489699634,72.91975987248638
Taraporewala Aquarium (Girgaon) #2,18.94845158553944,72.81992897085811
D N Nagar Or Barfiwala Vidyalaya (Andheri West) #2,19.12405339667293,72.83056813099431
Gorai Pumping Station (Borivali West) #1,19.22408801972161,72.83617623590517
Gateway Of India (Colaba) #1,18.923530943655276,72.83387594385333
Alankar Cinema (Bhuleshwar) #2,18.95760024506457,72.82699642270182
Post Office Jogeshwari East #2,19.130939857825766,72.84984786317729
Basant Park (Chembur) #4,19.051553,72.894102
Santacruz Station East (Santacruz East) #2,19.08128051228438,72.84231081610588
S Bridge Or Mandlik Chowk (Chinchpokli) #2,18.98070563230356,72.83191008588648
Maitri Park (Chembur) #2,19.050162513944727,72.90477798251487
Shivaji Maidan Or Madina Masjid (Vikhroli West) #1,19.103591672736865,72.91521906916583
Mallet Bunder Or Tapasani Naka (Princess Dock) #2,18.958091499236552,72.84729172883607
Sai Amrut Society (Borivali West) #2,19.240365727084665,72.85840364141035
Coal Bunder (Sewri) #2,18.983309854669464,72.85834678434992
Shivajiraje Complex (Malad West) #1,19.20134675906848,72.82453733671858
Sector 16 and 18 (Navi Mumbai) #2,19.036125989157362,73.00881206994056
Nagari Nivara Sector 1 And 2 (Goregaon) #3,19.172396049960188,72.88079681349181
Renuka Nagar (Kandivali West) #2,19.211445266419293,72.83569515765477
Raghunath Vihar (Navi Mumbai) #2,19.04580103091083,73.07271695060301
Balaji Nagar (Mira Bhayandar) #2,19.310239752146092,72.85038171705575
Ram Mandir (Borivali West) #1,19.238233,72.854738
Vitthal Mandir (Malad West) #2,19.19849512871185,72.82789803487726
Inorbit Mall (Goregaon West) #1,19.17024530177826,72.8352968134918
Adarsh Nagar (Andheri West) #4,19.145932306540654,72.83185866778231
Aai Tulja Bhavani Chowk (Andheri West) #2,19.141929078233606,72.82928644570285
R C F Colony Or Shri Krishna Society,19.14817236951158,72.94808428832775
Bharati Vidyapeeth (Navi Mumbai) #4,19.026171719424422,73.05697114114317
Khar (Santacruz West) #2,19.072189143984744,72.83414224508049
Marwa Road Junction (Andheri East) #2,19.10974188909063,72.88786773408746
Sumati Vidhya Kendra (Juhu) #1,19.113253740432757,72.82433532084943
CGS Dispensary (Antop Hill) #2,19.02979222,72.86302755
Collector Office,19.060923437629246,72.8494989944601
Sanpada Junction (Navi Mumbai) #1,19.058878221416222,73.0011448748346
Maharshi Arvind Chowk (Mulund West) #4,19.17545276781273,72.95278239661836
Hutatma Chowk OCS,18.932904778630906,72.83158726952064
Raj Paradise (Andheri East) #2,19.11629854811864,72.88376966932324
Seepz Bus Station (Andheri East) #2,19.12438555433982,72.87230271509509
Jain Society,19.039685732793945,72.86177245767209
Malvani Depot Or Gaikwad Nagar (Malad West) #3,19.183436305241806,72.81903916071322
Samarth Nagar (Jogeshwari East) #2,19.13697598178917,72.85959104662706
Sambhaji Nagar (Vile Parle) #2,19.102165377294426,72.8546736307926
Municipal Dispensary,19.082424564065775,72.85046058006812
Antop Hill Police Station #2,19.031801577969212,72.86375318373821
BMC Office R North (Dahisar East) #2,19.251552818257974,72.86473046213638
Byculla Tel Exchange (Mazgaon) #1,18.971711781729336,72.83815667055225
Ashok Nagar Or Vilo Society (Thane) #2,19.222198180710226,72.99439789785907
Sector 18 Nerul Talav #2,19.03376883872764,73.01237870723874
H P Nagar (Trombay) #2,19.027690513472884,72.89266816902305
Pant Nagar Or Shivaji Technical School (Ghatkopar East) #1,19.084712339321715,72.9136559261401
Dharam Singh Hall (Borivali West) #2,19.226439641466893,72.85518343961
Narayan Pujari Nagar (Worli) #1,18.994729661167217,72.81393075768948
BPCL Sports Club (Trombay) #2,19.02778626782733,72.89578601165677
Kane Nagar (Antop Hill) #3,19.029602547923407,72.86627034110452
Vashi Sector No 19 (Navi Mumbai) #2,19.084027890134248,73.01202813988112
Haffkine Institute (Parel) #2,19.001466681758735,72.84448929476594
Khindipada (Mulund - Goregaon Link Rd) #2,19.166731841824355,72.92983881597327
Nair Hospital (Agripada) #1,18.97319985003173,72.82259971412086
Ganga Complex (Mira Bhayandar) #2,19.290481324077586,72.8572985311094
Vashi Bus Station (Navi Mumbai) #3,19.074417432506767,72.99913734387444
Dr M Iqbal Chowk Or J J Hospital (Nagpada) #2,18.96271,72.83215769
Vidyangri Canteen,19.07095542377896,72.85935331502105
Khopat S T Terminus (Thane) #2,19.200724282385703,72.973254731606
Shreyas Cinema (Ghatkopar West) #4,19.09255091988588,72.91098757631742
Evershine Nagar (Malad West) #2,19.192378773378476,72.83456602914188
Sumer House Or Suraj Diamond (Andheri East) #2,19.121582793585414,72.87362825616025
Nehru Planetarium Costal Road #2,18.991828789329187,72.81127805213441
Chhatrapati Shivaji Maharaj Terminus GPO (Fort) #1,18.93848850632211,72.83655984511518
Wadala Gate Number 4 (Antop Hill) #2,19.021490740681887,72.86059479017828
Mhada Colony,19.134110882205334,72.82619364723872
Rawal Pada Borivali East (Dahisar East) #2,19.24562333779709,72.87010680782903
Ashok Nagar (Andheri East) #4,19.11896510427811,72.88540157423972
Bayer House (Powai) #4,19.120460936789414,72.91276742547177
Kapur Bawdi (Thane) #4,19.217781342010305,72.97998280766345
Swami Vivekanand Vidyalaya (Borivali West) #1,19.225898171151755,72.83152601079131
Damu Nagar Extension (Kandivali East) #1,19.204627598830868,72.87850986565876
Pragati High School (Borivali West) #2,19.2273658006442,72.82262211847211
Railway Sankalp Colony (Govandi East) #2,19.055501110460888,72.93339202389085
Netaji Subhashchandra Bose Kridangan (Borivali West) #1,19.212299413427093,72.84516559784176
Prarthanalaya (Bandra West) #1,19.0517779147632,72.82174654786778
Khar Railway Station West,19.069780681053945,72.83971095920135
Odeon Cinema (Ghatkopar East) #2,19.079362661828295,72.91051877881002
Sandhurst Road Railway Station,18.961378515864478,72.83880939355993
Shastri Nagar (Borivali West) #2,19.218115755171148,72.85159367055223
Domestic Airport Junction (Vile Parle) #3,19.093504227658094,72.85149377852156
Mantralaya (Churchgate) #4,18.927869024239442,72.82491623065377
Bhandup Police Station (Bhandup West) #3,19.150752769806317,72.93775790922739
Jijamata Municipal School (Byculla) #2,18.98023831915972,72.84006934722137
Bandra Worli Sea Link Toll Plaza (Bandra West) #2,19.044718061370624,72.82782713182691
New India Quarters (Andheri West) #2,19.116030242443195,72.83793008494425
Technical School (Dahisar West) #2,19.24292133938073,72.85390644324539
Bhakti Park Gate (Chembur) #2,19.033539715466564,72.87898918067978
Y B Chavan Marg Junction Or Center One (Navi Mumbai) #2,19.06777688783275,72.99729380026899
Raheja College (Juhu) #2,19.085675514691513,72.8324467230077
Agripada Police Station (RTO Colony) #2,18.97735585347633,72.82418350429914
Bharatiya Arogya Nidhi Hospital (Juhu) #2,19.1114321296866,72.82849239078999
Dyaneshwar Nagar #2,19.004868960660552,72.85361700522029
Gokhale Bridge (Andheri East) #1,19.11551488174186,72.8475609855733
Saibaba Mandir Or Satya Saibaba Mandir (Jogeshwari East) #2,19.12963536010113,72.86999420035792
R C F Police Station (Chembur) #2,19.036042256934987,72.89532952761269
Gandhi Nagar (Bhandup West) #5,19.124456230668727,72.92514154232786
Rani Laxmibai Chowk (Sion) #9,19.04156476537383,72.86299470465707
N L Complex Junction (Dahisar East) #2,19.259372330884293,72.86502549847079
Chincholi Phatak Or Sarvodaya Girls School (Malad West) #2,19.178423133387593,72.8456113411045
Shivner Chowk Or Ganesh Mandir (Ghatkopar East) #2,19.082001977613423,72.91242062115526
Sai Hospital (Kandivali East) #2,19.213807322942404,72.86693263079042
Sahakar Nagar (Kurla) #3,19.06497153317821,72.89433310796929
Sant Gadge Maharaj Chowk (Lower Parel) #3,18.980662522481893,72.8265780322003
Alankar Cinema (Grant Road) #2,18.958041230987103,72.82467082733051
Two Tanks (Kamathipura) #1,18.962450951243817,72.82858020982168
BEST Receiving Centre Or Sunder Vihar (Sion) #2,19.043461344534904,72.87290027116396
Vaishali Nagar (Mulund West) #3,19.18680957358228,72.9460975926055
Dr Bhadkamkar Marg Junction (Grant Road) #2,18.9601925976056,72.81729242990363
Aarey Police Station Chhota Kashmir (Goregaon) #2,19.16256088484582,72.87133945767215
World Trade Centre (Colaba) #1,18.914918361624043,72.8184719475446
Shree Krishna Nagar Shantivan (Borivali) #3,19.232793738272235,72.86450774487875
Lodha Splendora (Thane) #1,19.281966710383692,72.9548735858965
Ballard Pier (Fort) #3,18.93403836949756,72.84218528365744
John Backer (Powai) #1,19.115828200304296,72.88922110433386
Pratiksha Nagar Depot (Sion) #1,19.04476361457815,72.87485246627044
Kachwadi (Chembur) #1,19.052207386228098,72.91706644572687
Reserve Bank Colony Or Pathan Wadi (Malad East) #1,19.177328689890388,72.85878747125805
Pawar Public School (Borivali West) #2,19.213984908041166,72.84489140040748
Sambhaji Nagar Kandivli East (Kandivali East) #1,19.20176494161407,72.8613745950718
Machhalimar (Andheri West) #2,19.13330262678589,72.8118951732354
Additional Police Commissioner Office (Bandra West) #2,19.063554820551293,72.82274201633119
Majas Depot Or Shyam Nagar (Jogeshwari East) #2,19.139255317865803,72.86531108990717
Khodadad Circle (Dadar) #1,19.019461915794903,72.84884492919399
Mulund Railway Station West (Mulund West) #5,19.17418618643408,72.9570802876569
Vasantrao Naik Chowk (Tardeo) #4,18.96928463641273,72.81667180183506
Goregaon Telephone Exchange #2,19.157595867834544,72.85666737024641
Santacruz Station Road (Santacruz West) #3,19.081800020048906,72.83799818661224
Maharashtra Nagar (Bhandup West) #2,19.139800683174258,72.92838233527614
Damu Nagar Or Mayur Market (Kandivali East) #1,19.200948654125405,72.87886812239599
Mehrabad Baug Or Aliabad (Jogeshwari West) #2,19.143708476647603,72.83883606648851
Yashwantrao Chavan Pratishthan (Churchgate) #3,18.926404379123845,72.8270745594841
Andheri Bus Station West (Andheri West) #6,19.11931233651846,72.8461695767212
Vatsalabai Desai Chowk (Mahalakshmi) #5,18.978464990901884,72.81355710326092
Domnic School (Andheri East) #2,19.12645949695686,72.86370148404409
Hutatma Chowk Or Mumbai Vidhyapeth (Fort) #1,18.929360691589704,72.82967859449481
Kharghar Railway Station Sub Way (Navi Mumbai) #2,19.02729390174665,73.05787906076525
Airoli Sector No 4 Or Corporation Bank (Navi Mumbai) #2,19.15317349245099,72.99961261131764
Mira Road Station East (Mira Bhayandar) #1,19.28140301405105,72.85809739355994
Kanjur Marg Village (Bhandup East) #2,19.12996524289734,72.94175548681402
Tipco Plaza Company (Malad East) #1,19.18354543370947,72.8553242828207
Dharavi Koliwada #2,19.048336980851396,72.85541993559676
Calico Chemicals (Trombay) #2,19.022218982670324,72.89787377269319
Shree Ram Mill (Worli) #4,18.998510337772426,72.82097251405145
Kondivita Caves Or Mahakali Caves (Jogeshwari East) #2,19.130364018452035,72.87280101165678
General Arun Kumar Vaidya Marg Junction (Goregaon) #5,19.17544735332042,72.85909463030612
Chandan Cinema (Juhu) #4,19.114395316791242,72.8269697843499
Indian Oil (Andheri East) #3,19.103286649621232,72.87127695597545
Mankhurd Station North #2,19.050315940693483,72.9339395679776
Tagore Nagar No 3 (Vikhroli) #2,19.119779852218162,72.93222119760341
Byculla Station East Or Gloria Church #1,18.97558314718608,72.83471986011888
Mangatram Petrol Pump (Bhandup West) #3,19.13905413205068,72.9307890147152
Sir J P Primary School (Madh) #1,19.17070047252231,72.79690474937965
Ramesh Hotel (Malad East) #2,19.1870414995537,72.86231574574423
Annabhau Sathe Nagar (Mankhurd) #2,19.056181978686,72.93041985619497
Navghar Road (Mulund East) #2,19.167901985548898,72.96162848127415
Vikhroli Village #1,19.103689424646976,72.92992548404408
Colaba Bus Station (Cuffe Parade) #5,18.91272228290335,72.82282351058961
Shree Swami Samarth Nagar Extension (Andheri West) #1,19.146229453309427,72.82566653344107
Indira Nagar (Sewri) #2,18.992609244641816,72.8546733266778
Best Quarries (Powai) #2,19.111766420749746,72.900997489007
Check Post No 2 Or Marol Police Camp (Andheri East) #1,19.123923448054278,72.87998537301637
Matunga Railway Phatak East (Matunga East) #1,19.032564069739816,72.85424390368746
Dharan Talao Or Ashtagandha Scotiey (Navi Mumbai) #2,19.010832267956665,73.01641700000002
Yerala Medical Centre (Navi Mumbai) #2,19.03159709830267,73.06070632084942
Cipla Company Or Military Canteen (Vikhroli West) #2,19.11367449262088,72.92604771440935
Amboli Village (Andheri West) #1,19.128180245765744,72.84144341206016
Dahisar Bridge (Dahisar West) #2,19.25506752341122,72.85700436164808
Louis Wadi (Thane) #2,19.196456879858555,72.96236004066868
Sir J P Primary School (Madh) #2,19.17056619879298,72.7969141371112
Charkop Sector No 6 (Kandivali West) #2,19.21637640978877,72.83385994269338
M S E B Office (Navi Mumbai) #2,19.106945702499267,73.0026285423279
Ferry Wharf,18.956920413778395,72.84938223619369
Prarthanalaya (Bandra West) #2,19.05081224630689,72.82173749847078
Seven Bungalow Bus Station (Andheri West) #1,19.130400760161155,72.82033715182638
Fire Brigade (Indira Docks) #1,18.947366598462324,72.84024197610952
Maharshi Arvind Chowk (Mulund West) #5,19.175892641209995,72.95172494783306
Suvidhya School (Borivali West) #2,19.229471891877324,72.82853362086678
Shivaji Nagar Post Office #1,19.06241252168367,72.9212759708581
Geeta Nagar (Colaba) #2,18.913876753488637,72.80858088620234
Tembipada (Bhandup West) #2,19.156215292349472,72.92986646932887
Vishnu Nagar (Trombay) #1,19.022675968895776,72.90284394754454
Dr B R Ambedkar Nagar (Chedda Nagar) #1,19.063382632002217,72.90256713405273
RCF Colony Golf Club (Chembur) #2,19.046131021514675,72.89864695337299
Reserve Bank of India (Bandra East) #1,19.057884399522898,72.85312355981303
Sher E Punjab Colony (Andheri East) #2,19.125916633538314,72.86104405828381
Ekta Nagar (Kandivali West) #3,19.213459320200514,72.83697016319464
Giridhar Park (Malad West) #2,19.195737190017102,72.83179430059432
Cheeta Camp (Trombay) #2,19.038453092166357,72.94475905245542
Dava Bazar Kalbadevi #2,18.94624280374994,72.82927437024642
S R A Mankhurd Lallubhai Compound (Govandi East) #1,19.049817732340895,72.92689123619365
Bank Of Baroda (Jogeshwari East) #1,19.136787470912758,72.85348418650818
Thakkar Bappa Colony (Kurla) #2,19.05766953519825,72.8866758104334
Vasudeo B Phadke Chowk (Marine Lines) #5,18.942298434494184,72.8295625748681
Lal Bahadur Shastri College (Sewri) #1,18.980736286614935,72.85913594171618
Siddharth Nagar (Kandivali East) #3,19.21465354816355,72.87144171717928
Elco Market (Bandra West) #2,19.055617231911526,72.83248501338768
Keni Vidyalaya,19.14723868563337,72.94566839020472
Ghatkopar Pipe Line (Ghatkopar West) #3,19.087615402447955,72.90328379791116
Ashok Kedare Chowk,19.147741135273524,72.9286406880374
Jijamata Nagar (Chembur) #4,19.02826746435272,72.88832136470648
Banubai Ganpat Tandel Market (Navi Mumbai) #1,19.014139207319488,73.01655088926077
Jaihind Cinema (Byculla) #4,18.985155586629663,72.8353377374344
Shital Garden (Mira Bhayandar) #1,19.283523834547978,72.86446988620231
Samaj Mandir Hall Or Sardar Nagar (Sion) #2,19.03829121104353,72.8658240006323
Shanti Ashram Junction (Borivali West) #1,19.242460064720937,72.84487060644005
Petrol Pump Or Maheshwari Mansion (Malabar Hill) #2,18.96128255665242,72.80156146378897
Banubai Ganpat Tandel Market (Navi Mumbai) #2,19.014271357709116,73.01654802697396
Neelam Nagar Phase 2 (Mulund East) #2,19.175932749709357,72.96433467638063
Krishna Colony,19.25300544882509,72.86246725825688
Mahatma Jyotiba Phule Chowk (Mulund West) #1,19.173071867002104,72.9346901165676
Sarvodaya Hospital (Ghatkopar West) #3,19.092349465514197,72.9084051604247
Kalina,19.077232,72.862118
Kendriya Vihar Sector 38 #2,19.01971304306383,73.01438063975358
Tata Colony (Bandra East) #3,19.060306463900528,72.85785473772287
Bhagatsingh Nagar Or Sejal Park (Goregaon West) #1,19.15535624655156,72.83673218621968
Ulwe Node #1,18.97458573623508,73.02002043937306
Gavdevi Chowk Sarsole (Navi Mumbai) #2,19.04309738405341,73.01479204662708
Ramada Hotel Powai #2,19.13631510783774,72.89947895031452
Sarvodaya Hospital (Ghatkopar West) #4,19.088500911495657,72.90673851901434
V J T I College (Matunga East) #3,19.02127991350676,72.85689252320454
Shahu Nagar (Dharavi) #2,19.040059491997972,72.8512018628888
Shivaji Nagar Junction #4,19.06227145290667,72.91671340215825
Bharat Nagar (Bandra East) #4,19.061810191223042,72.85944235858965
I I T Main Gate (Vikhroli West) #2,19.125783092673117,72.91704103831722
Crown Cooperative Housing Society (Thane) #2,19.25884887500499,72.978963630987
Agarkar Chowk (Andheri East) #5,19.119373725940914,72.84793356199576
Buddhavihar Or Malvani (Malad West) #1,19.19494164326283,72.82591552843478
S R A Mankhurd Lallubhai Compound (Govandi East) #2,19.04974498510612,72.92676605828382
Savlya Tandel Chowk Or Mustafa Bazar (Byculla) #1,18.975921118859688,72.84052789814757
Bramha House,19.01035376229859,73.03145806413292
Green Park Or Pleasant Park (Mira Bhayandar) #2,19.278669151723566,72.87869332361937
Siddhivinayak Tower (Thane) #2,19.209737244432844,72.97451391228581
Johar Chowk (Bhuleshwar) #3,18.95829344437571,72.83249145782203
Novelty Silk Mill (Dahisar East) #3,19.25382089726056,72.86599266051148
Chuim Village,19.072130032900837,72.82595274020431
Pipe Line (Mulund West) #4,19.185347579815144,72.94766225950718
Ambaji Dham (Mulund West) #2,19.178110016438733,72.94966680795194
Citylight Cinema (Shivaji Park) #3,19.03167520672797,72.8412527610364
Worli Dairy Coastal Road #2,18.998140936728138,72.81067250199267
Green Park (Andheri West) #2,19.153005727074117,72.83023203220036
Chinai College,19.12322913677813,72.85107824202203
Phanaswadi (Charni Road East) #1,18.952763343082175,72.82459490674593
Laxmi Tower BKC (Bandra East) #1,19.06372193824571,72.86399184039134
Balasaheb Thackeray Trauma Center Or SRP Camp (Jogeshwari East) #3,19.140373167508905,72.85389406878794
APMC Sector No 26 (Navi Mumbai) #4,19.086868431747565,73.01066985295611
Samaj Mandir Hall Sector 10 Vashi (Navi Mumbai) #2,19.08239754597148,73.00025375520802
Ashok Kedare Chowk (Bhandup West) #1,19.14778389345186,72.92862459478332
Malvani Block No 6 (Malad West) #2,19.189200000000007,72.81978598834324
Vikas Vidyalaya (Vikhroli) #2,19.117561314380495,72.93715173466444
Ganeshmurti Nagar Police Station (Colaba) #2,18.910125083702702,72.81320733833458
Shanti Nagar (Andheri East) #1,19.11952227729227,72.86362590368748
Yashwantrao Chavan Pratishthan Or Mantralaya (Nariman Point) #1,18.925860432746546,72.82574820151186
Dr K B Hedgewar Chowk (Bhandup West) #2,19.161378412366773,72.93748025090885
Wagle Ward Committee Office Or Automatic Company (Thane West) #2,19.187703232207504,72.95539219787646
Belpada Village (Navi Mumbai) #3,19.028905606912904,73.0603333119626
Suruchi,19.207663040415497,72.86450234733037
Ram Nagar (Borivali West) #2,19.219139279861526,72.84790892728948
Chincholi Bunder Road (Malad West) #2,19.179712172158574,72.8364002310351
Bhuleshwar (Kalbadevi) #2,18.952809976191368,72.83005446350049
Sewree Railway Station East (Sewri) #2,18.99783066458145,72.85436230613423
Dr M Iqbal Chowk Or J J Hospital (Nagpada) #3,18.9627099975364,72.83215769357727
Hutatma Chowk Or Siddharth College,18.93411164,72.83254076
M East Ward Office Govandi West (Govandi East) #2,19.056289042609247,72.92109479294822
Crisil House (Powai) #2,19.1173449103435,72.91060143464708
Chhatrapati Shivaji Maharaj Terminus (Fort) #8,18.94090101929157,72.83485713861225
Umarkhadi (Umerkhadi),18.962502658376664,72.83556301471519
Cafe Paradise (Nagpada) #1,18.961814170062706,72.83036895578782
Milind Nagar (Bhandup West) #2,19.158751760908793,72.93174880766344
Air Condition Market (Tardeo) #2,18.973377318624582,72.81435582209015
Shanti Nagar (Madh) #1,19.150177709667606,72.79097347238731
Khedekar Wadi (Mulund East) #2,19.166719884470307,72.95447500582839
Hema Industries Estate (Jogeshwari East) #2,19.131989397819947,72.86281146655894
Hasrat Mohani Chowk (Madanpura) #4,18.966325365852196,72.82869658618499
Shantivan Road Junction Oshiwara (Andheri West) #2,19.150740416392356,72.83147327422236
Swatantraveer Savarkar Chowk Or Golden Nest (Mira Bhayandar) #1,19.293925392836577,72.85988509631254
Worli Metro Station,19.008881036586725,72.81935066490219
Ghatkopar Station West (Ghatkopar West) #7,19.0876,72.908
Ghatkopar Station East (Ghatkopar East) #2,19.083854886505048,72.90566919165296
Vashi Naka (Chembur) #3,19.031598316949573,72.89661151595593
Mariamman Mandir (Malad West) #2,19.18912457034312,72.8371030275259
Shivsena Office (Chedda Nagar) #1,19.062015260116947,72.90579338773155
Vijay Nagar (Andheri East) #1,19.12023362820255,72.87949061503838
Namaskar (Jogeshwari East) #2,19.13844921593094,72.87075267638063
Ghatkopar Depot Only Alighting,19.086898884175433,72.91898731007382
Ssc Board Office Or Saint Lawrence High School (Navi Mumbai) #2,19.074267357854474,73.0007639125743
Ajit Glass Factory (Jogeshwari West) #1,19.146496251224487,72.8430094487853
Seven Bungalow Bus Station (Andheri West) #2,19.130551857549992,72.82050646932888
Saraswati Vidyamandir (Mahim) #1,19.034537049168144,72.84773523619366
Bradbury Mill,18.977396561260257,72.8271561165676
Mangatram Petrol Pump (Bhandup West) #4,19.140202420747503,72.93121271440937
Rani Sati Nagar (Malad West) #2,19.18069672712996,72.84685737481243
Gharkul (Navi Mumbai) #2,19.03791629212279,73.07751789794433
Dr Datta Samant Chowk or Saki Naka,19.102801962915464,72.88572646142244
Khodadad Circle Or Pritam Hotel (Dadar) #2,19.016695017234458,72.84593641494355
Parvat Nagar (Dahisar East) #1,19.243150906639933,72.8600857027526
Tata Hospital (Parel) #3,19.0041843,72.84283685
Pravasi Industrial Estate (Malad East) #2,19.172191208981772,72.85409103191184
Bhagatsingh Nagar Or Sejal Park (Goregaon West) #2,19.155125046141226,72.83686797305106
Hindu Cemetery (Byculla) #2,18.977835829479965,72.84715612545442
Madhur Colony (Malad West) #1,19.179283733332586,72.8386988118758
Marshal Wadi (Madh) #1,19.179950083364776,72.79780724202203
Vasantrao Naik Chowk (Tardeo) #5,18.96860221919455,72.81516553344107
Green Fields (Jogeshwari East) #2,19.139681914351055,72.86916798280335
Wellman Company #1,19.22956274317954,72.98421258270183
Ghatkopar Post Office Or Sarvodaya Hospital (Ghatkopar West) #1,19.087471890805833,72.9059209271913
Charkop Police Station (Kandivali West) #4,19.21556620779111,72.8197360590278
Mantralaya (Churchgate) #5,18.92929618261891,72.82366364798462
Chitranagry Entry Gate (Goregaon) #2,19.165549082672882,72.87815188926075
Swastik Park (Thane) #2,19.243443654817344,72.98277191563271
Marol Maroshi Bus Station (Andheri East) #3,19.11662099999999,72.88002
Malad Station West (Malad West) #2,19.1883856517748,72.84701431066638
Vikhroli Park Site (Vikhroli West) #2,19.105057215389216,72.91311169998264
V Mall,19.21228872202398,72.86761876529846
Municipal School Or Chincholi Bunder (Malad West) #2,19.179186566972245,72.841969897974
Ashok Vihar,19.117697676121676,72.88708944630385
Udaya Shree Marg,19.147968306615738,72.94414557496906
Jumbo Darshan (Andheri East) #1,19.114209060582045,72.85245759755325
Ghansoli Railway Station (Navi Mumbai) #1,19.11632803792673,73.00792900859831
Borivali Telephone Exchange,19.231815483089097,72.85624891228582
Jawahar Nagar (Goregaon West) #1,19.16219863339906,72.8461141021409
Prabodhankar Thakare Udyan Bus Depot Sewree,18.997831623198927,72.85257441796767
Khot Road,19.15085541311614,72.93595135858966
Gokul Building (Borivali West) #2,19.23430529555318,72.85136567943908
Ordnance Factory (Malad East) #1,19.19211933580161,72.85520088400938
AH Ansari Chowk Or New Nagpada (Madanpura) #3,18.96715812,72.83278142
Aagari Pada (Goregaon) #2,19.15898298366405,72.8807616239252
Vakola Police Station #2,19.08050476483692,72.85126826965313
Gautam Nagar (Kandivali East) #2,19.20012004384628,72.878358755208
Wadala Church #5,19.019319049081062,72.85676263529346
Shree Swami Samarth Nagar Extension (Andheri West) #2,19.14609801022848,72.82565412822437
Spring Mill (Wadala) #2,19.010993719145763,72.8484446913843
Chaitanya Hospital (Mira Bhayandar) #2,19.29015663290592,72.86366364723872
9th Marg South North (Vile Parle West) #2,19.107068666566292,72.83122154815625
Bhandup Station West (Bhandup West) #1,19.14429773306442,72.93761313462976
Gautam Nagar (Andheri East) #2,19.118590355296586,72.86986935639666
Amurut Shakti Calilo Building (Powai) #2,19.10787775205593,72.89704332667779
Ram Mandir (Goregaon West) #2,19.152073562797785,72.84456199111317
Bhakti Park Gate (Chembur) #3,19.033879535561663,72.87942025950719
Aarey Municipal School,19.149288934836623,72.8776451901436
Ghansoli Railway Station (Navi Mumbai) #2,19.116400265468705,73.00775064169882
Rizvi College (Pali Hill) #2,19.068080160874736,72.82253804079865
State Bank Juhu #2,19.11014295832836,72.82998510462237
Ashok Kedare Chowk (Bhandup West) #2,19.14774873672826,72.92860011962605
Gharkul Corner (Navi Mumbai) #1,19.042223464565797,73.07230767638062
Ekta Nagar (Bhandup West) #2,19.140701945775586,72.92669838190317
Hari Niwas (Thane) #1,19.19179756556179,72.96851901165678
Bhakti Bhavan (Chembur) #2,19.052645823063038,72.89053022453689
Bhatia Hospital (Tardeo) #2,18.964457619675233,72.8129349390331
Sakinaka Post Office,19.105984217651482,72.88902282514859
Bharatmata Cinema or Mahadeo Palav Marg (Parel) #2,18.99535452721759,72.83562246350051
Evershine Nagar (Malad West) #3,19.19081188495097,72.83196342853023
Sanjay Gandhi National Park Gate (Borivali) #2,19.230805035514624,72.86494906105375
Madina Manzil (Goregaon West) #2,19.17199995004211,72.84518013128282
Vikhroli Station Road West (Vikhroli West) #3,19.111565877390536,72.9257387960067
Sahakar Nagar (Kurla) #4,19.06525673017419,72.89434383680535
Korba Mithagar (Wadala) #2,19.01595727560918,72.86429703191183
Pratiksha Nagar Number 1 Or Samaj Mandir,19.041187541268854,72.86880442270184
Bhoomi Park Play Ground #2,19.201894401043248,72.81968205522537
Chainani Elders Home (Mulund East) #2,19.166738158254432,72.9636643699579
Shivsena Office (Chedda Nagar) #2,19.061969944629993,72.90600624202202
Sanpada Police Chowki (Navi Mumbai) #2,19.062693317496247,73.0103959122858
Sahakari Bhandar (Juhu) #2,19.103628344951005,72.83235471135093
Shree Swami Samarth Nagar Market (Andheri West) #1,19.144761109711226,72.82368181320335
Voice Roy Park (Kandivali East) #2,19.21161700270708,72.87297818650818
Comrade P K Kurne Chowk (Worli) #1,19.006222064439424,72.82170482572555
Sant Jagnade Chowk (Parel) #3,18.99221047733696,72.83650487454555
Shree Narayan Guru High School (Chedda Nagar) #1,19.061062,72.908569
Ram Mandir #1,19.151628607611833,72.8443585711116
Birla Company (Bhandup West) #1,19.136679029504585,72.92950651318598
Antop Hill (Sector 1) #4,19.02681987953726,72.86633649847079
Vinay Industries Or Subkuch Market (Malad West) #2,19.174308717022086,72.8367737960067
Veera Desai Road Extension (Jogeshwari West) #2,19.139905185527706,72.83718655981302
Kandarpada Bus Station (Dahisar West) #2,19.26348524276319,72.85182838163873
Lokim Company (Thane) #2,19.229860819489286,72.97662820399333
Bhandup Peoples School (Bhandup West) #1,19.140024316742103,72.92561767638065
Goregaon Oshiwara Depot (Goregaon West) #2,19.15445180057291,72.83533077546312
Chhatrapati Shivaji Maharaj Terminus (Fort) #9,18.939076850734732,72.8355047721449
Oberoi Woods (Goregaon) #3,19.169254469996424,72.86422950429917
Best Receiving Centre,18.998416636500387,72.82258106105377
Milat Nagar (Andheri West) #1,19.149259053755383,72.82863813682272
Udyog Bhavan,19.162644186184277,72.85112567361068
Bandra Station West or Padmashree Mohammed Rafi Chowk (Bandra West) #1,19.053179223447373,72.83794277269314
B S E S Sub Station Or Swami Samarth Nagar (Andheri West) #1,19.13468217540489,72.8249315600279
Vakola Police Station Or Roop Talkies (Santacruz East) #1,19.08053382007683,72.84603570552255
Check Post No 2 Or Marol Police Camp (Andheri East) #2,19.1238113103828,72.87986903220035
Majiwada (Thane) #3,19.214482122804807,72.97751382133275
Mahatma Jyotiba Phule Chowk (Mulund West) #2,19.173178270990054,72.93464016042469
Regency Heights #1,19.240140452991053,72.98131459647776
Antop Hill Police Station #3,19.03106247240924,72.86319948325192
Saint Mary School (Dahisar East) #1,19.256718413594314,72.86712612094463
Pravasi Industrial Estate (Malad East) #3,19.171988216765083,72.8539894432454
HP Officers Quarters (Bandra East) #1,19.066120137909525,72.85796415374692
Kane Nagar (Antop Hill) #4,19.02955631944606,72.86580970552252
Terna Engineering College Nerul (Navi Mumbai) #2,19.030229808619744,73.01694337001346
Anjanabai Magar or Freedom Fighter Ramchandra Dhondu Surve Chowk (Kurla West) #1,19.071027303625392,72.87541206994057
Sadbhakti Mandir (Jogeshwari East) #2,19.129707888346903,72.84989261532688
Damu Nagar Or Mayur Market (Kandivali East) #2,19.200979999999998,72.87884666472387
Tata Colony (Bandra East) #4,19.061826131169195,72.85665299111318
Fortis Hospital (Mulund West) #2,19.162518169164848,72.94203901835058
Versova View (Andheri West) #2,19.124233987668106,72.82409687177562
Garib Nagar (Thane) #2,19.272015994236956,72.9635899098407
Garodia Nagar RTO (Ghatkopar East) #2,19.07240760491875,72.90823922730686
Chhatrapati Shivaji Maharaj Terminus GPO (Fort) #2,18.9386502409168,72.83642003497027
Goregaon Check Naka No 1 #5,19.1660083369154,72.86017539938831
Nildhara Building (Borivali West) #1,19.237554211343518,72.85139284846213
Seven Bungalows Garden (Andheri West) #2,19.128676190984827,72.8165045748167
Shivajiraje Complex (Malad West) #2,19.201228341552678,72.82488971192791
Rameshwar Bank (Borivali West),19.224721572410715,72.84072739078997
Albert Road Or Tanaji Malusare Chowk (Byculla) #2,18.984595075785535,72.84235717528533
Yashodham,19.08809776636352,72.83277844627271
Samrat Ashok Nagar,19.055446459595718,72.91045018391365
Bharatmata Cinema (Parel) #6,18.99511288762607,72.83765764169884
Adhya Shankaracharya Udyan #2,19.008162045782058,72.81597580183507
Telecom Factory (Anushakti Nagar) #3,19.044828037022096,72.91774641687346
Khadi Bhandar (Fort) #2,18.936432222275002,72.83392654815624
Dongri Or Umarkhadi,18.960956,72.836768
Madhav Nagar (Wadala) #3,19.01194803139372,72.8543503411045
Vitthal Mandir Or Wadala Market #2,19.016376362165637,72.85239229447747
Bhakti Park Or Valencia Building #2,19.02588797260442,72.87873640876846
Dr Ambedkar Colony Or 18th Road Khar (Santacruz West) #2,19.073990365345683,72.82912469386577
Panjab Dairy (Mira Bhayandar) #2,19.278908635796803,72.88989710546453
Com P K Kurne Chowk (Worli) #4,19.006245333967133,72.82038105447485
Reserve Bank Colony (Andheri East) #1,19.110891651670546,72.86207441645955
Brimco (Kandivali West) #2,19.20750871729683,72.82294911962602
Gorai Pumping Station (Borivali West) #2,19.22410353216381,72.83600591563273
Mulund West Check Naka Bus Station #4,19.18342382399546,72.9539608548745
Asudgaon #2,19.014463998226873,73.10718362832587
Father Agnel Ashram (Bandra West) #2,19.044665404395108,72.81903931836796
Dana Bazar (Navi Mumbai) #1,19.083699390166842,73.00863188562538
Bunder Pakhadi Village (Kandivali West) #2,19.21306723917418,72.83119422759536
Deonar Police Station (Govandi East) #2,19.058748260924318,72.91750860644008
Kailash Industrial Estate (Vikhroli West) #2,19.112228305406912,72.91770148404409
Maharana Pratap Chowk (Mazgaon) #6,18.968408149699137,72.84039022733545
Daily Bazaar Corner Sector 13 Kharghar (Navi Mumbai) #2,19.047187996906565,73.07200479208642
Kulkarni Wadi (Asalpha) #2,19.098515631629944,72.89776485429049
Usha Nagar (Bhandup West) #2,19.15213751725321,72.94163329476594
Mithagar (Mulund East) #4,19.16334957646302,72.95483411102772
Arya Samaj Mandir (Santacruz West) #1,19.079458723750985,72.83447639355992
Dahisar Bridge Link Road (Dahisar West) #3,19.258387949542968,72.85375064141036
Four Bungalow (Andheri West) #5,19.130998165541314,72.82563600414342
Rajshiv Building (Dahisar East) #2,19.24434429468244,72.86720124013294
Mahapalika Pumping Centre Malvani (Malad West) #2,19.183532549330266,72.82443934034468
D Mart Shopping Centre (Malad West) #2,19.18666315699601,72.83567006717064
Kamraj Nagar (Kandivali West) #5,19.20861708474357,72.8349359855733
Dnyan Sarita Thane #1,19.202424299248243,72.94946967119694
Mahatma Phule Bhavan Vidya Nagari (Santacruz East) #1,19.069228929957127,72.85684341104508
Krishna Nagar (Saki Naka) #2,19.09911618779487,72.88783720705176
Jain Mandir (Goregaon West) #2,19.160287923841057,72.84857093655165
AH Ansari Chowk (Madanpura) #4,18.970746634130993,72.83156700582836
Ganesh Mandir Or Kastur Park (Borivali West) #2,19.223666819484077,72.8486704398985
Andheri Bus Station West Or Kumkum,19.11714344217123,72.84599956832207
Devi Pada (Borivali) #2,19.224620063730516,72.86451011796284
Versova Bridge (Mira Bhayandar) #1,19.284984993734103,72.90477035045338
Reti Bunder Kharigaon Kalwa (Thane) #2,19.21056418990337,73.01572718344973
Mahatma Gandhi Hospital (Parel) #3,18.99782990026953,72.84062527670382
Prabodhankar Thakare Udyan Bus Depot Sewree (Parel),18.997904226388965,72.85253173235655
Mhada Colony Or Four Bungalow (Andheri West) #1,19.138175012187787,72.82233282274241
Parel ST Depot Or Sant Rohidas Chowk #7,19.010531919054518,72.83146455600718
Govandi Station Road West (Govandi East) #4,19.056127657006762,72.91495348297515
Teen Batti (Malabar Hill) #2,18.947580216632876,72.79687923965548
Amar Brass And Steel Company (Santacruz East) #2,19.07221910691739,72.86572104968545
Ramgarh Or Anita Nagar (Kandivali East) #2,19.197473915793008,72.8787299708581
Shanti Nagar (Sangam Nagar) #2,19.020852619967215,72.87510877823306
Kurla Bus Station East #2,19.064519155666336,72.88028450095223
Kamani (Kurla West) #6,19.084663673927107,72.88544837330483
Bhayander Phatak (Mira Bhayandar) #2,19.2955123625143,72.85788989759745
Dr Babasaheb Ambedkar Nagar,19.051170747083802,72.88769022759531
I B P Company (Sewri) #2,19.004599657348116,72.85562130307578
Samata Nagar Kandivali (Kandivali East) #1,19.20586432867807,72.86927632387174
Liberty Garden,19.187636779614795,72.8427255128975
Maitreyi Society (Goregaon) #2,19.174206001179353,72.88122095920133
Mahatma Gandhi Vidyalaya (Jogeshwari West) #2,19.143249408068844,72.83678050645369
Dongri Pada (Thane) #2,19.250865673740787,72.97318883126546
Corporation Bank Dahisar (Dahisar East) #2,19.25980552767877,72.86302492117261
Prabodhankar Thackeray Chowk (Dadar West) #3,19.01973813897101,72.83740565612553
Sarvodaya Hospital (Ghatkopar West) #5,19.092347,72.90853
Veera Desai Road (Andheri West) #2,19.134747316752215,72.83767706994058
Sasoon Dock Colaba Fire Station #3,18.91600867386833,72.82627692861699
Khar S V Road (Khar West) #3,19.071365024836506,72.83705388372087
Adarsh Nagar (Malad East) #2,19.18745762071803,72.86299322482537
Guru Nanak Nagar (Vidyavihar) #2,19.085367562619854,72.89325172023773
Lokshahir Annabhau Sathe Udyan Or Suman Nagar (Kurla) #4,19.053551767189145,72.88396332944774
Satpuda Society (Goregaon) #2,19.170047754554318,72.88147308436727
Simplex Mill (Jacob Circle) #1,18.9799478159913,72.83109266195395
Gurudwara Chowk (Andheri East) #2,19.125631316855554,72.86282211350918
Shree Swami Samarth Nagar (Andheri West) #1,19.13920532563626,72.82559346044206
Hutatma Chowk Or Mumbai Vidhyapeeth,18.93117211832476,72.83137112902993
RNA Complex,19.06058360648745,72.85088667112923
Odeon Cinema (Ghatkopar East) #3,19.07899868038486,72.90887029113054
Godrej Company (Vikhroli) #2,19.10124753607533,72.92932434970285
Milan Subway (Vile Parle West) #1,19.090618910187548,72.84126557435935
Dukes Company Deonar (Chembur) #2,19.04656739007194,72.90961366694556
Shalimar Industries Limited (Dharavi) #2,19.03448310639653,72.85328996615407
Sariput Nagar (Jogeshwari East) #2,19.131986238958273,72.87482399942304
Datta Mandir Shimpoli,19.22352,72.84467500000001
Bandra Phatak (Bandra East) #1,19.057140358986473,72.84138061226844
Lic Office (Borivali West) #1,19.24229080017154,72.85227640463971
10th Road Chembur Church #2,19.056488887483802,72.90059190368747
Inorbit Mall (Goregaon West) #2,19.172521085360234,72.83625369386577
Nimborpada (Goregaon) #1,19.16420962644881,72.88239746598197
Siddharth Nagar (Kandivali East) #4,19.21541046526845,72.87105555485368
Mahim Railway Station West (Mahim East) #1,19.039290616894995,72.84701567286818
Mint Colony (Parel) #3,18.994247110455664,72.84494385516801
Mohite Patil Nagar (Govandi East) #1,19.053450161389158,72.93509823036527
Swami Narayan Mandir (Ghatkopar East) #2,19.07709077883715,72.90934238773154
Byculla Tel Exchange (Mazgaon) #2,18.971680709487803,72.83811375520801
Free Press Marg (Nariman Point) #2,18.92463960264327,72.82500783110484
Free Press Journal House (Nariman Point) #2,18.92307808940772,72.82378192339434
Khodadad Circle Or Bhave Chowk (Dadar) #2,19.01668975467002,72.84676700582838
Borivali Phatak East #2,19.233816456722053,72.85818227027332
Mahatma Phule Market (Fort) #7,18.948189876148334,72.83455097668649
Breach Candy Hospital (Cumballa Hill) #2,18.97076033974593,72.8047654196434
Dadasaheb Phalke Chitranagry (Goregaon) #2,19.163189541571015,72.88776566720531
Pawar Nagar Thane,19.228371862643154,72.96784769080735
Unit Number 7 Aarey Colony (Goregaon) #2,19.159303849817288,72.88215839355995
Pascal Wadi (Madh) #2,19.142667564977746,72.79780627843475
Hari Bhakti Dovel Company (Mira Bhayandar) #2,19.281873283015955,72.88989099694156
Agarkar Chowk (Andheri East) #6,19.119883250691284,72.84884584833695
Gaurav Residency (Mira Bhayandar) #1,19.27432373626836,72.86132594477463
Jaibhim Nagar (Goregaon) #4,19.13605767328998,72.89686847515725
Ghatkopar Railway Station West,19.08640294250783,72.90870121288013
Everest Cooperative Society (Kurla) #2,19.061146189901176,72.89064664723873
Riddhi Siddhi Society (Mulund East) #2,19.169468019299146,72.95497744018698
Kasarvadavali Naka (Thane) #2,19.269332265972793,72.96543027976229
Amboli Village (Andheri West) #2,19.128308502937326,72.84139192728948
Patidar Colony (Borivali) #2,19.24080987292816,72.86490129122662
JB Nagar (Andheri East) #4,19.11218187891941,72.86659828283621
Marol Maroshi Bus Station (Andheri East) #4,19.1176539204961,72.88019877497783
Amrutvan Society (Goregaon) #2,19.17206685623334,72.86474948579203
Goverdhan Nagar Borsapada (Kandivali West) #2,19.212273729781547,72.84694141104508
Bandra Talkies (Khar West),19.062306576982827,72.83560503220036
SCLR Flyover Junction (Kurla) #1,19.06798000686389,72.88822632700838
Hanuman Mandir D Silva School (Dadar West) #2,19.019865803663333,72.84073272300768
Dahisar Market (Dahisar West) #1,19.255879774346102,72.85809913682267
Mahila Sangh (Vile Parle) #1,19.106982250962105,72.85193485734894
Kannamwar Nagar Building No 124 (Vikhroli) #2,19.122387434862972,72.94028628282071
Moti Mahal (Bandra West) #4,19.059451226247614,72.83222
Chakala Market (Kalbadevi) #2,18.949322388974494,72.83474159478331
Phanaswadi (Charni Road East) #2,18.953263292222793,72.825820635582
Poisar Depot (Kandivali West) #3,19.21423838234858,72.85111337179283
Prarthana Samaj (Girgaon) #3,18.957954000000004,72.820564122396
Cosmos Heritage (Thane) #2,19.235974878205912,72.96983514570952
Royal Complex,19.27082241442684,72.87446804980934
Savita Chemicals,19.08581679227072,73.01719288037395
Nehru Nagar (Kurla) #3,19.062465677160624,72.88312696225975
Airoli Octroi Naka (Mulund East) #1,19.15384076543748,72.96252964521933
GD Somani School (Colaba) #2,18.91594921472638,72.81927925659863
P M G P Colony (Jogeshwari East) #4,19.134109544445728,72.86942288591385
Sumati Vidhya Kendra (Juhu) #2,19.113451358832293,72.82434594171617
Noorani Masjid Pathanwadi (Malad East) #2,19.179209933311117,72.8624914196434
Ashish Complex (Dahisar East) #2,19.261474159753526,72.86190712851285
Terminal 2 Airport Chalo Bus Pick Up P4,19.099438798235944,72.87373912330439
Vakola Police Station Or Roop Talkies (Santacruz East) #2,19.08041974618071,72.84547401173518
Govandi Station Road East,19.05283675289523,72.91421749551569
N C P A (Nariman Point) #3,18.926374862134416,72.82022437330485
Kohinoor Hospital (Kurla West) #2,19.076273625161818,72.88652234693289
Sahakar Nagar (Wadala) #2,19.012062919778845,72.8513350229125
Swami Dayanand Saraswati Chowk (Fort) #4,18.936344531205354,72.83754456214669
Vikhroli Police Station #2,19.121160841468665,72.93750862525272
Samaj Mandir Hall Or Pratiksha Nagar 1,19.040398940592198,72.86876820093485
Shanti Ashram (Borivali West) #4,19.241977949637963,72.84687229447746
Derasar Lane,19.082139675759393,72.90658493848422
Shitaladevi Temple (Mahim) #5,19.036586584700192,72.84225883097696
Malad Railway Station East (Malad East) #2,19.18838624816884,72.84985635304977
I E S High School Or J V L R (Andheri East) #1,19.128415817028316,72.88734189711869
Abhyudaya Bank (Borivali) #2,19.226278667867238,72.85757081399811
Saidham (Mulund West) #2,19.167696207572494,72.94474068220902
Vatsalabai Desai Chowk Or Sahkar Niwas Haji Ali (Tardeo) #2,18.977036,72.811553
Marine Lines Or Kalaniketan (Churchgate) #2,18.941449609551725,72.82631257146978
Kurla Depot (Kurla West) #5,19.07699219217439,72.87812727116395
Western Park (Mira Bhayandar) #2,19.27368084206468,72.89056346073053
Shital Garden (Mira Bhayandar) #2,19.28350573413674,72.86376219816495
Kamothe Junction (Navi Mumbai) #2,19.02378551390421,73.09844849232226
Charkop Naka (Kandivali West) #2,19.209233761256026,72.82258533527614
Pant Nagar Or Shivaji Technical School (Ghatkopar East) #2,19.084658934865303,72.91367014131488
Gol Mandir (Kumbharwada) #2,18.95805846193624,72.82885546932887
I E S High School Or J V L R (Andheri East) #2,19.12857768353829,72.88730769895375
Pathan Wadi Chalo Bus,19.181306919469584,72.85833485120865
Bank Of Maharashtra Kandivali (Kandivali West) #1,19.21270674915523,72.82847469357729
Somaiya College (Ghatkopar East) #2,19.074226161990474,72.90366616175223
Upper Deck,18.94133194748718,72.82368030547046
Maharashtra Nagar (Mankhurd) #3,19.051995860171573,72.93609863558198
Best Officer Quarters (Borivali West) #2,19.225007719848787,72.83426551814891
Mafatlal Park (Cumballa Hill) #1,18.973472,72.805763
K E M Hospital (Parel) #1,19.001482745554174,72.84070721870853
Bank of India Sector 35 Kharghar (Navi Mumbai) #2,19.07081439834549,73.07859820990794
Khar (Santacruz West) #3,19.07097111121603,72.83396520122339
Dr B R Ambedkar Nagar (Chedda Nagar) #2,19.063337982002096,72.90273841104508
Two Tanks (Kamathipura) #2,18.96187421957661,72.82858803497028
Building No 5 (Dahisar East) #2,19.24315054945499,72.87012254042486
Prem Nagar (Mira Bhayandar),19.279375345455012,72.86261457800916
Traffic Police HQ Worli #1,19.00940861400411,72.81660568526743
Standard Alkali Company (Navi Mumbai) #2,19.119407583372496,73.00637727116393
Saint Mary School (Dahisar East) #2,19.256810836691873,72.86712645622076
Borivali Station East #12,19.228358725702247,72.85757694446828
Grovel Company (Kandivali East) #2,19.201534158093935,72.86043755398462
Swami Vivekanand Vidyalaya (Borivali West) #2,19.225962436266204,72.83124605522538
Jeevan Nagar (Andheri West) #4,19.131970235745115,72.83300576970639
Ankur Palace (Borivali West) #1,19.222701628155804,72.84955488926077
Gokulanand Hotel (Borivali) #4,19.24488541729814,72.86476101748515
Mhadeshwar Mandir (Andheri West) #2,19.136783827619556,72.82352385706042
Kisan Nagar Junction (Thane) #2,19.193423882057402,72.95386181932022
Sanpada Telphone Exchange Or Sant Nirankari Bhavan (Navi Mumbai) #2,19.05901361045455,73.01392216071321
RCF Gate No 2,19.03384353458621,72.88959230919266
Garodia Palace (Ghatkopar East) #1,19.07449101323498,72.90642337024642
Dr Datta Samant Chowk Or Saki Naka (Andheri East) #1,19.10529638542476,72.88587707555372
Sukhmani Housing Society (MHADA Colony) #2,19.11322276336961,72.82984827116393
Bharat Nagar (Andheri West) #2,19.125441024856613,72.82255804051017
Anand Nagar Kopri (Thane) #2,19.179017550014883,72.96717834387447
Brahmand Phase 3 (Thane) #2,19.241265049926223,72.9815946133194
Vinay High School (Chembur) #2,19.0308362838507,72.90037284234523
Edenwood (Thane) #1,19.227812810088142,72.96986407853889
Jarimari (Saki Naka) #2,19.093162095079517,72.88294797201205
Sakhar Bhavan,18.926985119838026,72.82111073189449
Fairmont #2,19.114779077539414,72.9133821483224
New Air India Quarters (Vile Parle) #2,19.08075999517436,72.8723425745282
NMMC Head Office Belapur (Navi Mumbai) #2,19.00913978050623,73.02785174478018
Dr Shyamaprasad Mukherji Chowk (Fort) #4,18.926238679697708,72.8316269852848
Ghatkopar Post Office Or Sarvodaya Hospital (Ghatkopar West) #2,19.087441385202705,72.90589357729814
Chirag Nagar (Vidyavihar) #2,19.08655447203763,72.89720630728816
Nalanda Or Peddar Road,18.967189561614415,72.80796165583708
Padmaja Society,19.204640840797712,72.82601004079866
Monginis Cake Company (Andheri West) #1,19.138491307830154,72.8318830491085
Maharashtra Nagar (Mankhurd) #4,19.05168359783834,72.93769760367012
Jama Masjid (Mira Bhayandar) #1,19.284698852878382,72.85756580233762
Lokmanya Tilak Nagar (Asalpha) #1,19.10188074519523,72.8902801317094
BEST Nagar Or Oshiwara BEST Colony (Goregaon West) #2,19.153764419327462,72.83893964141035
Shethiya Nagar (Saki Naka) #2,19.09795629014155,72.88795723590518
Fire Brigade Centre Or Kharodi Colony (Malad) #5,19.195246752951277,72.82213270990847
Laxmanrao Yadav Market Or Kurla Market #2,19.070345732497824,72.87931776380633
Raj Kumar (Andheri West) #2,19.126571595643885,72.8387078490391
Parel Railway Workshop #2,19.000015004849796,72.83769925959781
Khodadad Circle (Dadar) #2,19.01925551242828,72.84905611845467
Adarsh Nagar (Worli) #2,19.016436218849382,72.82205730890419
Mira Road Sector 8 (Mira Bhayandar) #2,19.277255803825827,72.86539816538763
Ramwadi (Jogeshwari East) #1,19.140326239900702,72.85844201165676
Swami Dayanand Saraswati Chowk (Fort) #5,18.934308380068476,72.83818727921401
Prabodhankar Thakre Nagar Market (Kandivali West) #4,19.215359392954614,72.8291648261876
HMW English High School #1,19.14919518292823,72.8398312691281
Ganesh Pada (Andheri East) #2,19.120842,72.885454
Salasar Hanuman Mandir,19.192578182593078,72.83071145184374
Triveni Nagar (Malad East) #1,19.181918283217712,72.86400444018699
Wamanrao Muranjan School (Mulund East) #2,19.174021151130045,72.9675580147152
Shitaladevi Temple (Mahim) #6,19.036753295077293,72.84236947209882
HMW English High School #2,19.149320900676905,72.83976301683327
Highway Apartments (Sion) #2,19.048540843702078,72.86852054436204
Bandra Bus Station West (Bandra West) #2,19.054570105070734,72.83895195250219
Juhu Nagar Vashi (Navi Mumbai) #2,19.084702383113473,73.00188339078998
Vishnu Nagar (Trombay) #2,19.022734607702855,72.90269843770548
Dr Ambedkar Chowk (Goregaon) #2,19.173556548318068,72.85671034722135
Bandra Phatak (Bandra East) #2,19.057221676025843,72.84125353955797
National Association For The Blind (Worli) #2,19.011021574019757,72.81621550429918
Matruchaya Guruprasad Society (Vile Parle) #2,19.103464564629586,72.84977152790115
Shahajiraje Sports Complex (Andheri West) #4,19.12704,72.836559
Gaimukh (Thane West) #2,19.28530803158701,72.93637298499632
Cafe Paradise (Nagpada) #2,18.96177982917454,72.83072710796925
E S I S Hospital (Kandivali East) #2,19.20184793663132,72.85646042853021
Khar Telephone Exchange (Khar West) #3,19.068718753179983,72.83350220399332
Rushi Complex Extension Dahisar West #2,19.257229,72.851349
Vikhroli Depot (Vikhroli West) #5,19.10199990088991,72.91957731779098
Income Tax Office (Marine Lines) #2,18.940028219867216,72.82678024785045
V J T I College (Matunga East) #4,19.02124013529697,72.85698019639385
Mint Colony (Parel) #4,18.99431906620549,72.84442057118132
Ashok Hospital (Malad East) #2,19.18090126702789,72.85309854232787
Wadavli Village Or Borla Society (Chembur) #2,19.045927735909707,72.90100100640532
Yari Road (Andheri West) #2,19.13957648378362,72.80940431629769
S K Patil Garden (Marine Lines) #1,18.94896778108569,72.82157622147845
Rameshwar Mandir (Dahisar East) #2,19.244323370603148,72.87007899351097
Daily Pass,18.94173,72.834588
Vikhroli Station Road East #6,19.108478,72.932408
Kandivali Village (Kandivali West) #1,19.20572186219619,72.84206736470651
Hindustan Unilever Ltd (Andheri East) #2,19.11217129294034,72.85750080954831
CA Institute BKC (Bandra East),19.06160308462189,72.86870363054882
Sukh Sagar (Gamdevi) #4,18.956191985138105,72.81352900582837
Pushpa Park (Malad East) #4,19.187829482170418,72.85850085706043
Khar Station Road West (Khar West) #1,19.07010807492466,72.83729578434992
C Cross Road (Andheri East) #4,19.122811473137105,72.87198817551135
Filmistan (Goregaon West) #3,19.162869383400434,72.84604458694699
Neelkanth Woods #2,19.241365022575224,72.96959164921184
Golden Chemicals (Mira Bhayandar) #2,19.262137342341585,72.87371869854023
Rajendra Nagar (Borivali) #5,19.222511247854232,72.85776204553544
Dargah Vikhroli (Ghatkopar West) #2,19.097499773644028,72.91599330613421
Prabodhankar Thakre Nagar Bus Station (Kandivali West) #2,19.219963519762018,72.82879783651686
Majiwada (Thane) #4,19.213926002536038,72.97715193025708
Kidwai Nagar (Wadala) #2,19.00945915991218,72.85402917790982
Sheetal Nagar MTNL (Mira Bhayandar) #2,19.28353925256671,72.8659900538902
Chembur Naka Or Swami Vivekanand Chowk #5,19.0541656237416,72.89328511656763
Kandarpada Bus Station (Dahisar West) #3,19.262486351565112,72.85139922819634
Kautilya Bhavan Or Videsh Bhavan (Bandra East) #2,19.06258000000001,72.86792374632118
Ghatkopar Bus Station (Mankur) #2,19.08791114982862,72.91828961255693
Powai Vihar Complex #1,19.119178544289646,72.90382727976228
Divine Child High School (Andheri East) #2,19.113195063827632,72.86422433921345
Chhatrapati Shivaji Maharaj Chowk (Vile Parle) #4,19.111912318636158,72.8491680999479
Mahila Sangh (Vile Parle) #2,19.10729428922418,72.85195335276126
Gulabrao Ganacharya Chowk (Jacob Circle) #2,18.98606403855636,72.83122032637334
Babasaheb Worlikar Chowk (Prabhadevi) #5,19.012717863679235,72.82588811484894
Jambhulpada Shiv Sena Office (Saki Naka) #2,19.0934,72.9
Bhakti Park Gate (Chembur) #4,19.032951328594837,72.87948396197129
Triveni Nagar (Malad East) #2,19.181959933415232,72.86397527116395
Subhash Nagar Thane #2,19.21634515973625,72.9741162859097
Kandivali Railway Station West #3,19.205393318917032,72.85033479480403
Madina Manzil (Goregaon West) #3,19.17391003435156,72.84725822453689
Upto 3 hrs,19.01379366364645,72.85203125760272
Atria Society (Thane) #2,19.24551224426314,72.98224271440935
Sewree Stores (Sewri) #2,18.987573806029577,72.85682143158866
Highland Garden (Andheri West) #2,19.14616154379823,72.82883901748514
Nerul Naka Or LP (Navi Mumbai) #2,19.046561792594368,73.02523679629515
Gorai Bridge (Borivali West) #3,19.226575423786745,72.82753544630381
Kokan Nagar (Bhandup West) #2,19.146019721815765,72.92868091840269
M M R D A Colony Mahul (Trombay) #2,19.017235505365388,72.89027156841134
Bank Of Baroda (Jogeshwari East) #2,19.136761180801237,72.8534607171793
Mulund Bmc Garden (Mulund West) #1,19.175827168354562,72.94922008465575
Kashi Mira (Mira Bhayandar) #4,19.271538727708645,72.88223930424202
Vijay Vallabh Chowk (Bhuleshwar) #4,18.95492848364522,72.83215385371352
Post And Telegraphs (Mulund West) #5,19.17125224976806,72.94350864723873
Highland Park (Mulund West) #2,19.169916568581773,72.93235223313523
Indian Oil Nagar (Andheri West) #4,19.128480316764243,72.82911851595591
Shivaji Nagar (Dahisar West) #1,19.245907825769294,72.85404531779098
RTO,19.132588280015078,72.83038491257427
Mahim Railway Station West (Mahim East) #2,19.039183535480692,72.8469103791332
Kandar Pada Or Dahisar Bridge (Dahisar West) #1,19.25467699480453,72.85449788343239
New Agripada (Santacruz East) #2,19.087349890477498,72.84398060644007
Antop Hill Police Station #4,19.031097476400515,72.86316614016962
Amrapali Society,19.181409,72.815164
Shree Narayan Guru High School (Chedda Nagar) #2,19.06097884580475,72.9090706006117
Mulund Railway Station West #2,19.173738730729017,72.95704513268036
Forest Street (Powai) #1,19.114814366419132,72.90863666472387
Adishakti Nagar Or Pipe Line (Mulund West) #2,19.185498398858694,72.94650042299035
Container Corporation Of India (Bhandup East) #2,19.15566940708996,72.95302855398465
Mahatma Phule Bhavan Vidya Nagari (Santacruz East) #2,19.06916523753015,72.85691817762137
Reay Road Railway Station (Byculla) #5,18.975732532489797,72.84424634023904
Malvani Block No 5 Or Police Station (Malad West) #1,19.191979950136467,72.8219310749035
Maheshwari Udyan (Matunga East) #8,19.02723368,72.85691708
Marine Lines Railway Station #2,18.945766971594782,72.82395987303495
E S I S Hospital Worli #2,19.00398010815502,72.81785930354974
Sai Baba Mandir Samata Nagar (Kandivali East) #2,19.205768388581074,72.87146270886947
Kendriya Vidyalaya (Marve) #2,19.18712579763015,72.79759114934492
Chhatrapati Shivaji Maharaj Terminus (Fort) #10,18.939748204476018,72.83838378824626
Forest Street (Powai) #2,19.11489578154078,72.90857665029716
Nana Nani Park (Andheri West) #1,19.12718188455792,72.819007854002
Guru Tegh Bahadur Nagar Station,19.037597035840108,72.86316396930026
Pandit Paluskar Chowk (Girgaon) #5,18.955914134064074,72.81717653870591
Godrej Foods Company Or Vegetable Oils (Wadala) #2,19.009570120890444,72.86150697085812
Madhur Colony (Malad West) #2,19.179253333326788,72.83924262975357
Ramabai Nagar (Ghatkopar East) #2,19.077642656433547,72.91563048987246
Tank Road,19.147185871254834,72.9363266898875
Lashyachandi Society (Goregaon) #2,19.17205995087792,72.87122090368747
Aarey Pump House (Goregaon) #2,19.15414436133995,72.87515383068846
Veej Bhavan,18.921798991490064,72.82660641687347
Goregaon Check Naka No 3 #2,19.137236980630938,72.89125886623572
R C F,19.033751045811943,72.88948538102754
Airoli Toll Naka (Mulund East) #2,19.153408072116783,72.96478808875084
Shangrila Company (Bhandup West) #2,19.154247032274583,72.93756831502105
Kamgar Nagar (Kurla) #1,19.05942216896432,72.88540639355995
BKC Metro B1 Exit,19.06155528032291,72.85366390582837
Sahyadri Nagar Bhandup (Bhandup West) #1,19.143185319585026,72.92812595643139
Borivali Phatak West (Borivali West) #2,19.234286721058425,72.85721819816493
Dharivli Village (Madh) #2,19.169695941963578,72.795910757401
Maharana Pratap Chowk Mulund Or R Mall (Mulund West) #2,19.183661,72.951925
S N D T College Juhu (Santacruz West) #1,19.085542242642713,72.82958698485602
Pratap Nagar Majas (Jogeshwari East) #2,19.14084689158486,72.85679426810552
Narmadeshwar Mandir (Anushakti Nagar) #1,19.040909201137584,72.9395703208494
Kherwadi Junction (Bandra East) #3,19.06046278173895,72.84671107271052
B P T Colony (Wadala) #1,19.01253491328182,72.86243407299902
Kingston Society (Powai) #1,19.11585201898059,72.91189672023773
Chinchwadi Garten Pada 1 (Dahisar East) #2,19.25420806005634,72.87021763919695
Citi Bank (Santacruz East) #2,19.068553685668775,72.8677795120319
Godrej Chowk (Malabar Hill) #3,18.96408653745297,72.808102125628
Gandhi Nagar Chetana College,19.059869464814483,72.84772464506565
Avdhut Nagar (Dahisar East) #1,19.256540750473345,72.85905652513122
Khodadad Circle Dadar Workshop #3,19.01643533015846,72.84988472825908
Mira Road Market (Mira Bhayandar) #1,19.27845099927149,72.85829620285213
Bhumi Complex,19.200620310600538,72.82147586594725
Gartan Pada (Dahisar East) #2,19.251770383737192,72.86796497362803
Mahatma Gandhi Complex Juhu Nagar #2,19.0846429379446,73.00185672119865
Kherani Baug (Asalpha) #3,19.103309966009174,72.89778704968549
Seawood Darave Railway Phatak (Navi Mumbai) #1,19.02339260253866,73.01494119291351
Parvat Nagar (Dahisar East) #2,19.243499791617115,72.8599858426337
More Mall (Borivali West) #2,19.21479461273559,72.83992129724741
Shantaram Talao (Malad East) #1,19.1858567184757,72.85959150152921
Indian Oil Nagar (Chedda Nagar) #1,19.063743015296406,72.91230217819835
Bhandup Police Station (Bhandup West) #4,19.15200177837284,72.93604683764204
Ashirwad Hospital (Dahisar East) #2,19.25698812784375,72.86491869969416
Suyash Shopping Centre (Goregaon) #3,19.176332916467434,72.87785194448612
Anand Nagar Police Chowky (Thane) #2,19.173624785229624,72.96823676103638
Vashi Sector 29 (Navi Mumbai) #2,19.089391365323173,73.00491052748993
Angan Wadi Manali Village (Mira Bhayandar) #1,19.269704062175414,72.88638180766344
Rabodi Police Station (Thane) #2,19.20601090586177,72.98214157614423
Lower Parel Workshop #2,19.002501573477332,72.83102648681401
Milind Nagar (Andheri East) #2,19.126284286909932,72.89049198995923
Ram Mandir (Borivali West) #2,19.23726054567468,72.85503103133489
Maker Tower (Cuffe Parade) #2,18.91632324653143,72.817521559813
R R Education Vidyalaya (Mulund East) #2,19.16761551911796,72.96658550152921
Evershine Nagar (Malad West) #4,19.19356120181145,72.8343408248601
Varsha Nagar (Vikhroli West) #2,19.107071126786288,72.91721630030582
Bhoomi Acres Thane #2,19.260839544375223,72.9788986295102
Marol Pipeline (Andheri East) #2,19.110707224654654,72.87205196878409
Makhamali Talav (Thane) #1,19.198444799558185,72.97173077546309
Dockyard Road Railway Station (Mazgaon) #4,18.967974087129267,72.84425768522256
Jay Maharashtra Nagar (Borivali) #2,19.221447808763628,72.8687278340354
Wadala Station West #2,19.0179434,72.8598631
Municipal Colony Sector D (Goregaon) #2,19.173230482762417,72.87958193282938
Mohite Patil Nagar (Govandi East) #2,19.053086667699503,72.93579191667175
Vikhroli Station Road East #7,19.108549914168762,72.93185613549518
Tolani College (Andheri East) #1,19.12872533809823,72.86512222701836
Bank of Maharashtra (Andheri West) #2,19.140868550923674,72.82584753372674
Amar Nagar (Mulund) #2,19.167720569029,72.9318575073576
Amar Talkies (Chembur) #2,19.052437344894887,72.91080148681402
Datta Mandir Vakola,19.08302724921373,72.85325782791851
Mumbai Veterinary College (Parel) #2,18.99781421207723,72.84595353834021
Ram Ganesh Gadkari Chowk (Shivaji Park) #5,19.02389524553626,72.8411999184027
Nency Colony (Borivali) #3,19.238322488192097,72.86438502818075
Mary Immaculate School (Dahisar West) #2,19.24795919365416,72.85360424756192
Bimbisar Nagar (Goregaon) #1,19.14628653003668,72.85581512545444
Bank Of Maharashtra Kandivali (Kandivali West) #2,19.212956864853705,72.8283824926424
Panchavati Housing Society Or Geetanjali Building (Malad East) #2,19.177839532698403,72.85582300276997
Daulat Nagar (Borivali) #2,19.236476877476864,72.85915351318597
Marve Village (Malad West) #3,19.195197476736617,72.79955791678667
R C F Hostel (Chembur) #2,19.039227383129866,72.89346826533554
Suyash Shopping Centre (Goregaon) #4,19.17638200067748,72.87779863558195
Garodia Palace (Ghatkopar East) #2,19.074407360161157,72.90667482734156
Parel Village or Sant Gora Kumbhar Chowk #4,19.000795277221716,72.84573714351654
Ordnance Depot Reay Road E (Sewri) #2,18.98144096812092,72.85247636995793
Seawood Darave Railway Phatak (Navi Mumbai) #2,19.023387848060388,73.01518728559063
Kalyan Nagar (Andheri East) #1,19.114865680951983,72.88736072130038
Siemens Company #2,19.150974,73.00054
Sanjay Nagar (Jogeshwari East) #3,19.13691181977659,72.85572107155657
Lokmanya Tilak Nagar (Asalpha) #2,19.101440371467262,72.89050074340088
AH Ansari Chowk Salvation Army (Madanpura) #3,18.973023754073726,72.82774126106833
Talavali Naka Or Nocil Company (Navi Mumbai) #2,19.130702187688165,73.00340315488484
Dr Datta Samant Chowk Or Saki Naka (Andheri East) #2,19.10534358990964,72.8854824555524
Apna Bazar (Mira Bhayandar) #2,19.27529589384757,72.86795040702442
Gandhi Maidan (Worli) #1,19.00169979862003,72.81902785429047
Vashi Naka (Chembur) #4,19.033085666704498,72.89633116348313
Shanti Nagar (Andheri East) #2,19.12016808570284,72.86383976380633
Gokhale High School (Borivali West) #2,19.223621055702523,72.850869072999
Amrut Angan (Thane) #1,19.209047963853013,73.01317152397728
Deonar Depot (Chembur) #2,19.045728009184437,72.91207430613424
Narmadeshwar Mandir (Anushakti Nagar) #2,19.04120231270278,72.93863725367879
Milan Subway (Vile Parle West) #2,19.09053108030708,72.8418230589616
Bahar Cinema (Vile Parle) #1,19.108393693334193,72.8537879303479
Ins Hamla Main Gate,19.191698197573118,72.79851175434123
Chhatrapati Shivaji Maharaj Terminus (Fort) #11,18.93907685,72.83550477
Cadbury Junction Thane (Thane West) #1,19.20399888322382,72.96795255276119
Koparkhairane Sector 15 (Navi Mumbai) #2,19.10222585133098,73.00409327699234
Pandit Paluskar Chowk (Girgaon) #6,18.955033,72.816187
Crescenzo (Bandra East) #2,19.061651304686198,72.86783521593856
Adarsh Nagar (Goregaon) #2,19.149970565877954,72.88268500582838
Byculla Station East Or Gloria Church #2,18.975551124497287,72.83483050124075
M M R D A Colony Kokari Depot (Sion) #1,19.036640511128375,72.87073369308501
Acharya Udyan (Chembur) #2,19.051384,72.900468
Sasmira Marg Or Municipal Colony,19.011809686924398,72.82029068826793
Parsik Bank Nerul (Navi Mumbai) #2,19.04077775976719,73.02146937301637
Dr Shyamaprasad Mukherji Chowk Or Golden Gate (Colaba) #1,18.92564243817072,72.83046651258954
Dawn Mill (Lower Parel) #1,18.998197892259448,72.82802256869984
Retreat Hotel (Madh) #2,19.15380811147675,72.78922628310916
Golden Tobacco Company (Vile Parle West) #2,19.104390376477994,72.83937047599173
Arya Samaj Mandir (Santacruz West) #2,19.07902187205109,72.83435144018696
Maruti Mandir #2,19.219656904660358,72.96638075728949
National College (Khar West) #5,19.063264068483324,72.8373644343586
Jogeshwari Bus Station (Jogeshwari West) #1,19.133980269677977,72.84772389174225
Abhinav Nagar (Borivali) #1,19.231856169151882,72.86824557150429
Military Camp (Santacruz East) #2,19.081851570854273,72.85820849570084
Hotel Trident (Bandra East) #2,19.066376634707442,72.8684229237429
Nagari Nivara Sector 1 And 2 (Goregaon) #4,19.1721952747581,72.88127860528611
Imax Cinema (Bhakti Park) #3,19.0302,72.88008
Grant Road Station East (Kamathipura) #2,18.963447639178092,72.81711650591517
Amardham Or CKT Vidyalaya #2,18.9971004695404,73.11172984226845
Adarsh High School (Bhakti Park) #2,19.02431116082832,72.87665091811418
Shri Ganesh Cooperative Housing Society (Navi Mumbai) #2,19.02811355188021,73.01664664723872
Shree Swami Samarth Nagar Market (Andheri West) #2,19.144837442348347,72.82356111379768
Kama Estate Police Chowki #2,19.159197783062968,72.85469463558195
New Era Talkies (Malad West) #2,19.1825645976347,72.84693061780834
Hari Niwas (Thane) #2,19.19169623988792,72.96854147515728
Sahakar Bazar (Navi Mumbai) #2,19.150232084342452,72.99963470552255
Peru Baug (Goregaon West) #1,19.166187953104014,72.85231083097696
Ghansoli Village or Gharonda (Navi Mumbai) #2,19.12277871417125,72.99968984263371
Mount Poinsur Church (Borivali West) #1,19.244536548855837,72.85203835495426
V J T I College (Matunga East) #5,19.021917562447673,72.85677472300766
Rani Laxmibai Chowk (Sion) #10,19.044629565848762,72.86274338525011
Marshal Wadi (Madh) #2,19.180368133028246,72.79771856287145
Navjeevan Society (Chembur) #2,19.047529830808564,72.89346174632121
Kolsite Industrial Or Juchandra Society (Andheri West) #2,19.131756266791687,72.83540728977803
Canossa School (Andheri East) #2,19.12502576370968,72.8650446186738
Saibaba Mandir Amrut Nagar (Ghatkopar West) #2,19.098746989670147,72.90769272300768
Ghodapdeo (Sewri) #2,18.98189921414721,72.84299602594803
Belpada Village (Navi Mumbai) #4,19.027930017491112,73.06015092174958
Neelkamal Naka (Mira Bhayandar) #2,19.273328245678922,72.88537555398466
Kinnari Hall Or Kannamwar Nagar (Vikhroli) #2,19.111261446474682,72.93440244018696
Mahalakshmi Railway Station #2,18.982150665161253,72.82357402054359
Guru Tegh Bahadur Nagar Railway Station (Sion) #2,19.03750625176739,72.86344669415426
Al Hateem Society,19.15231132037607,72.82699022299032
Nerul Sector 2 (Navi Mumbai) #2,19.044218674388567,73.01765931807947
Vidyaben Gardi School Keshavpada (Mulund West) #1,19.17096179923146,72.94727605245541
Appapada (Malad East) #1,19.189668469223733,72.86664271135092
Jay Coach Or SRPF Camp (Goregaon) #2,19.142210961111836,72.85524619427675
Mazgaon Court #2,18.96882168309592,72.83799661838533
Dena Bank Kandivali (Kandivali West) #2,19.204421211841368,72.84859511743308
Prarthana Samaj Or Harkishandas Hospital (Girgaon) #2,18.958841092595986,72.8196728601189
N L Vidyalaya,19.192870158092934,72.84709651872586
Subhash Nagar (Bhandup West) #2,19.159290086988662,72.94392245824908
Vile Parle Station East Or Dinanath Natyagruh #1,19.098596855321436,72.84465999406068
Hare Ram Hare Krishna (Juhu) #2,19.113017572519006,72.82610410491085
Nana Chowk (Tardeo) #3,18.961348487917093,72.8133879358878
ESIS Local Office (Andheri East) #2,19.11733432857626,72.88957569080735
Versova Bridge (Mira Bhayandar) #2,19.284800179263115,72.90380073189449
Omkareshwar Mandir (Borivali) #5,19.230465897921963,72.86317212822435
Asian Cable #2,19.219903915081638,72.96429955656265
Amarnath Patil Sports Complex Or Banganga (Chembur) #2,19.050811077178206,72.91432721288012
Pawar Nagar Bus Station Thane #2,19.228929181905922,72.9661314860291
Sir Aliyawar Jung Institute (Bandra West) #2,19.05224146849473,72.83419188926077
Shivaji Nagar (Sewri West) #2,19.00135428036177,72.85393252484272
Punjab Foundry (Mira Bhayandar) #1,19.27616244231451,72.88192188591384
Grant Road Bridge Or Grand Road Railway Station #2,18.961975804681913,72.8158301884414
Prabhadevi (near Reliance Digital) #2,19.013689456613466,72.8294411482818
Kala Nagar (Bandra East) #5,19.056521753529633,72.84668641104506
Gavdevi Mandir (Thane) #1,19.18463875527016,72.97243370883085
The City Cooperative Bank (Borivali East) #1,19.23384025793509,72.86553199956565
Parel Railway Station East #2,19.007091326456674,72.83667114934492
Adiyta Apartment Chikoowadi (Borivali West) #2,19.220132482469015,72.84067025673724
Comrade P K Kurne Chowk (Worli) #2,19.006272150108025,72.82191437330484
Mahananda Dairy (Goregaon),19.150200161704902,72.85663266633988
S N D T College Juhu (Santacruz West) #2,19.085377799235552,72.83067026202191
Sector 7 (Mira Bhayandar) #2,19.27812264438047,72.86382784263373
B P T Colony (Wadala) #2,19.012583366028334,72.86233962975359
Uran Phata (Navi Mumbai) #2,19.03338302605124,73.02992875797797
Malati Cottage (Madh) #1,19.16343667275551,72.78985041323803
Kherwadi (Bandra East) #2,19.06076635886104,72.84735355398466
Bharat Society (Goregaon) #2,19.171023112082434,72.86464047679088
Keva Fragnans Or Kelkar Company (Mulund West) #1,19.18448096644769,72.94832943435858
Jawahar Nagar (Goregaon West) #2,19.15983997423226,72.84588855398464
Radha Silk Mill (Andheri East) #1,19.126114031087084,72.8555284285302
I N S Ashwini Hospital (Colaba) #2,18.901353152464036,72.81460710228927
Navjeevan Society (Kamathipura) #1,18.96625823122712,72.81851649182829
Dhanmill Naka,19.008293163450848,72.8307621895666
Unit No 6 Or Aarey Market (Goregaon) #2,19.15804166584988,72.8743882039933
Buddhavihar Or Malvani (Malad West) #2,19.195298004364812,72.82613980080649
Siddharth Nagar (Goregaon West) #2,19.159070140988305,72.8431631101053
Shankar Mandir (Chembur) #1,19.02892799514134,72.89728590091752
Mahavir Dham (Borivali West) #2,19.218347831309025,72.84251949875927
Special Care Centre (Bandra East) #1,19.063719647070602,72.86245379017831
New India Quarters (Andheri West) #3,19.116156957636502,72.83798406440067
Magathane Telecom Exchange (Kandivali East) #2,19.216116337753583,72.86742218956661
Wadala Monorail Station Marg (Sion) #2,19.036599781419905,72.87335977575161
Sewree Naka (Parel) #3,18.998757487133968,72.84994769634727
Vatsalabai Desai Chowk (Mahalakshmi) #6,18.979865194396485,72.81275615401934
Jio Convention Center Or Diamond Market,19.06600235882591,72.8664922886491
Agra Road Naka (Mulund West) #2,19.17807250211096,72.94348992671252
Ambedkar Nagar,19.16005775055467,72.93065335276125
Laxmi Tower BKC (Bandra East) #2,19.06358506782491,72.86393768714773
Pant Nagar (Ghatkopar East) #2,19.083626952418776,72.91385064723873
Saikrupa Nagar (Malad West) #2,19.19621563094173,72.80632007911588
Gammon House,19.014783671632994,72.82645312822437
Shoppers Stop (Andheri West) #4,19.11619988058579,72.84255386785172
Yashkripa Building (Borivali West) #2,19.22132534452711,72.84202930584573
Wadarpada (Mulund West) #2,19.16772623658732,72.95123590645743
Hanuman Tekdi (Borivali East) #2,19.24037187160473,72.86982858949062
Kokan Nagar Jogeshwari East #1,19.134387751293705,72.86479260644005
Vastu Anand (Thane) #2,19.206701263461678,73.00979107605741
Municipal Garden (Vikhroli West) #2,19.109992999999992,72.917801
Gokuldham Market (Malad East) #2,19.175513566564835,72.86974764141038
Shanti Nagar (Kandivali West) #2,19.20647305956306,72.83491355952452
Ramashram (Powai) #2,19.12020075657097,72.90052225442935
Kherani Baug (Asalpha) #4,19.103239,72.897836
Mahavir Nagar Extension (Borivali West) #2,19.215635895017343,72.83887715475335
Industrial Estate (Malad West),19.185873661450614,72.84179870347677
Chhatrapati Shivaji Maharaj International Airport (Vile Parle) #2,19.10111987238492,72.8744315070691
Turbhe Police Station (Navi Mumbai) #3,19.062980082542136,73.01894631559801
Kherwadi Police Station (Bandra East) #2,19.065455394028948,72.84984744076395
Sir A Jung Marg Rani Sati Marg (Malad East) #2,19.181537,72.857483
Barve Nagar (Ghatkopar West) #2,19.097963753249182,72.90191479046679
Nathu Joma Patil Chowk (Navi Mumbai) #2,19.060616022024416,73.01405654509783
Ramkrishna Mission (Santacruz West) #2,19.07448706145598,72.83421629753589
Maharashtra Vajan Kata (Dharavi) #1,19.053841373805053,72.86801953926947
Shanti Nagar Kalina (Santacruz East) #2,19.07419559974989,72.84970361780836
Nahur Village Mehul Cinema (Mulund West) #1,19.165870915763787,72.94921426227712
Saibaba Mandir Worli #2,19.00634662781001,72.81534379017829
Trombay (Trombay Koliwada) #1,19.03397494653605,72.94985652484273
Shanti Baug (Chembur) #2,19.057201901404056,72.89522999417164
Shanti Nagar (Santacruz East) #2,19.079114520613565,72.87558944047547
Priyadarshini Park,18.956284068839448,72.7993765515032
Trombay (Trombay Koliwada) #2,19.03396033010577,72.94996921866601
Dadar Station East Or Swami Narayan Chowk #2,19.017458136550665,72.84416327393389
Save Nagar Or Gaondevi Mandir (Dahisar East) #2,19.255184,72.860986
Sheetal Cinema (Kurla West) #2,19.08197930101768,72.88176214876793
Play House (Kamathipura) #3,18.96178836699091,72.82238188926078
Parsi Wada (Vile Parle) #2,19.10882676014469,72.85595182428314
Two Tanks (Kamathipura) #3,18.96170529096022,72.8282513411045
Chakala Cigarette Company (Andheri East) #2,19.106684030267914,72.85948795060301
Rushi Complex (Dahisar West) #2,19.251455649735465,72.8513151165676
Teen Taki (Navi Mumbai) #1,19.10498058404638,73.00306895337297
Mith Chowki Or Kavivarya V R Kant Chowk (Malad West) #3,19.1966884168339,72.83385527976226
Hiranandani Gate Thane West #1,19.249866895491127,72.97955131138562
Sundar Baug Kamani (Saki Naka) #2,19.08676859740646,72.8872590638237
Lalji Pada (Kandivali West) #2,19.20251020004697,72.83413557085427
Neighbour Hood Society,19.1955649678558,72.87803339355993
Nirmal Life Style Or Hoechst Company (Mulund West) #2,19.16587295007741,72.93813474355125
Municipal Hospital (Mulund East) #1,19.17193948433933,72.96009233221771
Kelkar College (Mulund East) #2,19.162918999999995,72.95662026533559
St Mary School (Santacruz East) #2,19.078258595928485,72.86843767638065
Khalsa College,19.024746193625415,72.85720111045073
Nav Society (Vile Parle) #1,19.10222426078794,72.85319018277674
Belapur Railway Station (Navi Mumbai) #2,19.02121204483659,73.04020737607479
Jijamata Udyan (Byculla) #3,18.98110392502335,72.83431255675457
Jagatdeo Narayan Verma Chowk or Kapol Niwas (Matunga East) #2,19.023523455409006,72.85198793005944
Reserve Bank of India (Bandra East) #2,19.057698168764944,72.85323538190318
Bharani Naka Antop Hill (Sangam Nagar) #2,19.025624424399055,72.87101261809681
V J T I College (Matunga East) #6,19.02380967009596,72.85464745120811
Orkay Mill (Andheri East) #2,19.12136236879217,72.87049970581101
Rajendra Nagar (Borivali) #6,19.22255906341445,72.85775345924772
Thakkar Bappa Colony (Kurla) #3,19.058831147651112,72.88707875474549
Marathon Chowk Or Teen Hath Naka,19.189381424960626,72.96324374632118
Jogeshwari Bus Station (Jogeshwari West) #2,19.13392467281277,72.84814515256987
Prabodhankar Thakre Nagar Bus Station (Kandivali West) #3,19.220372234896654,72.8288146003232
Municipal Office OR Bhabha Hospital (Bandra West) #2,19.057230732397546,72.83395910796929
Railway Crossing (Princess Dock) #2,18.959140440409257,72.8461332331352
Annabhau Sathe Chowk Thane,19.200758480404396,72.94915666472387
Reserve Bank Colony Or Pathan Wadi (Malad East) #2,19.17704518758587,72.85868214790248
Girishikhar,19.2339594968436,72.87054398251487
Technimont I C B House (Malad West),19.181168244025148,72.83340412756102
Prabhu Hotel Or Kurar Village Marg Junction (Malad East) #2,19.179121116617747,72.86446349541234
Ashok Van (Dahisar East) #2,19.242412725588434,72.86668912474093
Vijay Nagar (Andheri East) #2,19.12019656493266,72.87970519175957
S U Pump Mulund West #2,19.184513552759284,72.94314694229318
B A R C Gate Number 6 (Mankhurd) #1,19.042191956685542,72.9335689014945
Marol Village (Andheri East) #3,19.112112446518708,72.87896393311786
Worli Depot,19.013546144448338,72.82002625367883
Balkum Naka (Thane) #2,19.22161146551088,72.98989925308146
Atmaram Nagar Srushthi (Mira Bhayandar) #1,19.26454404371954,72.87096078711987
Maratha Colony (Santacruz East) #3,19.07345853495681,72.84657728864909
Punjab Foundry (Mira Bhayandar) #2,19.276008,72.88171468526744
Sisters Bungalow (Bandra West) #2,19.04870946466486,72.82116027699232
Vaishali Nagar (Dahisar East) #2,19.25094475820807,72.87338368045215
Hindustan Steel Company Or Chaudhary Charan Singh Chowk (Kandivali West) #1,19.206971038441733,72.82906525148583
Kandarpada Bus Station (Dahisar West) #4,19.262573707311958,72.85134491346379
Gandhi Nagar (Bhandup West) #6,19.126441404730347,72.92517199095177
Jogeshwari Bus Station (Jogeshwari West) #3,19.134029366492808,72.84759648681404
Malvani Block No 5 Or Police Station (Malad West) #2,19.19128650207699,72.8216926935773
Parijat (Bandra West) #1,19.051038799528413,72.83013600611687
Airoli Sector No 5 (Navi Mumbai) #2,19.14811667968054,72.99871321288012
Deonar Municipal Colony (Govandi East) #4,19.054330400333843,72.92349429591991
Kamgar Nagar (Kurla) #2,19.05962297001538,72.88539086011886
Pioneer High School (Matunga East) #2,19.031445919848895,72.85445217790985
Dahisar Check Naka (Dahisar East) #3,19.258625151411458,72.8717949214611
Krishna Baug Or Fine Arts Society (Chembur) #3,19.060026606361873,72.89670719539498
Bhayandar Railway Station West (Mira Bhayandar) #2,19.311916514817508,72.85173615712901
Sambhaji Nagar Kandivali (Kandivali East) #2,19.200403221257353,72.86192328864908
Traffic Police HQ Worli #2,19.009348385536565,72.81664591840266
Asmita Jyoti (Malad West) #5,19.196260538952863,72.82698189480067
Panchavati (Navi Mumbai) #2,19.116594969314647,73.00273565306709
Mukesh Chowk Umar Park Or Tata Garden (Cumballa Hill) #2,18.965680778037637,72.80376011904907
Sardar Nagar Number 4 (Sion) #2,19.03570362,72.86743756
President Hotel (Cuffe Parade) #2,18.914812188034254,72.82201276934623
Lala Lajpatrai College (Mahalakshmi) #2,18.98204780452794,72.81435290674591
Airoli Bus Station,19.156676881443524,72.99829726504706
Transport Corporation (Mira Bhayandar) #2,19.26938132241076,72.8791720349703
Navrang Hotel (Navi Mumbai) #2,19.039509522176754,73.06725090120602
Erangal Village (Madh) #2,19.16169768127121,72.7864896153269
Juhu Hotel #3,19.10449385774374,72.82876606994057
ICICI Bank Malad,19.18731190530836,72.84153723619367
Khandeshwar Railway Station #2,19.005774157947958,73.10748815473255
Bhoiwada Or Mane Master Chowk (Wadala) #3,19.006266119063323,72.84665790764289
St Anthony Church (Asalpha) #2,19.10643386219265,72.89355470246412
Waghbil (Thane) #2,19.2526756610144,72.97230152761267
Dr Ambedkar Udyan Powai #5,19.125765652515273,72.89436102025509
Safed Pool (Saki Naka) #2,19.096592683174677,72.8835857901783
Reliable Plaza #2,19.168365164358637,72.99937718679665
Shree Dyaneshwar Vidya Mandir (Kandivali West) #1,19.21008448623618,72.83268290091753
Radha Maheshwari Chowk (Malad East) #2,19.183805503954613,72.85002594200466
Pinky Cinema,19.121985895109326,72.84778917790983
Bandra Station West or Padmashree Mohammed Rafi Chowk (Bandra West) #2,19.051479318313394,72.83829984176825
Deepak Cinema (Parel) #3,19.005927941817152,72.83087724508049
Petit Hall (Malabar Hill) #2,18.955050834100106,72.79857686040738
Babulnath (Malabar Hill) #2,18.95781129376729,72.80899029447745
L I C Colony (Pali Hill) #2,19.06609740256265,72.82986503774022
Muchhala College (Thane) #2,19.262939610185615,72.96859961140302
Hindustan Steel Company Or Chaudhary Charan Singh Chowk (Kandivali West) #2,19.207984831533267,72.82943137301636
Kendriya Vihar Sector 12 (Navi Mumbai) #2,19.037583820337986,73.06562814016964
Sarvodaya Hospital (Ghatkopar West) #6,19.089759106040606,72.90868515772237
Industrial Estate (Ghatkopar West) #1,19.099867276421428,72.9144011168561
Dahanukar Wadi (Kandivali West) #3,19.207489,72.83784
Ram Bhavan (Ghatkopar West) #2,19.091835016733953,72.90347498957394
General Arun Kumar Vaidya Marg Junction (Goregaon) #6,19.174110975958087,72.8583966413162
Dahisar Station East,19.249614184906545,72.86057253867385
Vesave Village (Andheri West) #2,19.138500665761292,72.80671149875926
Mansukh Dyeing Company (Kanjurmarg East) #2,19.129560289987054,72.93390721201465
Veer Shahid Major Kaustubh Rane Maidan #2,19.201900451174016,72.81756329476593
C K P Colony (Borivali West) #1,19.232142645915577,72.84679793311787
Dandpada (Khar West) #2,19.074871409957975,72.82642986814024
Passport Office (Worli) #2,19.011354166397382,72.82107973466444
Thakurdwar (Girgaon) #3,18.953279684430363,72.82116188920213
Bahar Cinema (Vile Parle) #2,19.108446179165053,72.85337815962751
Aarey Central Dairy (Goregaon) #1,19.154300920751304,72.8788875420394
St Xaviers Techinical Institute,19.0453041538309,72.8408415217843
Parsi Colony Juhu #2,19.10012741808393,72.82734704297108
Vaikunth Dham (Juhu) #2,19.1153020263724,72.82322696197127
Kandivali Station Road West (Kandivali West) #2,19.20588356738268,72.84997695920133
Shivshrushti (Kurla) #2,19.05537038084627,72.88275337330482
Ganesh Talkies (Parel) #2,18.989695235384993,72.83464626810552
NSE,19.059207086992895,72.86018377642274
Fire Brigade (Indira Docks) #2,18.947034584019665,72.84002773466446
Pratiksha Nagar Depot (Sion) #2,19.044805686339213,72.87474019816496
M S E B Transmission Company (National Park - Kanheri Caves Rd) #2,19.22424174421672,72.88115281349182
Kajupada (Mira Bhayandar) #2,19.279026405845467,72.92266246598194
Cocacola Company (Mira Bhayandar) #2,19.28061863974132,72.9267501098738
Mafatlal Park (Cumballa Hill) #2,18.97464978121334,72.80626543712854
K V Yadav Chowk,18.99905384360737,72.82806497945643
Kanda Batata Market (Navi Mumbai) #2,19.073920333636064,73.00548506688212
Shetty Vidyalaya (Powai) #2,19.115517732843667,72.9058912828207
Govind Nagar Junction (Borivali West) #1,19.232996517803745,72.85138361226848
Mulund Bmc Garden (Mulund West) #2,19.175827801701264,72.94883049379634
Sahar Police Station,19.102007603559375,72.87628223036528
Hanuman Road (Vile Parle) #2,19.105300435321322,72.8535759941716
Teen Taki (Navi Mumbai) #2,19.104971267237172,73.00325331196261
Nav Society (Vile Parle) #2,19.10058869759166,72.85306193808088
Balkum Pada Number 1 (Thane) #2,19.22180674348162,72.99109108465578
Jammu And Kashmir Bank Or Jangid Circle (Mira Bhayandar) #1,19.280223421595743,72.87082163252354
Mankhurd Octroi Naka (Vikhroli) #2,19.057542970976765,72.95482956287144
Nakhwa Chowk Sector 42 (Navi Mumbai) #2,19.016735074077108,73.01734783984641
Reliance Fresh Corner (Navi Mumbai) #2,19.046674949734495,73.07504597568864
Palm Beach Residency (Navi Mumbai) #1,19.043885738325866,73.00962959201335
Sagardeep Society Or Sushrusha Hospital,19.042450876036312,73.00976915459633
Tata Power Or Matunga Central Railway Station West (Matunga East) #1,19.031690589822595,72.84932133527613
Vivek Vidyalaya (Goregaon West) #2,19.15820732928363,72.84352417208149
Simplex Mill (Jacob Circle) #2,18.979810753683005,72.8312282886491
Kokni Pada (Dahisar East) #2,19.247454997129484,72.87042688015246
Choksi Hospital (Malad West) #2,19.191900864536613,72.84442116319464
Holy Cross School (Kurla West) #2,19.082431215242618,72.88585843158863
Shitaladevi Temple (Mahim) #7,19.0335973441395,72.84216577852153
Charkop Village (Kandivali West) #3,19.208908448643125,72.82100627116395
Kamgar Stadium (Dadar) #2,19.011208115219162,72.83543810768079
Teen Murti (Borivali) #2,19.223055366938297,72.87121589012622
Mira Road Station East (Mira Bhayandar) #2,19.28151972009857,72.85799831196262
Jankalyan Nagar Police Chowky #2,19.199441314039603,72.82034157481671
Gyan Sampada High School (Shivaji Nagar) #2,19.06058845884728,72.92060352551105
Rajiv Gandhi College (NMMT Bus Stop located near Rajiv Gandhi College of Management Studies),19.119651389530446,72.99813436333315
Poonam Chember Or Shivsagar Estate (Worli) #2,18.992118620509913,72.81401236337877
Kalyan Nagar (Andheri East) #2,19.11511832611089,72.88737744356935
Mahatma Phule Nagar (Goregaon) #2,19.138490583725204,72.89616056258296
Reay Road Bridge (Byculla) #2,18.97748629341323,72.84396527365168
Mhada Colony Shimpoli (Borivali West) #2,19.21981122534509,72.83540839010715
Maheshwari Udyan (Matunga East) #9,19.027440741657966,72.85545061226844
Khewra Circle #2,19.232668383177035,72.97004786270693
Juinagar Railway Station (Navi Mumbai) #2,19.05631826760946,73.0194677521496
Shell Colony Or Samaj Mandir Hall (Kurla) #1,19.062367445463316,72.8920942242484
Kurla S T Depot #1,19.05665279570031,72.88411730976964
Centaur Hotel,19.097760205793904,72.85362542270184
Ghatkopar Station East (Ghatkopar East) #3,19.084729681632197,72.9085810287299
Vakola Police Station or Hanuman Mandir (Santacruz East) #2,19.07908530079407,72.8471030019045
Maharashtra Nagar #2,19.22965075495421,72.97021279333609
Dr B R Ambedkar Udyan (Chembur) #2,19.058846342788645,72.90064974326276
Bhai Daya Nagar,19.310296554402534,72.85767425955795
Saint Xaviers High School Thane #2,19.24040606311017,72.97749362917664
S K Patil Garden (Marine Lines) #2,18.94913905279359,72.82158589508913
Maharashtra Vajan Kata (Dharavi) #2,19.054427536923658,72.86830810234899
Marol Village Or Lokbharthi,19.113405981153523,72.8800898484621
Acharya Vidya Niketan (Trombay) #2,19.02771745646225,72.88913433527611
Dumping Ground Or Nirankari Bhavan (Shivaji Nagar) #2,19.0673617962749,72.92566325425577
Cadbury Junction Thane (Thane West) #2,19.204099140156615,72.96860928949603
Rani Lakshmi Chowk (Sion) #2,19.044857634407272,72.86407375383988
M S E B Office (Mulund West) #2,19.164275184971988,72.94477714485971
Telecom Factory (Anushakti Nagar) #4,19.045120836889687,72.91844019816496
Marva Industrial Estate,19.11173065264532,72.8866022666075
Thana Naka Or Cuff Nagar #2,18.997462190166477,73.10881226944775
Mahatma Gandhi Hospital Or Panvel Naka (Navi Mumbai) #2,19.019207342241216,73.10518546697504
Shantaram Patil Chowk Vashi (Navi Mumbai) #2,19.072333881072815,73.00223419626046
Kannamwar Nagar Building no 188 Or Janata Market (Vikhroli) #2,19.121206993310118,72.93998619539501
Seepz Village (Andheri East) #5,19.129732352685068,72.87616386915386
Chincholi Bunder Road (Malad West) #3,19.179519,72.837119
Sai Garden (Kandivali East) #2,19.19913838726672,72.87300810825776
BEST Colony (Wadala) #2,19.00536400905555,72.84823578492689
Ajit Glass Factory (Jogeshwari West) #2,19.146391413667963,72.8428833849616
Malad Post Office,19.179463999999996,72.85023
Mahim Phatak (Dharavi) #2,19.04311466144858,72.84874093005945
Yashwantrao Chavan Pratishthan (Churchgate) #4,18.924555502557297,72.82686119816493
M M R D A Colony Kokari Depot (Sion) #2,19.036829889073598,72.87172889124953
Tipco Plaza Company (Malad East) #2,19.183514,72.855333
Shanti Ashram (Borivali West) #5,19.242943982562977,72.8459172278838
Mahim Bus Station #2,19.043085319180694,72.84183359784173
Standard Mill,19.012768551187406,72.82664831196259
Canara Bank Kharghar (Navi Mumbai) #1,19.035466033065756,73.06410583622838
Worli Sea Face N #4,19.015736135702802,72.81748625367878
Chhatrapati Shivaji Maharaj Terminus (Fort) #12,18.940777975821845,72.83328704051016
Best Power House Or Kussara (Byculla) #1,18.968841164987612,72.84521224868715
Jay Maharashtra Nagar Road No 2,19.219966810587177,72.86795215429048
Kachpada,19.18806115015164,72.83576736747646
Mahim Paradise #2,19.04048985239332,72.84116500582837
Sambhaji Nagar Kandivali (Kandivali East) #3,19.200859693345183,72.86358566472387
Hindustan Steel Company Or Chaudhary Charan Singh Chowk (Kandivali West) #3,19.207441208719395,72.82998022003603
Malad Station West Or Sainath Marg Chowky (Malad West) #2,19.189741801054815,72.8484717023492
Avdhut Nagar (Dahisar East) #2,19.25639800084308,72.85906289537763
Vasudeo B Phadke Chowk (Kalbadevi) #4,18.943043900864865,72.83011460644008
Khar Station Road West (Khar West) #2,19.070775097571804,72.83745638161469
Holy Family Hospital (Bandra West) #1,19.0547479581607,72.82760683957527
Geetanjali Society (Jogeshwari West) #2,19.131214384903014,72.8425624432454
Mahim Bus Station #3,19.043113736651353,72.84176454437282
Ravi Estate,19.218049002885536,72.95921572074158
R K Studio (Chembur) #2,19.047349495460306,72.90768573281115
Hill Road Garden Or Mehboob Studio (Bandra West) #1,19.05184482469002,72.82423508214558
Kopar Kharine Railway Station #2,19.10316922836709,73.01233485429047
Hiradevi Mandir (Madh) #2,19.157398947602445,72.7866382303653
Sion Koliwada #1,19.039914312356082,72.86468880212354
Malvani Depot Or Gaikwad Nagar (Malad West) #4,19.18376987147979,72.81912449399559
Gorai Bridge (Borivali West) #4,19.226488365452937,72.82756997974488
Samata Nagar Bonkode (Navi Mumbai) #2,19.094712514881756,73.00563479877664
Kopri Village (Thane) #2,19.17727169794307,72.96782527381033
Yogashram (Madh) #2,19.16773581336197,72.79061011962607
Vile Parle Station East Or Dinanath Natyagruh #2,19.09861428821404,72.84475295060302
Nana Nani Park (Andheri West) #2,19.126892359514297,72.81887843741703
Jagat Satguru Industries,19.17033430697636,72.85436199694156
Vikhroli Station Road East #8,19.1095,72.9313
Charkop Sector No 2 (Kandivali West) #2,19.21553474341354,72.82441002637196
Tolani Naka (Andheri East) #4,19.129523239720204,72.86560640215826
Dnyansadhana College Kopri (Thane) #3,19.184689577740844,72.96518156229446
Johar Chowk (Bhuleshwar) #4,18.958190997351007,72.8324287113509
Patli Pada (Thane) #2,19.245734129239956,72.97568534970284
Nawab Tank Marg (Mazgaon) #2,18.96553229255164,72.84491742576027
Pilot Bunder (Colaba) #1,18.90469958585957,72.8157477901783
Maheshwari Udyan (Matunga East) #10,19.028276385772468,72.85649311904906
Jarimari (Saki Naka) #3,19.094679712933228,72.88341333527613
Mhada Colony Bus Station Mulund East,19.168901156494698,72.96825015048013
Maharashtra State Co Operative Bank (Navi Mumbai) #2,19.06989601998076,73.00233908224199
Stanford Society Thane #2,19.25676684907506,72.97924230699967
Samata Nagar Kandivali (Kandivali East) #2,19.205752651889654,72.86930680398106
Kurla S T Depot #2,19.05839154952018,72.88276701165675
New Green Wood Gardan (Mira Bhayandar) #1,19.270068938982906,72.8894312334237
Vakola Masjid (Santacruz East) #1,19.08169265169397,72.85543969386579
Sion Koliwada #2,19.039828765433363,72.86476518067978
Kala Nagar (Bandra East) #6,19.053748866602984,72.84864597391653
Tractor Gate Number 3 Or Vasa Hospital (Kandivali East) #2,19.200657078884745,72.87148219262504
Vakola Masjid (Santacruz East) #2,19.081590422461918,72.85553748987243
Nana Chowk (Tardeo) #4,18.96209846227059,72.81229253067112
Godrej Company (Vikhroli West) #2,19.10486060791803,72.92165117513991
Princess Dock (Mandvi) #2,18.955200290049774,72.8421681221075
Anand Nagar (Thane) #2,19.26455466096116,72.96756912712031
Ferry Wharf Ropex Terminal,18.95748735677164,72.84744135659177
Farooque School (Jogeshwari West) #2,19.13119367420771,72.84760424173355
Terna Circle Adai,18.99936924598289,73.12647404312655
Domestic Airport Terminal 1A,19.093570163255368,72.85582827927531
Dattapada Phatak (Borivali East) #2,19.22431919064604,72.85667057423973
Odeon Cinema (Ghatkopar East) #4,19.079371533860673,72.9107095509262
Kavyadhara Neelkanth Wali #2,19.228382260205088,72.98229791572679
Naik Nagar (Dharavi),19.05089310510267,72.86472453926943
Samrat Ashok Nagar (Chembur) #3,19.055605175984898,72.91144313405276
Tumni Pada (National Park - Kanheri Caves Rd) #2,19.22185013826791,72.88601678492692
Vrindavan Society Thane #2,19.208412477110564,72.98271040909941
Spring Mill (Wadala) #3,19.01011788,72.84820966
Sudhindra Nagar,19.25914899999999,72.86031850124073
Samrat Ashok Nagar (Chembur) #4,19.05450336448637,72.91157128198859
Ceat Company (Bhandup West) #2,19.154979981743555,72.94337949570082
Mahalakshmi Railway Station #3,18.983260579589622,72.8241827429743
Gharkul Corner (Navi Mumbai) #2,19.042341045286715,73.07244446904038
Bandra Talav (Bandra West) #3,19.05887478024104,72.83765632030118
Sardar Nagar Number 4 (Sion) #3,19.035703622761428,72.8674375554776
Nirman Bhavan (Mazgaon) #2,18.963694075916397,72.84656728559067
Karave Nagar Bus Depot Sector 44,19.0147,73.0153
Maharashtra Kata (Asalpha) #4,19.103077118410052,72.8884840904742
New Era Talkies (Malad West) #3,19.182439200072476,72.84684713405275
Sewree Naka (Parel) #4,18.99866174943018,72.84986119510654
Madina Manzil (Goregaon West) #4,19.17378146342845,72.84738227670383
Orlem Post Office Or S N D T College,19.191419354696773,72.84202046932889
Com P K Kurne Chowk (Worli) #5,19.00569153770363,72.82108848710253
Mansi Plaza (Borivali West) #1,19.244856075502387,72.84638076657627
Rani Sati Marg Municipal School (Malad East) #2,19.18353358280553,72.8523521371112
Airoli Octroi Naka (Mulund East) #2,19.15407260107818,72.96214877153922
Ahilyabai Holkar Chowk (Churchgate) #10,18.932773720881347,72.82890877546309
Dongri (Umerkhadi) #1,18.95741959979632,72.83391378971234
Agarwadi (Govandi East) #2,19.04536493537397,72.92581678434992
Kadam Pada (Mulund West) #3,19.17856869432103,72.94695026533556
Bhandup Station Road (Bhandup West) #2,19.146078,72.935805
Maharashtra Mahavidyalaya Or Alexandra Cinema,18.967846392640286,72.82580126767472
Jain Mandir (Ghatkopar East) #3,19.081638992436808,72.90876231448779
Keva Fragnans Or Kelkar Company (Mulund West) #2,19.184298255427397,72.9484082242484
Mhada Colony Kandivali East #2,19.19576887611418,72.87234966952616
Special Care Centre (Bandra East) #2,19.06374785011946,72.86245814876796
Shrikrishna Garden Society (Mira Bhayandar) #2,19.269673,72.87601532361938
Malvani Block No 7 (Malad West) #1,19.186338328234722,72.81884006134223
Jogeshwari Vikhroli Link Road (Kanjurmarg East) #2,19.124163598651588,72.9379502848401
Pestam Sagar Or Glass Factory (Ghatkopar East) #2,19.070668460061107,72.90114455704311
Indian Education School (Kandivali West) #2,19.213642988115694,72.82413222147846
Babulnath Junction (Gamdevi) #3,18.960864533506662,72.80878963252353
Mira Road Market (Mira Bhayandar) #2,19.278251936009283,72.85821003688753
Mahalakshmi Railway Station #4,18.98213015591204,72.82458715606215
Savlya Tandel Chowk or Mustafa Bazar,18.97623041695696,72.84023908102034
Sai Siddhi (Kandivali West) #2,19.21504906556616,72.81606370858098
Nahur Railway Station (Bhandup West) #4,19.157211650249973,72.94692249579937
Cumbala Hill Post Office (Tardeo) #1,18.96977087225591,72.80934810127545
Durgamata Mandir,19.202863388005113,72.86299645184376
Wadala Gate Number 4 Or S I W S School,19.020939614514422,72.85943728836058
Aksa Village (Madh) #1,19.176560632716203,72.79760543435862
New Gautam Nagar,19.06064892465956,72.91435212209353
Raghuvanshi Mill (Worli) #1,18.991660921752242,72.82401458895495
Radha Silk Mill (Andheri East) #2,19.12618530404632,72.85539532390784
C K P Colony (Borivali West) #2,19.232107507202812,72.84682240827513
Marve Village,19.195577439609213,72.79986704137563
Swami Dayanand Saraswati Chowk (Fort) #6,18.93627032256261,72.83740005813601
Mulund Goregaon Link Road (Mulund West) #2,19.160072394686146,72.946801658607
Bhandup Station West (Bhandup West) #2,19.144302800806692,72.9377871429396
Ulwe Node #2,18.974643007150426,73.01980756779966
Khetwadi (Sicka Nagar) #1,18.958041243655227,72.8226504310117
St Xaviers High School (Mira Bhayandar) #2,19.2695,72.8882
Shivaji Nagar (Madh) #1,19.14150531238501,72.79399686900568
Gavdevi Mandir (Thane) #2,19.184653321464022,72.97266538463451
Hanuman Mandir (Kandivali West) #2,19.21048998337228,72.8241017643833
Ganesh Mandir (Mira Bhayandar) #2,19.265682747303646,72.87068870463804
Poonam Sagar Complex (Mira Bhayandar) #2,19.27362946812088,72.86265095948983
Bandra Bus Station West (Bandra West) #3,19.054069393309614,72.83963390414422
Cumbala Hill Post Office (Tardeo) #2,18.969455389942237,72.80903260644007
Vikas Nagar Society (Andheri East) #2,19.129071664738024,72.86039030030585
Mega Mart (Navi Mumbai) #1,19.091746990219548,73.00555355092622
Kingston Sez 1 Hiranandani (Powai) #2,19.11428261048426,72.91305767666913
Swadeshi Market (Kalbadevi) #1,18.949265040045283,72.82881038773154
Vaishali Bhavan (Kandivali West) #2,19.204956618456002,72.83931052790119
K E M Hospital (Parel) #2,19.00155470612329,72.84071627116396
Bhakti Palace (Dahisar West) #2,19.256019691252092,72.84993882543706
Shiravane Village (Navi Mumbai) #2,19.049563389534505,73.02206601442673
Military Out Post (Santacruz East) #2,19.080463369189484,72.85902202907961
Lower Parel Railway Station #2,18.996950512828278,72.83126105245545
Datta Mandir Or Income Tax Colony (Jogeshwari East) #2,19.13126013810592,72.86231533804607
Sanpada Junction (Navi Mumbai) #2,19.05815191568867,73.00176008465576
Goregaon Check Naka No 1 #6,19.16567118095248,72.85827863004208
Agar Bazar (Dadar) #2,19.018655826201964,72.83366376686476
Tata Press (Navi Mumbai) #2,19.038887332394744,73.02908211933757
Om Nagar Or Ware House,19.10604710162979,72.86779500888683
Bunder Pakhadi Fish Market #2,19.210974955069336,72.83234191732181
Kurla S T Depot #3,19.05682265493561,72.88437748404408
St Joseph Technical School (Kurla West) #2,19.080921121511057,72.88870734941436
Diva Village (Navi Mumbai) #1,19.148105270234026,72.99471472883606
Anjeerwadi (Byculla) #2,18.973259145433882,72.84025707882739
Kandivali Industrial Colony Or Ganesh Nagar (Kandivali West) #2,19.20447313759706,72.82820771135088
Nahur Village Mehul Cinema (Mulund West) #2,19.165952282384673,72.94926924756193
BDB Gate 11,19.06564768644358,72.86307622540235
Parsi Agyari (Malabar Hill) #3,18.95001015227101,72.8016106673789
Dindoshi Depot (Malad East) #2,19.175327551129044,72.86489669138432
New Gautam Nagar (Chedda Nagar) #2,19.06096913322514,72.91609501165676
Reserve Bank Colony (Chembur) #2,19.051085128977714,72.90332738773155
Kanjur Marg Station West,19.130759484358585,72.92864262392521
Vashi Bus Station (Navi Mumbai) #4,19.07294563374117,72.99773308159735
Mahalaxmi Temple Costal Road #2,18.976480692177503,72.80420049046832
Dharavi T Junction Tapase Chowk #1,19.047611351023715,72.85277777852156
Princess Street (Marine Lines) #4,18.94582743795277,72.82818057729817
Wadala Station West #3,19.017943404766708,72.85986309749053
Ram Bhavan (Ghatkopar West) #3,19.090546902633395,72.90394826839399
Mazgaon Dock #2,18.96570817419373,72.8469237233218
Garden Hotel #2,18.99864198490663,73.10941021611688
Ciba Company (Bhandup West) #2,19.13482507539182,72.9287987024641
Pink Corner,19.051683513976684,72.88997665306711
Kapadia Nagar (Kurla West) #2,19.074978450477378,72.8723822487159
Mata Ramabai Ambedkar Chowk Or Marol Naka (Andheri East) #2,19.108038452935233,72.8800436525488
Riddhi Siddhi (Andheri West) #2,19.13717586913367,72.81044430613422
Assisi Nagar (Chedda Nagar) #2,19.06066449317863,72.91219733556461
Chembur Fatak Or Amar Mahal (Chedda Nagar) #2,19.064571846436507,72.89972451901434
Andheri Fire Station (Vile Parle West) #2,19.112492109877643,72.84163727615697
N L Complex Or Riddhi Siddhi Society (Dahisar East) #2,19.261052094760565,72.86564479017831
B M C Parking Or Vasant Oasis (Andheri East) #2,19.114170439219762,72.88322273024853
Sanskriti Apartment (Kandivali East) #3,19.213087815490436,72.8635327279119
National Hinduja Hospital (Mahim) #2,19.03205444750075,72.839561518413
Dahisar Bridge Link Road (Dahisar West) #4,19.25815101255055,72.85304210810102
Sathe College (Vile Parle) #2,19.097700166535176,72.84872115517332
New D N Nagar (Juhu) #2,19.118176764590658,72.82992065277863
Jama Masjid (Mira Bhayandar) #2,19.284514038084453,72.85747561305949
Shitaladevi Temple (Mahim) #8,19.03400195083492,72.8423362187085
Maroshi Naka Or Picnic Point (Goregaon) #4,19.136606769454566,72.88168981626178
New India Quarters (Andheri West) #4,19.114109140665903,72.83944911997138
Dharavi T Junction Tapase Chowk #2,19.04757864647765,72.85253139355993
Oberoi Mall #2,19.17370321335487,72.85960930178432
Chembur Colony #4,19.04488574775594,72.89339904385712
Gawanpada (Mulund East) #3,19.173497119508085,72.9617767901783
Ganesh Mandir (Kandivali West) #2,19.215523790804802,72.82226532944775
Takka Gaon Or Takka Colony #2,18.979595214898175,73.11613275446012
Devika Nagar Or Eksar Koliwada (Borivali West) #2,19.23945750933081,72.84586764141036
Tank Bunder (Parel) #2,18.988936755463214,72.84614464141033
Lucky Hotel (Asalpha) #2,19.10520059719298,72.8952394340701
Yogi Hill Mulund West #2,19.184248217745626,72.93873895643138
C B I Quarters (Ghatkopar East) #2,19.08176305400448,72.91096369328879
Kautilya Bhawan,19.062090483566003,72.8688267057744
Doordarshan (Worli) #3,19.007277098024375,72.81842966195391
Railway Police Ground (Ghatkopar East) #2,19.077555308685973,72.91364085734891
Hanuman Mandir (Ghatkopar West) #2,19.093721475289982,72.90381192146108
Ahilyabai Holkar Chowk (Churchgate) #11,18.93288503616349,72.82888999999999
Sahyadri Nagar Bhandup (Bhandup West) #2,19.14310423514108,72.92817591257429
Green Park Or Pleasant Park (Mira Bhayandar) #3,19.278003919584755,72.87896590311051
Bahalepada (Goregaon) #2,19.16372890846102,72.88477636384107
Dr Ravindra Kulkarni Chowk Or Sasmira (Worli) #2,19.010073169233316,72.82003237350328
Kalpataru Estate (Jogeshwari East) #2,19.139857249213915,72.86773474851418
Vishwa Pragati Mandal Or Sports Complex (Dahisar West) #2,19.259560117076713,72.85326633009244
Takshila (Jogeshwari East) #2,19.130013578129482,72.86833669386579
Monginis Cake Company (Andheri West) #2,19.13892334749641,72.83168791840266
Holy Family Hospital (Bandra West) #2,19.054849684750028,72.8278019702811
Tata Motors,19.197733015993208,72.94925272300769
Flower Valley Or Viviana Mall (Thane),19.207815314241234,72.97240277480363
Chinchvali Bunder Road (Malad West) #2,19.18041279758433,72.83646911532396
Gandhi Maidan (Worli) #2,19.00206478095891,72.81911486594723
Nagri Niwara Zone 1 and 2 Gate,19.17239683383447,72.8800023617836
Ghati Pada (Mulund West) #2,19.18698463419137,72.94183560644007
Kamal Talav (Malad West) #2,19.196489712143432,72.81313879877662
Dnyan Sarita Thane #2,19.202525932790277,72.94936785390962
BMC Office Yangraha (Worli) #2,18.995241894366302,72.81904794171619
Vaishali Nagar (Mulund West) #4,19.186576517378093,72.94568050910368
Telephone Exchange (Bandra West) #2,19.051279379395346,72.83579939355992
Indian Oil Nagar (Chedda Nagar) #2,19.063724002005024,72.9130143046918
Jay Shastri Nagar (Mulund West) #1,19.17145961731523,72.9341118451152
Tembipada Naka Or Vaibhav Chowk (Bhandup West) #2,19.15433510794568,72.92985058531953
Pali Hill Naka Or Guru Nanak Road (Bandra West) #3,19.05954905237611,72.83018502891206
Birla Krida Kendra (Girgaon) #2,18.95434012225705,72.81478758895493
Vile Parle Subway #1,19.091869147454073,72.84644071267844
Saint Teresa Convent School (Santacruz West) #2,19.076590713460117,72.83772542272716
Marathon Chowk Teen Hath Naka (Thane) #4,19.187913475372262,72.96296394460107
Sant Gadge Maharaj Chowk (Lower Parel) #4,18.98155189074532,72.82583709048416
White House (Malabar Hill) #2,18.951406334313983,72.80274913480326
Mulund Colony (Mulund West) #3,19.174612883216277,72.93713948987245
Barkat Ali Dargah (Antop Hill) #4,19.019992539934314,72.86564968526744
Agarkar Chowk (Andheri East) #7,19.11758435247792,72.8481952865231
Samata Nagar Bus Station Kandivali East #2,19.206967625399216,72.86960652761269
Nerul Naka Or LP (Navi Mumbai) #3,19.04703051808481,73.0242477317209
Jumbo Darshan (Andheri East) #2,19.113849763847696,72.8526678248601
Pai Nagar (Borivali West) #2,19.2344669496814,72.85505098251484
Dongri (Umerkhadi) #2,18.958069829103994,72.835348682209
John Backer (Powai) #2,19.11486674443559,72.88896361226843
Tadwadi (Mazgaon) #2,18.965845203038786,72.83907864641554
Estrella Battery Or Shahu Nagar (Dharavi) #2,19.039708746572444,72.85471033718657
Tieten Medicity Hospital (Thane) #2,19.272302484869737,72.96330576332319
Vidya Nagari Or Nehru Library,19.071112353338712,72.8589274598938
Mount Poinsur Church (Borivali West) #2,19.244233302250688,72.85174700000002
Nildhara Building (Borivali West) #2,19.237440251679065,72.85136870858099
Kurla Bus Station West (Kurla West) #2,19.067422469948514,72.87904160568188
R T O Office (Ghatkopar East) #2,19.07334539127791,72.91104309908249
Erla (Vile Parle West) #2,19.10662018995999,72.8399642622771
Mukand Company #2,19.181905667373986,72.99561154538631
Borivali Station West (Borivali West) #5,19.2286015107837,72.85484091315125
Gawanpada Fire Brigade Mulund East #2,19.17239538595958,72.966503632812
Wadala Station West #4,19.01743805030112,72.85776354509782
Rejoice International School,19.181431299828446,72.83921860921002
Vashi Naka (Chembur) #5,19.034557573387247,72.8955631751399
Regency Heights #2,19.240283815995472,72.98113124813118
Ruia College (Dadar) #3,19.0214875357508,72.8503528923192
Unit No 13 Central Dairy (Goregaon) #2,19.156134832888302,72.86567880460501
Nagri Niwara Plot No 5,19.176128133162862,72.87986923619364
Atmaram Nagar Srushthi (Mira Bhayandar) #2,19.264422506737144,72.87100638467312
Sandoz Baug (Near Lodha Sterling on Kolshet Road),19.233350459991513,72.98773029694158
Shree Dyaneshwar Vidya Mandir (Kandivali West) #2,19.210129761093878,72.83269396502972
Morarji Nagar (Goregaon) #4,19.133742434558133,72.89659615736629
Aghadi Nagar (Jogeshwari East) #2,19.126428410070012,72.85933032696627
Gujrat Society Or Dayaldas Road (Vile Parle) #2,19.09702126729806,72.85104125950717
Surya Shopping Centre (Mira Bhayandar) #2,19.274308745960766,72.86943903219739
N C P A (Nariman Point) #4,18.92518143042754,72.82261871135093
Durga Parmeshwari Mandir (Kandivali West) #2,19.219299467282504,72.8334190582838
I C L School (Navi Mumbai) #2,19.073420370773643,73.01203615459633
Agarwal Trade Centre #1,19.0157711986808,73.03820617997364
Vile Parle Subway #2,19.092,72.8458
Gaurav Residency (Mira Bhayandar) #2,19.274585151476497,72.86126224231053
Amar Mahal (Chedda Nagar) #5,19.066186631093835,72.8998258612728
Mhada Colony (Powai) #2,19.114449959781574,72.89751915969705
Tata Power Or Matunga Central Railway Station West (Matunga East) #2,19.03178705423584,72.849228072999
Kharodi Village #2,19.19626715617835,72.81876751595594
Dr Ambedkar Udyaan Or Chembur Railway Station #2,19.061809210603432,72.90128021368554
Skylark (Andheri West) #2,19.146628567815284,72.82421735304975
B A R C Gate Number 6 (Mankhurd) #2,19.042190566960723,72.93301598834323
Swami Vivekanand Chowk (Thane) #2,19.181726056591465,72.96758729753589
Suhasini Pawaskar Marg (Dahisar East) #2,19.25339632412654,72.87129230975818
Netaji Subhashchandra Bose Kridangan (Borivali West) #2,19.212174355125324,72.8452373469329
Hira Mongi Navneet Hospital (Mulund West) #2,19.17108320075876,72.95044032056094
Saibaba Nagar (Borivali West) #2,19.217166967244925,72.84538086537029
Parsik Nagar (Thane) #2,19.205775344960863,73.00832993005942
Ekta Nagar (Kandivali West) #4,19.20136979662019,72.828083463212
Dr B R Ambedkar Udyan,19.05909414757204,72.90046812748818
Jijamata Bhonsle Marg Junction (Ghatkopar East) #4,19.070218711060523,72.90838584021091
Hanuman Road (Vile Parle) #3,19.105355963616812,72.85407317790987
Siddharth Nagar Number 2 (Goregaon West) #2,19.154904179808785,72.8435656239252
Anjanabai Magar or Freedom Fighter Ramchandra Dhondu Surve Chowk (Kurla West) #2,19.0713134408234,72.87559177794456
Chitra Cinema (Dadar) #2,19.01381670570263,72.84469995920132
Bandra East Bus Station #2,19.055524584174677,72.84521112268446
Saint Peter Church (Bandra West) #2,19.055256355153134,72.830554076231
Jogeshwari Tabela (Jogeshwari West) #2,19.137943161377834,72.84569110741458
Ganesh Mandir (Ghatkopar West) #2,19.095534498884625,72.90070276992321
Strand Cinema (Colaba) #5,18.919381540991616,72.82942216931153
Nirmal Building,18.927183760304267,72.82187782791851
Catering College Or Suryavanshi Kshatriya Sabhagruha Hall (Dadar) #2,19.023055347789615,72.83450442576029
Prem Nagar,19.279398194846067,72.86268766820481
N L Complex Junction (Dahisar East) #3,19.260203839248003,72.86533368803741
Sankalp Society (Malad East) #2,19.176370366655426,72.87946110681536
Swami Vivekanand High School,19.04915212206884,72.88788982180168
Shivaji Nagar (Dahisar West) #2,19.245502656111828,72.85416702302503
Nalanda Society (Ghatkopar East) #2,19.074863575878574,72.91302194725606
Marine Lines Station (Churchgate) #2,18.94446456770607,72.8248314123818
M I G Colony Kala Nagar (Bandra East) #1,19.056232753703622,72.84768083957529
Juhu Beach #4,19.09648526560194,72.82786816902303
HP Officers Quarters (Bandra East) #2,19.06623847719127,72.85797174044207
Sai Chitra Society (Kandivali West) #2,19.216307881181585,72.82095058837793
Sant Rohidas Sabhagurha Or Kurla Post Office (Kurla West) #1,19.064105470814248,72.87411171221639
Movie Time Cinema (Malad West) #2,19.18895776826601,72.83501044324541
Parel ST Depot Or Sant Rohidas Chowk #8,19.009652558529165,72.83369141466113
Nana Chowk (Tardeo) #5,18.961963805729425,72.8144796006117
Shantaram Talao (Malad East) #2,19.18578262140908,72.85950701194524
Imperial Square Society (Thane) #2,19.28447642595548,72.9476473455982
Mulund Toll Naka Or Mhada Colony (Mulund East) #2,19.169922818309253,72.9674073957529
R C F Gate Number 1,19.03859458536479,72.89106962698364
Aghadi Nagar (Jogeshwari East) #3,19.126449,72.859504
BMC Washing Centre #2,19.007164951042483,72.84948688106608
Rutu Estate (Thane) #2,19.248091137042845,72.97795305245542
Thakkar Bappa Colony (Kurla) #4,19.058844613299968,72.88715109937097
Wellman Company #2,19.22941421,72.98419808
Madh Jetty #2,19.144599145402502,72.80192812545444
Kunchi Kurve Nagar (Santacruz East) #2,19.077245000000005,72.86993799999999
Mansi Plaza (Borivali West) #2,19.24497382850113,72.8464246877489
Bayer Main Gate #2,19.230778166219107,72.98591087272345
Kandivali Bus Station East (Kandivali East) #2,19.201070026028663,72.85335379441878
Somaiya College (Ghatkopar East) #3,19.074790604809397,72.90315895337297
Saraswati Vidyamandir (Mahim) #2,19.034266695757758,72.84785425921869
Marathi Vidnyan Parishad (Sion) #2,19.0533474705763,72.87907217819836
Bandra Bus Station West (Bandra West) #4,19.055003391700637,72.83988376741301
Sahyadri School (Thane) #1,19.19869494727146,72.99535687206408
Jogeshwari Police Station (Jogeshwari East) #2,19.1393,72.8547
B K C Telephone Exchange (Bandra East) #4,19.070410752256056,72.87232360920748
Garware Chowk Or Koldongri Number 2 (Vile Parle) #2,19.110357614417538,72.8514241604247
Shivaji Nagar Road No 2 #2,19.06817582635721,72.92332122176698
Dinbandhu Nagar #2,19.017687774523196,72.87039992106918
S K Patil Garden (Girgaon) #2,18.951094317873153,72.81969679600668
Nirlon Society (Malad West) #2,19.17740970212238,72.83702336995792
Mantralaya (Churchgate) #6,18.92928862554678,72.82420931779096
Pilot Bunder (Colaba) #2,18.904742406629087,72.81582020982171
Sahar Village (Andheri East) #2,19.098463787342123,72.86501707576893
Kora Kendra (Borivali West) #4,19.221663638062957,72.85309215736628
Panvel St Bus Stand #2,18.99145743286139,73.11580625637195
A D Modi Institute Vidya Nagari,19.069445149298204,72.85928021288011
Charat Singh Colony (Andheri East) #2,19.111337331615395,72.86420945796063
Vidya Nagari North Gate (Santacruz East) #2,19.073962499528022,72.85214073890079
Hill Road Garden Or Mehboob Studio (Bandra West) #2,19.05261523331284,72.82417473244274
Sundar Nagar,19.175267150396156,72.84526116902305
Amar Mahal (Chedda Nagar) #6,19.066129659804933,72.90059913405273
Khambata Lane (Girgaon) #1,18.960490023163086,72.82413190091754
Kamothe Village Mansarovar (Navi Mumbai) #2,19.025587023663384,73.09554452621532
Savlya Tandel Chowk Or Mustafa Bazar (Byculla) #2,18.976253366800886,72.84091301105688
Don Bosco School Nerul (Navi Mumbai) #2,19.01777367240586,73.01444981626179
Ordnance Factory (Malad East) #2,19.192222877707763,72.85588048871853
Bhandup Peoples School (Bhandup West) #2,19.140030651583913,72.92556906134226
Kurla Depot (Kurla West) #6,19.07516056343706,72.87668002025511
Hindmata Cinema (Dadar East) #3,19.009599366016992,72.84180824785042
Canara Bank Kharghar (Navi Mumbai) #2,19.035280621787983,73.06381448127414
Priyadarshani Park,18.956768586236173,72.79954083680536
Borivali Market East Or Carter Road,19.229461904332638,72.8602179211726
Navpada (Kurla) #2,19.08240946099292,72.88985026839399
Milat Nagar (Andheri West) #2,19.149312316724284,72.82858152761267
Vandana Cinema (Thane) #1,19.194392089296162,72.97044498834323
Dadar Railway Station West #4,19.016647712135505,72.84058675243809
Metro Playing Cards (Santacruz East) #2,19.07382626372003,72.86973468803741
Saibaba Mandir Ghatkopar (Ghatkopar East) #2,19.0784,72.9109
Shivdham Or Rushi Complex (Borivali West) #2,19.253740999999994,72.84967700000001
Kamani (Kurla West) #7,19.085112366305392,72.8871737990651
Sandesh Hotel (Mahim) #2,19.030895376126495,72.84492003191185
Nair Hospital (Agripada) #2,18.973705686231437,72.82268812822437
Ulave Node #2,18.972172472941768,73.03450435649948
Darukhana (Byculla) #2,18.97152051024791,72.84525397391654
Poisar Depot (Kandivali West) #4,19.21367388457557,72.85096920305828
Upto 6 hrs,19.013878562409587,72.85229092757795
Ishwar Nagar Bhandup West #2,19.143932717532735,72.93415743799403
Forest Club (Powai) #2,19.114395198505193,72.90692807634593
Gandhi Market (Sion) #3,19.032973204728766,72.8588405070691
GPO 2 Chalo Bus,18.938956251136904,72.83804506409481
Brahmand Azad Nagar (Thane) #4,19.241124086717914,72.97595368411349
Mahim Bus Station #4,19.04323467680294,72.84037267084072
Shankar Wadi (Jogeshwari East) #1,19.12858465204495,72.8552118134918
Grant Road Station West #2,18.96304858256693,72.81543622613054
Garlic Company (Agripada) #2,18.979075494320025,72.8282586880374
Seawood Railway Station (Navi Mumbai) #2,19.021420987188417,73.01732339355993
Mith Chowki Or Kavivarya V R Kant Chowk (Malad West) #4,19.196682299873306,72.8336188923373
Gokhale Bridge (Andheri East) #2,19.11528301900129,72.84958263558197
Malati Cottage (Madh) #2,19.163420521200045,72.78979442212484
Shree Krishna Nagar Shantivan (Borivali) #4,19.233243023725194,72.86404204633854
Sanjay Nagar (Jogeshwari East) #4,19.136877610981717,72.85572978873587
Tolani College (Andheri East) #2,19.128591663733616,72.86495894754458
Shanti Ashram Junction (Borivali West) #2,19.242469338199054,72.84504350429917
Parsiwada,18.992973459717707,72.84281663558198
Baiganwadi Junction (Shivaji Nagar) #3,19.05845696503829,72.92487299694157
Vanrai Or Mhada Colony (Goregaon) #2,19.154535187570247,72.85722025367882
Aghadi Nagar (Jogeshwari East) #4,19.12694566565945,72.85920593005942
Dockyard Colony (Bhandup West) #2,19.13083889058911,72.92667350735758
Palm Beach Residency (Navi Mumbai) #2,19.044134169256346,73.00924143497029
Apna Bazar (Navi Mumbai) #2,19.06996722715446,72.99733671135093
Municipal Garden Band Stand (Bandra West) #2,19.046952787828758,72.8200386530671
Byculla Station East (Chinchpokli) #4,18.97815456,72.83381324
Lube India Company (Chembur) #1,19.007103437947837,72.90412267638064
Matunga Railway Phatak East (Matunga East) #2,19.032738748321183,72.85429077874954
Mahim Paradise #3,19.037294802089097,72.84223592451954
Deonar Best Staff Quarters (Chembur) #1,19.047208993710647,72.91406875214959
Khetwadi (Sicka Nagar) #2,18.958145450267665,72.82325302331351
Rajawadi Hospital (Vidyavihar) #2,19.079033096204174,72.90409732915928
Dahisar Phatak West (Borivali West) #1,19.247282661483624,72.85902156322766
Hutatma Chowk Or Mumbai Vidhyapeth (Fort) #2,18.92942190039776,72.83138079139088
Jafri English School (Shivaji Nagar) #2,19.06768516091326,72.92102367055226
Gyan Sarita School,19.178655632913436,72.95057088620632
Kurla Nagrik Sahakari Bank,19.14885056646414,72.9441214100053
Lokhandwala Complex Junction (Andheri West) #3,19.14242469277909,72.83136247821567
Masina Hospital or Rustom Baug (Byculla) #2,18.97601994252808,72.83790878377295
Aziz Baug (Chembur) #2,19.037588081765133,72.89505749847079
Tobacco Company,19.049729520423636,72.82643423619368
Koparkhairane Sec 2 (Navi Mumbai) #2,19.109197294501424,73.00174353344109
Bethany Hospital (Thane) #2,19.22041385874991,72.96205065363566
Swadeshi Market (Kalbadevi) #2,18.949224133322698,72.82883251595591
R B I Colony Bhandup Village East,19.151281389139346,72.94709835953526
Dr Ambedkar Hospital Or Parekh Nagar (Kandivali West) #2,19.208322653361165,72.85062284817363
Vandana Cinema (Thane) #2,19.194203373153254,72.97053718927812
B S E S (Goregaon) #2,19.13034907701858,72.88004737971019
Makhamali Talav (Thane) #2,19.198436250552163,72.9718544923539
Ganesh Nagar Or Gokulanand Hotel (Dahisar East) #2,19.246163006799332,72.86471299056495
Nagpada Police Station,18.9667,72.8297
TB Hospital (Parel) #3,19.00505330298097,72.85186281903171
Khadi Bhandar (Fort) #3,18.936950805566468,72.83155042881872
Shimpvali Telephone Exchange (Borivali West) #2,19.223326095425453,72.84098744878531
Aakash Ganga Society,19.046972590545607,72.86023263962961
Jackeria Bunder (Parel) #2,18.989742639956532,72.84639929540367
Mumbai Central Station Or Reserve Bank (Madanpura) #2,18.969938299164653,72.82144633793669
Mahant Road Vile Parle East #2,19.10018097151864,72.85205993327851
Ganesh Nagar (Wadala) #2,19.017908989460725,72.86907928864909
Malvani Village Or Malvani Church (Malad West) #1,19.19640357108002,72.80875541104507
Malad Depot (Malad West) #4,19.184242767486236,72.83493895671991
Swadeshi Market (Kalbadevi) #3,18.94922413,72.82883252
Sarvodaya Nagar Jogeshwari East #2,19.1344946701087,72.8634292539673
Wadala Church #6,19.01911662985541,72.85597464723874
Kingston Society (Powai) #2,19.115844416057705,72.91170728922606
Kasturba Gandhi Hospital (Lower Parel) #2,18.983838907595565,72.82931818650816
Parle Tilak Vidyalaya (Vile Parle) #2,19.103144075873466,72.8475249230771
Ballard Pier (Fort) #4,18.937152212999727,72.84033202608347
Kolbad (Thane) #2,19.204050366761884,72.97716898834322
Ramwadi (Jogeshwari East) #2,19.14041872839786,72.85850068497896
Mhada Colony Or Majas (Jogeshwari East) #2,19.134141987178012,72.86632507314386
Maneklal Municipal School (Ghatkopar West) #2,19.089621290805084,72.90261888037396
Ahilyabai Holkar Chowk (Churchgate) #12,18.933022703221145,72.82687941133355
Hill Road Garden,19.05299105917373,72.82407344601538
Strand Cinema (Colaba) #6,18.91720767874905,72.82740081719116
Lokmanya Tilak Chowk,19.184740264752342,72.8447109420047
Ambassador Hotel (Andheri East) #3,19.104133258590764,72.87444779046677
Bhoiwada Or Mane Master Chowk (Wadala) #4,19.00541625451859,72.84576055413775
Juhu Koliwada #2,19.085913225825927,72.82805761809682
Kokan Nagar Jogeshwari East #2,19.134341822115445,72.86482144018696
Bishop School (Mira Bhayandar) #2,19.295182134790995,72.85165233478827
Bhoiwada Or Mane Master Chowk (Wadala) #5,19.0057,72.8463
Laxmi Nagar (Ghatkopar East) #2,19.08974365225142,72.91622394916057
The City Cooperative Bank (Borivali East) #2,19.234331840750688,72.86544877240469
Bhim Nagar #2,19.11809353638813,72.87139509140168
Adarsh Market (Navi Mumbai) #2,19.01309736603034,73.01785440521671
Diamond Gate 8 and 9 (Bandra East) #2,19.064432322462295,72.86320771135092
Savoli Sector 1 #2,19.11242835075749,73.00101541210941
Panchamrit (Thane) #2,19.257115886131974,72.97046856639251
World Trade Centre (Colaba) #2,18.91506157607474,72.81854847977475
Rajiv Gandhi College,19.11950636521411,72.99830152230517
Ganpat Patil Nagar (Borivali West) #2,19.253196355307452,72.84716409908249
North Bombay School (Ghatkopar West) #2,19.09664284020761,72.90782018994418
Central Labour Institute (Sion) #2,19.048777648840517,72.8657578542905
Siddhivinayak Mandir (Prabhadevi) #4,19.019053834352857,72.83169754232789
Utkarsha Vidyamandir (Malad East) #2,19.1886146648786,72.85640366166545
Ajara Bank (Borivali West) #2,19.231103452350634,72.82505130394125
Parleshwar Mandir (Vile Parle) #2,19.102967277914637,72.84579539384842
Dhairyavan Chowk (Matunga West) #2,19.031437232436765,72.842664463789
Swatantraveer Savarkar Chowk Or Golden Nest (Mira Bhayandar) #2,19.29419595366462,72.85985022759535
Kachwadi (Chembur) #2,19.052666905400695,72.9159322065897
Aksa Village (Madh) #2,19.176566332810886,72.79755983680536
Bal Bharti (Kandivali West) #2,19.200354654012234,72.84870031502103
Dr K B Hedgewar Chowk (Mulund West) #4,19.163878785368382,72.93728896345769
Beverly Park (Mira Bhayandar) #1,19.286817354352408,72.8675119417162
Tagore Nagar No 5 (Vikhroli) #3,19.125295081255352,72.92893667003152
Dattani Park (Kandivali East) #4,19.21160153283617,72.8693198687172
Sahyadri Nagar (Kandivali West) #3,19.210842571632845,72.8282482625656
John Baptist Road,19.04768284594351,72.82555972300769
Khambata Lane (Girgaon) #2,18.96039187789262,72.82426154815627
Nehru Planetarium (Worli) #2,18.989480478007337,72.81400015124942
Prabodhankar Thackeray Chowk (Dadar West) #4,19.019562143120915,72.83621518956663
Ankur Hospital (Kanjurmarg East) #2,19.131250370219554,72.93555994171618
Vikhroli Railway Station West (Vikhroli West) #2,19.1107294047378,72.92751657729815
Godrej Chowk (Malabar Hill) #4,18.964130611311806,72.80709529141903
Rutu Tower,19.24788540572244,72.97942443450602
Navjeevan Nagar (Goregaon) #2,19.152776926409132,72.88040831779097
Byculla Station East (Chinchpokli) #5,18.975970390666788,72.83345546655895
Vidya Nagari (Santacruz East) #4,19.073346938421725,72.8607328923192
Kalbadevi (Wagh wadi) #2,18.94694965374887,72.82882344713146
Heritage Tour,18.94098431462172,72.83488456243374
Petit Girls School,19.07060836187328,72.82585231779098
Neelam Nagar Building No 3 Or 4 (Mulund East) #2,19.17445056597854,72.962678
Mulund Depot (Mulund West) #2,19.17576031832413,72.94660786565875
Nelco (Andheri East) #2,19.117156030709307,72.86271730307581
Ware House (Andheri East) #4,19.102715088126242,72.86677771135089
Bangur Nagar Police Chowky Or Post Office (Goregaon West) #2,19.164045726537587,72.83475340277474
Bhai Daya Nagar (Mira Bhayandar),19.31031459393555,72.8577537174678
Lokmanya Tilak Hospital (Sion) #9,19.035480232946625,72.8573845073576
Kamal Amrohi Studio (Goregaon) #2,19.134516473963373,72.87430224479199
Vikhroli Station Road East #9,19.10954770343246,72.9327914419179
Bank Of Baroda BKC (Bandra East) #2,19.06138317503265,72.86242540773016
New Green Wood Gardan (Mira Bhayandar) #2,19.270005324124213,72.88945805551384
Vivekanand Nagar (Navi Mumbai) #2,19.02382,73.044519
Mindspace Airoli #2,19.160553761414068,72.99991332333086
Reserve Bank Colony (Andheri East) #2,19.11105290174878,72.86212101984118
Amboli Naka (Andheri West) #4,19.12683676498494,72.8470208717756
Byculla Railway Station West (Chinchpokli) #2,18.976232950486796,72.83205846502517
Hanuman Nagar (Goregaon) #3,19.172865,72.875353
Sahyadri Guest House (Malabar Hill) #2,18.95317124986529,72.80294937024641
Anand Nagar Market (Dahisar East) #2,19.255716426235082,72.86459083374693
Shopping Plaza (Powai) #2,19.11097622207304,72.89737412050883
Teen Batti (Malabar Hill) #3,18.948418652148153,72.798278682209
Filmistan (Goregaon West) #4,19.162751034542204,72.84589800582837
Sant Rohidas Sabhagurha Or Kurla Post Office (Kurla West) #2,19.064475278089834,72.87445939355995
Bhutta College (Vile Parle) #2,19.10825820365307,72.84847155675459
Nency Colony (Borivali) #4,19.23840320919551,72.86453154384819
Rushi Van Borivali (Borivali East) #2,19.23636133568177,72.87300427954291
State Bank Malad (Goregaon West) #2,19.17399868565754,72.84194291332791
Shivaji Nagar Post Office #2,19.062172001456844,72.92175172768212
SG Barve Road Junction (Chembur) #4,19.05748257740688,72.88796374909113
Seepz Village (Andheri East) #6,19.129956296419312,72.87661697606804
Urban Cooperative Bank (Mulund West) #2,19.16894114862774,72.95225822176695
Jaihind Cinema (Byculla) #5,18.985489890538354,72.83564509325412
Edenwood (Thane) #2,19.227832078332117,72.96967609325412
Juhu Village Vashi (Navi Mumbai) #2,19.086742613648905,73.0030490291419
Janata Market (Bhandup West) #2,19.142476484111338,72.93278428864907
Satya Nagar (Borivali West) #2,19.216517085123915,72.8413081401696
Gautam Nagar Or Deonar Pashuvadh Grah (Govandi East) #3,19.05913196451118,72.91395348098565
Jakhadevi Or Dadar Police Station #2,19.015071916982645,72.83430337607479
Damu Nagar Extension (Kandivali East) #2,19.204351507750918,72.87845622147846
Jogeshwari Station East (Jogeshwari East) #1,19.13527089543524,72.85020959449483
Navsena Gate Or Kirol Village Vidyavihar #2,19.082546246035253,72.89566859423506
Cuffe Parade Machhimar Nagar (Colaba) #2,18.91811802235965,72.8247962098217
Ankur Palace (Borivali West) #2,19.222696246242357,72.84950795060301
Hanuman Society Building No 5 (Vile Parle) #2,19.103688994329072,72.85144877546311
Shell Colony Or Samaj Mandir Hall (Kurla) #2,19.062925225749357,72.89280069386577
Vileparle Police Station Or Sahara Hotel,19.096163832300427,72.85429304079865
Shankar Mandir (Chembur) #2,19.029287852585725,72.89697871717932
Wadala Station Or P And T Quarters #3,19.016168446008,72.85763194171619
Shilp Chowk (Navi Mumbai) #4,19.047708935435526,73.07006944543839
Two Tanks (Kamathipura) #4,18.96165556331951,72.82814971732338
Royal Garden Resort,19.318821560376932,72.8982297101809
Dr Shyamaprasad Mukherji Chowk Or Golden Gate (Colaba) #2,18.925779447432465,72.83060263469704
Jama Masjid (Powai) #2,19.113287438847365,72.90261670304109
Zakeria Masjid (Kalbadevi) #2,18.95210638080098,72.83434951814891
Mhada Colony Or Four Bungalow (Andheri West) #2,19.13812061660344,72.82231820792725
Nehru Nagar Municipal School,19.060769241544946,72.88127680993153
Salsar Nagar,19.30922940777222,72.85918964276127
M I G Colony Kala Nagar (Bandra East) #2,19.056461527956582,72.84763395337293
Thakur College (Kandivali East) #1,19.206138782155023,72.8726067790079
Goregaon Station East (Goregaon West) #4,19.1645160637153,72.85088220122338
Mahape Naka (Navi Mumbai) #2,19.113767496227066,73.00882446932887
Thakur College (Kandivali East) #2,19.206034683155455,72.87264695948984
Juipada Village (Navi Mumbai) #2,19.05114934101835,73.01683173772285
Irani Bridge (Gamdevi) #2,18.959386369847994,72.81445461255691
Wadala Church #7,19.018573533527977,72.85550660299774
Jammu And Kashmir Bank Or Jangid Circle (Mira Bhayandar) #2,19.28022500395653,72.87091182180167
Vridas Hotel,19.229547009941488,72.8535117029107
Hanuman Mandir (Bhandup West) #4,19.157542733166128,72.94354825950715
Thakur Cinema (Kandivali East) #2,19.20999060212606,72.87309587177562
Hanuman Mandir Kherwadi,19.061658379746067,72.84761536747646
Mulund Railway Station East (Mulund East) #4,19.17135441324644,72.95841298027555
Balasaheb Thakre Trauma Centre or SRP Camp (Goregaon) #2,19.1417,72.8547
Mahalaxmi Temple (Cumballa Hill) #1,18.976433951922786,72.80828901165677
Kamraj Nagar (Ghatkopar East) #4,19.073126432856018,72.90919049875927
Borivali Station West Or Jaya Talkies (Borivali West) #2,19.22789298511053,72.8556314052167
Vidyaben Gardi School Keshavpada (Mulund West) #2,19.17129083222076,72.94756573102902
Savarkar Nagar (Borivali) #2,19.243055477654586,72.86507165830486
Saibaba Mandir Or Kokan Bank (Shivaji Nagar) #2,19.065158968001217,72.91963074632118
Chembur Naka Or Swami Vivekanand Chowk #6,19.05568267448893,72.89488532149412
Dmonte Garden (Bandra West) #2,19.059628049311897,72.82599532944778
Aarey Central Dairy (Goregaon) #2,19.15426829913446,72.87885401442671
Dr B R Ambedkar Udyan (Chembur) #3,19.05823029284715,72.90047640550517
Diva Village (Navi Mumbai) #2,19.148263,72.994704
Mulla Baug (Thane) #2,19.239148769662798,72.97558616319468
Sasoon Dock,18.914849772000345,72.82484265682082
Juhu Tara #2,19.0900685347026,72.82751150458765
Sainath Nagar (Thane) #2,19.26688079138633,72.96668663025949
Unit No 10 Central Dairy (Goregaon) #2,19.157881256798632,72.86899859449484
New Custom House (Fort) #2,18.93399651151129,72.83983466472385
Shruti Park #2,19.22554662814989,72.9808918718575
Abhinav Nagar (Borivali) #2,19.23164217073573,72.86795186961716
Hema Park (Bhandup East) #2,19.147881430297392,72.94220021899697
Main Pump House (Goregaon) #2,19.13955431720791,72.88032574355124
Birla Company (Bhandup West) #2,19.136553597045204,72.92968052149583
Lodha Splendora (Thane) #2,19.28222464565069,72.95421699406248
MMRDA Or Family Court (Bandra East) #2,19.055990351803388,72.85109412516594
Jui Nagar Railway Station (Navi Mumbai) #2,19.055388901424838,73.01600930307579
Veena Nagar Or Govardhan Nagar (Mulund West) #2,19.182001940822033,72.94706300667762
Alankar Cinema (Bhuleshwar) #3,18.958049487311012,72.82751629418897
Best Power House Or Kussara (Byculla) #2,18.970112607310927,72.84549455118596
Bandra Bus Station West (Bandra West) #5,19.054254783599898,72.83946123693889
Kandar Pada Or Dahisar Bridge (Dahisar West) #2,19.25470706434295,72.85454951595592
Shivaji Nagar Junction #5,19.062567415995428,72.918435755208
Tarun Bharat Society,19.10783437743685,72.86153033527611
Prasanna Jeevan Society (Borivali West) #2,19.230631262005673,72.84794606564196
Jogeshwari Station East (Jogeshwari East) #2,19.135224966502594,72.84995411408616
Suncity Complex,19.12596472272856,72.92168668268198
Mahananda Dairy,19.15050797323242,72.85675494478332
M M R D A Colony Or Gadkari Quarry (Trombay) #2,19.02214923250273,72.90707201165677
Govind Nagar Junction (Borivali West) #2,19.232896167206963,72.85163272243074
Angan Wadi Manali Village (Mira Bhayandar) #2,19.269633167845107,72.88634023342371
Kanheri Caves Base (National Park - Kanheri Caves Rd) #2,19.209037947999512,72.90123340769817
Mhada Colony Hiranandani (Powai) #2,19.115201797239095,72.90517705551385
Tridev Apartmen (Mulund West) #2,19.181340423756478,72.94948679214188
Bimbisar Nagar (Goregaon) #2,19.146364128888,72.85623422061302
Nagri Niwara Building No 16 C,19.175151683325367,72.8799096880374
Mega Mart (Navi Mumbai) #2,19.091719296976162,73.00542021565009
Malvani Block No 7 (Malad West) #2,19.186216100079818,72.81890074632119
Mercury Building (Kandivali East) #2,19.210182668497644,72.87492081072186
Smt K G Mittal College,19.185016116523858,72.83807472023771
Seven Bungalows Garden (Andheri West) #3,19.12854093275982,72.81665779600668
Wadala Station West #5,19.0168755524662,72.85888426533556
Chunabhatti Bus Terminus (Sion) #2,19.0513947784731,72.8686066904963
Saraf Choudhari Nagar,19.209144138695034,72.8627676449279
Mahim Phatak #3,19.042878738239352,72.84551651901437
Dahisar Market (Dahisar West) #2,19.255932,72.858018
Kajupada (Borivali) #2,19.23391089900373,72.86955185842608
Thakurdwar (Girgaon) #4,18.953291505039022,72.82108745208686
Bhoiwada Or Mane Master Chowk (Wadala) #6,19.005431528131563,72.84474619597196
Ghodbunder Village Junction (Mira Bhayandar) #2,19.28685465866617,72.89328421288015
ICI or Mahindra (Sewri) #2,18.980933556923613,72.85150289785908
Jarimari Mata Mandir Or S T Office (Worli) #2,18.99502964117779,72.81569686785171
Azad Nagar (Santacruz East) #2,19.078686976852477,72.8665977521496
Ram Mandir #2,19.151322014856643,72.84397881191747
Orlem Church Or Valnai Village (Malad West) #2,19.195254406272138,72.83694773466445
Shankeshwar Buliding (Ghatkopar East) #2,19.074257568588433,72.91090306411219
Jackeria Bunder (Parel) #3,18.990606620858124,72.84810598664045
Sangita Talkies (Malad East) #2,19.189973351664488,72.85174142853022
Pepsi Garden (Borivali West) #2,19.229839529875765,72.82334101165677
Kumbharwada (Dharavi) #2,19.037537322471493,72.85490601748513
Kandivali Station,19.202315002566802,72.85323069559756
Nitin Company Junction (Thane) #3,19.19881905932006,72.9633728245716
Vile Parle Or Rasraj (Vile Parle West) #2,19.101613497145657,72.83870527116395
Samaj Mandir Hall,19.039186420987097,72.86796249570085
Appapada (Malad East) #2,19.189684301559396,72.8666125364995
Jawahar Nagar (Goregaon West) #3,19.159235068370737,72.84597002608346
Priyadarshini (Sion) #3,19.052981044323452,72.88052638919886
Goregaon Station East (Goregaon West) #5,19.164026231008542,72.85101286537405
Tagore Nagar Udyan Vikhroli Bridge #2,19.113366949843325,72.93358520564445
Amrut Angan (Thane) #2,19.208953297604484,73.01285502331352
Central Railway Goods Shed (Mazgaon) #2,18.960500440494897,72.84333973801135
Anand Nagar (Andheri West) #2,19.150252565885506,72.83612595308446
Mith Chowki Or Kavivarya V R Kant Chowk (Malad West) #5,19.195623951790477,72.83487200617552
Dawn Mill (Lower Parel) #2,18.998058089362257,72.82792198586178
Nimborpada (Goregaon) #2,19.164275499134103,72.88218523619366
Beverly Park (Mira Bhayandar) #2,19.28699298923367,72.86753004662705
Hiranandani Complex Sector 7 Kharghar (Navi Mumbai) #2,19.03323298378707,73.06511397830248
Lal Bahadur Shastri College (Sewri) #2,18.98066907274593,72.8591449941716
Anik Bus Depot (Chembur) #2,19.046478656713695,72.87799710577632
Azad Nagar (Mira Bhayandar) #2,19.296554747803476,72.85724217790984
Vasudeo B Phadke Chowk (Kalbadevi) #5,18.944515336354147,72.83008150389577
Municipal Hospital (Mulund East) #2,19.17198623117571,72.95991010214092
Hari Om Super Market Waghbil (Thane) #2,19.257706064250332,72.97440020705174
Balasaheb Thackeray Trauma Center Or SRP Camp (Jogeshwari East) #4,19.140718016397116,72.85508883129023
Chunabhatti (Sion) #2,19.051555762930224,72.86722444018699
Kherwadi Junction (Bandra East) #4,19.060571599882984,72.84764505568268
Saint Andrew Church (Bandra West) #2,19.05466361260622,72.82597468220901
Jackeria Bunder (Parel) #4,18.99034538983072,72.84795108906984
Deonar Best Staff Quarters (Chembur) #2,19.047474289142976,72.91424193005943
Maharaja Bhuvan (Jogeshwari East) #2,19.137770822970527,72.85637659478331
Kille Gavthan #2,19.00791710175776,73.02924960865775
Eksar Village (Borivali West) #2,19.237659011432317,72.8453246297536
Lic Office (Borivali West) #2,19.242566510966114,72.85200348987244
Chandivali Mhada Colony (Powai) #2,19.111242317677117,72.89670822163791
Sant Rajinder Singh Ashram (Navi Mumbai) #2,19.112913866393246,73.00229268220902
Navjeevan Society (Kamathipura) #2,18.965408073108957,72.81937951901436
Sewree Railway Station West (Sewri) #2,18.998512974995624,72.8532286349073
B S E S Sub Station Or Swami Samarth Nagar (Andheri West) #2,19.13470960205521,72.82498974632121
Vatsalabai Desai Chowk Or Sahkar Niwas Haji Ali (Tardeo) #3,18.9771522706606,72.81171232667778
Aakashganga Society (Dharavi) #2,19.046931,72.860264
Raj Kumar (Andheri West) #3,19.12644631907364,72.8384568089308
Sambhaji Nagar Kandivli East (Kandivali East) #2,19.20177718055531,72.86195714584508
Shree Swami Samarth Nagar (Andheri West) #2,19.139841547499575,72.82597016902302
Motilal Nagar Number 2 (Goregaon West) #2,19.163377483669937,72.83531717790987
Gokul Heaven,19.209770285233017,72.86753523996973
Ashok Nagar #2,19.198845,72.8566
Gateway Of India (Colaba) #2,18.923514009229176,72.83372371940101
SCLR Flyover Junction (Kurla) #2,19.068256894748895,72.88823142824174
Aarey Unit No 22 (Goregaon) #2,19.134173335066556,72.88609778988982
Jawahar Nagar (Goregaon West) #4,19.159341099769897,72.8463752334237
Technimont I C B House,19.18125817631386,72.83340815087455
Mukund Company Or P W D Office (Kurla West) #1,19.084742494559833,72.89033326839397
Seepz Bus Station (Andheri East) #3,19.127991965222968,72.87492591551165
Desai Bungalow (Thane) #2,19.20516274953639,72.97802568837697
Mahapour Niwas Or Shivaji Park #2,19.028814835302416,72.83767035276125
Kalpana Cinema,19.07733145089284,72.87856516319466
Buddha Nagar (Kurla) #2,19.073618255320557,72.88028778129151
Kannamwar Nagar No 1 (Vikhroli) #2,19.113729144913865,72.93557015459632
Marina Enclave #2,19.20240623936422,72.816493812274
Shankar Wadi (Jogeshwari East) #2,19.12958144742279,72.85540829141902
Oshiwara Bridge (Jogeshwari West) #2,19.1484108648618,72.8431605070691
Mankhurd Station Road (Anushakti Nagar) #2,19.04269293624362,72.93085084505329
Mukund Company Or P W D Office (Kurla West) #2,19.084657765039047,72.88994890513231
Ahilyabai Holkar Chowk (Churchgate) #13,18.932146358757834,72.82756707298134
Ovale Village (Thane) #1,19.27426483958972,72.96032770552252
Reliance Energy Training Centre (Andheri East) #2,19.129445753506864,72.88222176513386
Jhankar Studio #2,19.27819548009339,72.87961809386576
Bhel Company #2,19.12089786305157,72.87459117364538
Shimpoli Telephone Exchange (Borivali West) #2,19.22394954768007,72.8401296736107
Wadala Church #8,19.018990852243366,72.85532989842001
CGS Dispensary (Antop Hill) #3,19.02951632676592,72.86369215153789
Madkebuwa Chowk (Parel) #6,19.0058,72.839
Chandivali Village (Powai) #2,19.114147110790164,72.89902548127412
Manpada (Thane) #2,19.235019949678207,72.97598840521668
Bhavishya Nidhi Bhavan (Kandivali West) #2,19.215360689168172,72.830949559813
Forest Office (Thane) #2,19.189012836892932,72.96450238219167
SRA Colony Vashi Naka (Chembur) #2,19.031059986038134,72.90266193419127
Venus Apartment (Mira Bhayandar),19.30875457628645,72.86089549875929
Kandivali Village (Kandivali West) #2,19.205368835157,72.84182294841003
Yashwantrao Chavan Pratishthan Or Mantralaya (Nariman Point) #2,18.925686316874753,72.82587292423105
Adarsh Nagar (Andheri West) #5,19.14512654152103,72.83129272168017
Chakala (Andheri East) #5,19.114848788713825,72.86062929433375
Malvani Village Or Malvani Church (Malad West) #2,19.196392172263824,72.80837822540235
Shindewadi (Dadar) #2,19.012184662878482,72.84385043845604
Bandra Talkies Or Shroff Eye Hospital (Bandra West) #3,19.061217719143386,72.83617923158607
Karamveer Vithalrao Yadav Chowk,18.99747468298538,72.82698873466443
Santacruz Police Station (Santacruz West) #4,19.082870811303977,72.83444388926075
Quinscent Heights,19.178572433438493,72.83249727116392
Hanuman Chowk (Mulund East) #4,19.1701635292758,72.95901856287144
Veer Kotwal Udyan Plaza (Dadar) #3,19.02172545995733,72.84227961226844
Poushmata Mandir (Thane) #2,19.281014951192432,72.95509735085678
Borivali Station West (Borivali West) #6,19.229159625867737,72.85612267378424
Sahyadri School (Thane) #2,19.19880925043184,72.9953283735933
Post and Telegraphs #2,19.169234424638734,72.94545449583158
Jagdusha Nagar (Ghatkopar West) #2,19.099630494951704,72.9084866971404
Indian Oil Nagar (Andheri West) #5,19.1288852046469,72.83114039355992
Shivaji Maidan Or Madina Masjid (Vikhroli West) #2,19.10365535192323,72.91515905473912
State Bank Bhandup Village,19.15149358744502,72.94544625531843
Sai Dham Society (Navi Mumbai) #2,19.01159263576284,73.0148808423452
Industrial Estate (Ghatkopar West) #2,19.09996105483823,72.91421403277731
Ahilyabai Holkar Chowk (Churchgate) #14,18.93622994038915,72.82743327586356
Dahisar Phatak West (Borivali West) #2,19.247493790694566,72.85915735005904
Kartavya Nagar (Wadala) #2,19.00776897068635,72.85917957146978
Vikhroli Village #2,19.104162159458728,72.93049123313521
Shree Saibaba Complex (Goregaon) #2,19.16861611324609,72.86745097668646
Pravasi Industrial Estate (Malad East) #4,19.17266767877103,72.85456614905641
Parsik Shiv Mandir (Thane) #2,19.203095681345165,73.00451934445145
Ovale Village (Thane) #2,19.274446184631728,72.96041152455423
New Agripada (Byculla West) #2,18.976273233383925,72.82732864902971
Sindhuwadi (Vidyavihar) #2,19.07780613087536,72.90394700553989
Sona Industries Premises (Jogeshwari East) #2,19.12577897521785,72.853507
Jain Mandir (Kandivali West) #2,19.201979079191844,72.84907986594725
Chowpati Band Stand (Malabar Hill) #2,18.955688605118112,72.80858505083941
Oshiwara Police Station (Andheri West) #2,19.147307718370442,72.83132908680763
Chikoowadi (Borivali West) #2,19.21975464836529,72.83847665889552
Agarwal Trade Centre #2,19.015706978413128,73.03847905390386
Powai Vihar Complex #2,19.11953619086093,72.9038712009349
NCPA Or Vidhan Bhawan (Nariman Point) #2,18.925391650409566,72.8246179125743
Marine Drive (Churchgate) #2,18.94099292886355,72.82394839938831
Lube India Company (Chembur) #2,19.006972600708107,72.90480131502105
Jain Mandir Samata Nagar (Kandivali East) #2,19.213388192920068,72.87273548958397
Anand Hospital (Dahisar East) #2,19.257788082393166,72.85931000000001
Narayan Pujari Nagar (Worli) #2,18.9946,72.8138
Gorai Creek (Borivali West) #3,19.232979834366713,72.82477406411219
Pratap Nagar (Bhandup West) #2,19.13908972376237,72.92375243712856
Mahalaxmi Temple (Cumballa Hill) #2,18.97617301572078,72.80753464037133
Marol Bhavan (Andheri East) #3,19.112461751924215,72.88273787760399
Minatai Thakre Maidan Or Anacin Company (Ghatkopar West) #2,19.098633543098703,72.91711718212224
Mora Village (Juhu) #2,19.117873956051245,72.8214598480926
Shanti Nagar (Madh) #2,19.15036489262451,72.7909895656414
Raghuvanshi Mill (Worli) #2,18.991996968643914,72.82434584176829
Dana Bazar (Navi Mumbai) #2,19.083544450439227,73.00835092423107
Bhandup Pumping Centre (Mulund East) #6,19.154485800572132,72.95813662698367
Rani Laxmibai Chowk,19.04208240268157,72.86379236278063
Maharana Pratap Chowk Mulund (Mulund West) #4,19.183471230048998,72.95352813164665
Master Wadi (Madh) #2,19.152372266873595,72.79029775214957
Babulnath Junction (Gamdevi) #4,18.95921992634843,72.80993720533775
Dharavi Flyover Or Mahim Phatak (Sheshwadi) #2,19.046255793981775,72.8505331334758
Bela Nivas (Andheri East) #2,19.114166008159373,72.86178996157378
Jay Shastri Nagar (Mulund West) #2,19.17145803390655,72.93386809937097
Prarthana Samaj (Girgaon) #4,18.958061888839882,72.82033400000002
Shivaji Nagar (Madh) #2,19.141501159337253,72.79413172387315
Hindustan Steel Company Or Chaudhary Charan Singh Chowk (Kandivali West) #4,19.208067467109434,72.82936666472388
P W D Ground (Chedda Nagar) #2,19.06763761103135,72.90992413901566
Hiranandani Gate Thane West #2,19.249909310608423,72.97936154509782
Peru Baug (Goregaon West) #2,19.16625889206655,72.85292874487877
Jagatdeo Narayan Verma Chowk or Kapol Niwas (Matunga East) #3,19.022644210188886,72.85162348490954
C A Institute,19.06132947259021,72.86746518781557
Dwarkadhish Society,19.1666176034552,72.83314196865776
Navjeevan Society (Kamathipura) #3,18.965114146564854,72.81972463864041
Parijat (Bandra West) #2,19.0509760508524,72.83022720122338
